corp_code,corp_name,stock_code,business_year,fs_label,revenue_current,revenue_previous,op_current,op_previous,revenue_account_name,op_account_name,current_period_name,previous_period_name
00378363,3S,060310,2023,연결재무제표,41857755025.0,27110628415.0,2180508808.0,1452134065.0,매출액,영업이익,제 33 기,제 32 기
00378363,3S,060310,2024,연결재무제표,43595351592.0,41857755025.0,1164030344.0,2180508808.0,매출액,영업이익,제 34 기,제 33 기
00378363,3S,060310,2025,연결재무제표,29022184967.0,43595351592.0,-5831286169.0,1164030344.0,매출액,영업이익,제 35 기,제 34 기
00365387,AJ네트웍스,095570,2023,연결재무제표,1001975993554.0,1193651665953.0,78385856886.0,76418662736.0,영업수익,영업이익,제 24 기,제 23 기
00365387,AJ네트웍스,095570,2024,연결재무제표,1014156314426.0,936525061005.0,72790207643.0,78472288742.0,영업수익,영업이익(손실),제 25 기,제 24 기
00365387,AJ네트웍스,095570,2025,연결재무제표,1070114469000.0,964641518000.0,71548375000.0,76256280000.0,영업수익,영업이익(손실),제 26 기,제 25 기
00125080,AK홀딩스,006840,2023,연결재무제표,4479660141625.0,3787959855335.0,279123890558.0,-21822473627.0,수익(매출액),영업이익(손실),제 54 기,제 53 기
00125080,AK홀딩스,006840,2024,연결재무제표,4488280532801.0,4479660141625.0,130320128409.0,279123890558.0,수익(매출액),영업이익(손실),제 55 기,제 54 기
00125080,AK홀딩스,006840,2025,연결재무제표,3235721337340.0,3810134357114.0,-147853720731.0,51103013034.0,수익(매출액),영업이익(손실),제 56 기,제 55 기
00296078,APS,054620,2023,연결재무제표,41047387923.0,40821934034.0,-18603977383.0,-15269627833.0,수익(매출액),영업이익(손실),제 28 기,제 27 기
00296078,APS,054620,2024,연결재무제표,93965013528.0,41047387923.0,-22637555084.0,-18603977383.0,수익(매출액),영업이익(손실),제 29 기,제 28 기
00296078,APS,054620,2025,연결재무제표,84866669022.0,93965013528.0,-6849442482.0,-22637555084.0,수익(매출액),영업이익(손실),제 30 기,제 29 기
00445160,APS이노베이션,079810,2023,연결재무제표,127353695998.0,50156594629.0,1747811023.0,-4537959489.0,수익(매출액),영업이익(손실),제 23 기,제 22 기
00445160,APS이노베이션,079810,2024,연결재무제표,146374220970.0,127353695998.0,5356271874.0,1747811023.0,수익(매출액),영업이익(손실),제 24 기,제 23 기
00445160,APS이노베이션,079810,2025,연결재무제표,73985134062.0,146374220970.0,2549522798.0,5356271874.0,매출액,영업이익,제 25 기,제 24 기
01203808,AP시스템,265520,2023,연결재무제표,533579250430.0,486607636185.0,60121226139.0,90485155839.0,수익(매출액),영업이익(손실),제 7 기,제 6 기
01203808,AP시스템,265520,2024,연결재무제표,516698011486.0,533579250430.0,47190207802.0,60121226139.0,매출액,영업이익(손실),제 8 기,제 7 기
01203808,AP시스템,265520,2025,연결재무제표,460144858180.0,516698011486.0,33328136683.0,47190207802.0,매출액,영업이익(손실),제 9 기,제 8 기
00874803,AP위성,211270,2023,별도재무제표,49434135093.0,53604126086.0,10071432183.0,4494271143.0,수익(매출액),영업이익(손실),제 13 기,제 12 기
00874803,AP위성,211270,2024,별도재무제표,58631773787.0,49434135093.0,7300333201.0,10071432183.0,수익(매출액),영업이익(손실),제 14 기,제 13 기
00874803,AP위성,211270,2025,별도재무제표,47812373057.0,58631773787.0,-4301222143.0,7300333201.0,수익(매출액),영업이익(손실),제 15 기,제 14 기
00219097,BGF,027410,2023,연결재무제표,443173612089.0,434997439995.0,70546076287.0,61203792653.0,매출액,영업이익,제 30 기,제 29 기
00219097,BGF,027410,2024,연결재무제표,434085472661.0,356392506416.0,55229112297.0,60569749600.0,매출액,영업이익,제 31 기,제 30 기
00219097,BGF,027410,2025,연결재무제표,469468454559.0,434085472661.0,61173853919.0,55229112297.0,매출액,영업이익,제 32 기,제 31 기
01263022,BGF리테일,282330,2023,연결재무제표,8194753978897.0,7615769467741.0,253187753623.0,252407573570.0,매출액,영업이익(손실),제 7 기,제 6 기
01263022,BGF리테일,282330,2024,연결재무제표,8698757469111.0,8194753978897.0,251641247239.0,253187753623.0,매출액,영업이익,제 8 기,제 7 기
01263022,BGF리테일,282330,2025,연결재무제표,9061216107616.0,8698757469111.0,253947326677.0,251641247239.0,매출액,영업이익,제 9 기,제 8 기
00599595,BGF에코머티리얼즈,126600,2023,연결재무제표,285658919446.0,263301590668.0,17193108658.0,15925460652.0,매출액,영업이익,제 27 기,제 26 기
00599595,BGF에코머티리얼즈,126600,2024,연결재무제표,364314391661.0,285658919446.0,14010519555.0,17193108658.0,매출액,영업이익,제 28 기,제 27 기
00599595,BGF에코머티리얼즈,126600,2025,연결재무제표,397885888276.0,364314391661.0,17346417585.0,14010519555.0,매출액,영업이익,제 29 기,제 28 기
00858364,BNK금융지주,138930,2023,연결재무제표,583301855699.0,591778167120.0,801174464908.0,1156141210215.0,기타영업수익,영업이익(손실),제 13 기,제 12 기
00858364,BNK금융지주,138930,2024,연결재무제표,817000079756.0,583301855699.0,875919821432.0,801174464908.0,기타영업수익,영업이익(손실),제 14 기,제 13 기
00858364,BNK금융지주,138930,2025,연결재무제표,756684108170.0,817000079756.0,902681388425.0,875919821432.0,기타영업수익,영업이익(손실),제 15 기,제 14 기
00122579,BYC,001460,2023,연결재무제표,168401523886.0,169680336869.0,27498394275.0,25326353051.0,매출액,영업이익,제 69 기,제 68 기
00122579,BYC,001460,2024,연결재무제표,165207568941.0,168401523886.0,23832906913.0,27498394275.0,매출액,영업이익,제 70 기,제 69 기
00122579,BYC,001460,2025,연결재무제표,163166613171.0,165207568941.0,26573558468.0,23832906913.0,매출액,영업이익,제 71 기,제 70 기
00407814,CG인바이츠,083790,2023,연결재무제표,4878663471.0,4321329651.0,-30912972988.0,-23046289720.0,매출액,영업이익(손실),제 24 기,제 23 기
00407814,CG인바이츠,083790,2024,연결재무제표,7253270324.0,4878663471.0,-38813380435.0,-30912972988.0,수익(매출액),영업이익(손실),제 25 기,제 24 기
00407814,CG인바이츠,083790,2025,연결재무제표,27391445369.0,7253270324.0,-23757345761.0,-38813380435.0,매출액,영업이익(손실),제 26 기,제 25 기
00148540,CJ,001040,2023,연결재무제표,41352688159000.0,40924879773000.0,2039057889000.0,2154201790000.0,매출액,영업이익(손실),제 71 기,제 70 기
00148540,CJ,001040,2024,연결재무제표,43646656090000.0,41352688159000.0,2547483645000.0,2039057889000.0,수익(매출액),영업이익(손실),제 72 기,제 71 기
00148540,CJ,001040,2025,연결재무제표,45018829227000.0,43646656090000.0,2527738458000.0,2532252269000.0,총매출액,영업이익,제 73 기,제 72 기
00303873,CJ CGV,079160,2023,연결재무제표,1545839243146.0,1273191852459.0,49065796701.0,-70236132416.0,영업수익,영업이익(손실),제 25 기,제 24 기
00303873,CJ CGV,079160,2024,연결재무제표,1957884214182.0,1545839243146.0,75933768898.0,49065796701.0,영업수익,영업이익(손실),제 26 기,제 25 기
00303873,CJ CGV,079160,2025,연결재무제표,2275369359771.0,1957884214182.0,96217499551.0,75933768898.0,영업수익,영업이익(손실),제 27 기,제 26 기
00265324,CJ ENM,035760,2023,연결재무제표,4368360656512.0,4792237788876.0,-14600377588.0,137375904912.0,매출액,영업이익(손실),제 30 기,제 29 기
00265324,CJ ENM,035760,2024,연결재무제표,5231360073502.0,4368360656512.0,104478244497.0,-14600377588.0,매출액,영업이익(손실),제 31 기,제 30 기
00265324,CJ ENM,035760,2025,연결재무제표,5134511101925.0,5231360073502.0,132887741945.0,104478244497.0,매출액,영업이익(손실),제 32 기,제 31 기
01071041,CJ 바이오사이언스,311690,2023,연결재무제표,5575053720.0,4074661697.0,-32056613825.0,-33233168641.0,수익(매출액),영업이익(손실),제 15 기,제 14 기
01071041,CJ 바이오사이언스,311690,2024,연결재무제표,3466535834.0,5575053720.0,-34241072033.0,-32056613825.0,매출액,영업이익(손실),제 16 기,제 15 기
01071041,CJ 바이오사이언스,311690,2025,연결재무제표,3692528456.0,3466535834.0,-24785824846.0,-34241072033.0,매출액,영업이익(손실),제 17 기,제 16 기
00113410,CJ대한통운,000120,2023,연결재무제표,11767893663269.0,12130712862374.0,480234863157.0,411786887242.0,매출액,영업이익(손실),제 114 기,제 113 기
00113410,CJ대한통운,000120,2024,연결재무제표,12116761147160.0,11767893663269.0,530663067133.0,480234863157.0,매출액,영업이익(손실),제 115 기,제 114 기
00113410,CJ대한통운,000120,2025,연결재무제표,12284652471280.0,12116761147160.0,508080820628.0,530663067133.0,매출액,영업이익(손실),제 116 기,제 115 기
00129013,CJ씨푸드,011150,2023,연결재무제표,148348807287.0,152701471935.0,4139339998.0,4135027843.0,매출액,영업이익(손실),제 48 기,제 47 기
00129013,CJ씨푸드,011150,2024,연결재무제표,193717170281.0,148348807287.0,4357856052.0,4139339998.0,매출액,영업이익(손실),제 49 기,제 48 기
00129013,CJ씨푸드,011150,2025,연결재무제표,192117633850.0,193717170281.0,-909622524.0,4357856052.0,매출액,영업이익(손실),제 50 기,제 49 기
00635134,CJ제일제당,097950,2023,연결재무제표,29023472909000.0,30079513121000.0,1291582413000.0,1664708210000.0,매출액,영업이익,제 17 기,제 16 기
00635134,CJ제일제당,097950,2024,연결재무제표,29359081823000.0,29023472909000.0,1553017638000.0,1291582413000.0,매출액,영업이익,제 18 기,제 17 기
00635134,CJ제일제당,097950,2025,연결재무제표,27342589100000.0,27239748024000.0,1233604641000.0,1452067669000.0,수익(매출액),영업이익(손실),제 19 기,제 18 기
00127954,CJ프레시웨이,051500,2023,연결재무제표,3074242286759.0,2747691651727.0,99255535636.0,97840086516.0,매출액,영업이익(손실),제 36 기,제 35 기
00127954,CJ프레시웨이,051500,2024,연결재무제표,3224779013185.0,3074242286759.0,94025267830.0,99255535636.0,매출액,영업이익(손실),제 37 기,제 36 기
00127954,CJ프레시웨이,051500,2025,연결재무제표,3481081567935.0,3224779013185.0,101652510024.0,94025267830.0,매출액,영업이익(손실),제 38 기,제 37 기
00380429,CMG제약,058820,2023,연결재무제표,93906675105.0,82197409668.0,3036940781.0,2981395714.0,수익(매출액),영업이익(손실),제 23 기,제 22 기
00380429,CMG제약,058820,2024,연결재무제표,99099733323.0,93906675105.0,1020328528.0,3036940781.0,수익(매출액),영업이익(손실),제 24 기,제 23 기
00380429,CMG제약,058820,2025,연결재무제표,105229184685.0,99099733323.0,-3692472431.0,1020328528.0,매출액,영업이익,제 25 기,제 24 기
00318662,CNT85,056730,2023,별도재무제표,50169908998.0,32080799484.0,881111019.0,1527966021.0,매출액,영업이익(손실),제 28 기,제 27 기
00318662,CNT85,056730,2024,별도재무제표,67038863257.0,50169908998.0,-1406893491.0,881111019.0,매출액,영업이익(손실),제 29 기,제 28 기
00318662,CNT85,056730,2025,별도재무제표,47500876149.0,67038863257.0,-11269330726.0,-1406893491.0,매출액,영업이익(손실),제 30 기,제 29 기
00303703,CS,065770,2023,연결재무제표,33661402007.0,35182635211.0,-1576925628.0,-4133560963.0,매출액,영업이익(손실),제 25 기,제 24 기
00303703,CS,065770,2024,연결재무제표,37172496286.0,33661402007.0,-199946833.0,-1576925628.0,매출액,영업이익(손실),제 26 기,제 25 기
00303703,CS,065770,2025,연결재무제표,23640234124.0,37172496286.0,-1182774586.0,-199946833.0,매출액,영업이익(손실),제 27 기,제 26 기
00406037,CSA 코스믹,083660,2023,연결재무제표,44586544406.0,61199059267.0,-5907776504.0,-9265722999.0,매출액,영업이익(손실),제 35 기,제 34 기
00406037,CSA 코스믹,083660,2024,연결재무제표,36380940773.0,44586544406.0,-3773889414.0,-5907776504.0,매출액,영업이익(손실),제 36 기,제 35 기
00406037,CSA 코스믹,083660,2025,연결재무제표,27930330148.0,36380940773.0,-5633988964.0,-3773889414.0,매출액,영업이익(손실),제 37 기,제 36 기
00149026,CS홀딩스,000590,2023,연결재무제표,171965239524.0,175266452048.0,19128717935.0,15632045335.0,영업수익,영업이익,제 76 기,제 75 기
00149026,CS홀딩스,000590,2024,연결재무제표,141950747269.0,171965239524.0,22314081505.0,19128717935.0,영업수익,영업이익,제 77 기,제 76 기
00149026,CS홀딩스,000590,2025,연결재무제표,134870815287.0,141950747269.0,20215270547.0,22314081505.0,매출액,영업이익,제 78 기,제 77 기
00163345,DB,012030,2023,연결재무제표,458583862804.0,401345502158.0,37022768314.0,23608623380.0,매출액,영업이익(손실),제 47 기,제 46 기
00163345,DB,012030,2024,연결재무제표,587435690902.0,458583862804.0,29627168728.0,37022768314.0,매출액,영업이익,제 48 기,제 47 기
00163345,DB,012030,2025,연결재무제표,643464276938.0,587435690902.0,41599355858.0,29627168728.0,매출액,영업이익,제 49 기,제 48 기
00159102,DB손해보험,005830,2023,연결재무제표,4175650416966.0,4461365142881.0,2234997557489.0,2726046963754.0,투자영업수익,영업이익(손실),제 57 기,제 56 기
00159102,DB손해보험,005830,2024,연결재무제표,5756815463478.0,4175650416966.0,2424925603957.0,2234997557489.0,투자영업수익,영업이익(손실),제 58 기,제 57 기
00159102,DB손해보험,005830,2025,연결재무제표,5840353000000.0,5756815000000.0,2383950000000.0,2424926000000.0,투자영업수익,영업이익(손실),제 59 기,제 58 기
00115694,DB증권,016610,2023,연결재무제표,1206986042160.0,1223166577309.0,21296499824.0,23824123353.0,영업수익,영업이익(손실),제 42 기,제 41 기
00115694,DB증권,016610,2024,연결재무제표,1318537932981.0,1206986042160.0,61858580381.0,21296499824.0,영업수익,영업이익(손실),제 43 기,제 42 기
00115694,DB증권,016610,2025,연결재무제표,1921987648624.0,1318537932981.0,116698438500.0,61858580381.0,영업수익,영업이익(손실),제 44 기,제 43 기
00160843,DB하이텍,000990,2023,연결재무제표,1154223638940.0,1669476722276.0,265437456373.0,761884807377.0,수익(매출액),영업이익(손실),제 71 기,제 70 기
00160843,DB하이텍,000990,2024,연결재무제표,1131167709804.0,1154223638940.0,190838683363.0,265437456373.0,수익(매출액),영업이익(손실),제 72 기,제 71 기
00160843,DB하이텍,000990,2025,연결재무제표,1397233307039.0,1131167709804.0,277294561174.0,190838683363.0,수익(매출액),영업이익(손실),제 73 기,제 72 기
00627029,DGI,099520,2023,연결재무제표,13391973891.0,25873130375.0,-4392338334.0,422357578.0,매출액,영업이익(손실),제 26 기,제 25 기
00627029,DGI,099520,2024,연결재무제표,21360983111.0,13391973891.0,503079763.0,-4392338334.0,매출액,영업이익(손실),제 27 기,제 26 기
00627029,DGI,099520,2025,연결재무제표,25172528475.0,21360983111.0,-3299650687.0,503079763.0,매출액,영업이익(손실),제 28 기,제 27 기
00126089,DH오토넥스,000300,2023,연결재무제표,32790275265.0,50206345165.0,-29945679316.0,-3650120030.0,매출액,영업이익(손실),제 58 기,제 57 기
00126089,DH오토넥스,000300,2024,연결재무제표,32380378302.0,32790275265.0,-8564101590.0,-29945679316.0,매출액,영업이익(손실),제 59 기,제 58 기
00126089,DH오토넥스,000300,2025,연결재무제표,40170942353.0,30009552048.0,3227554944.0,-5148055704.0,매출액,영업이익(손실),제 60 기,제 59 기
01182578,DH오토리드,290120,2023,연결재무제표,235592265722.0,225952601224.0,15774631616.0,22316017859.0,매출액,영업이익(손실),제 8 기,제 7 기
01182578,DH오토리드,290120,2024,연결재무제표,270395042990.0,235592265722.0,16539456188.0,15774631616.0,매출액,영업이익(손실),제 9 기,제 8 기
01182578,DH오토리드,290120,2025,연결재무제표,355590427771.0,270395042990.0,21921482734.0,16539456188.0,매출액,영업이익(손실),제 10 기,제 9 기
00110583,DH오토웨어,025440,2023,연결재무제표,393131714023.0,381809993242.0,2775900843.0,2321107281.0,매출액,영업손익,제 45 기,제 44 기
00110583,DH오토웨어,025440,2024,연결재무제표,371930569811.0,393131714023.0,1896227254.0,2775900843.0,매출액,영업이익(손실),제 46 기,제 45 기
00110583,DH오토웨어,025440,2025,연결재무제표,494366222632.0,371930569811.0,-4915767138.0,1896227254.0,매출액,영업손익,제 47 기,제 46 기
00108746,DKME,015590,2023,연결재무제표,137250775712.0,105673907331.0,12883589883.0,12936915150.0,수익(매출액),영업이익(손실),제 43 기,제 42 기
00108746,DKME,015590,2024,연결재무제표,136623566311.0,137250775712.0,10022114479.0,12883589883.0,수익(매출액),영업이익(손실),제 44 기,제 43 기
00108746,DKME,015590,2025,연결재무제표,133411972702.0,136623566311.0,10025825849.0,9474538202.0,매출액,영업이익(손실),제 45 기,제 44 기
00109693,DL,000210,2023,연결재무제표,5017815821242.0,5173707170177.0,150696391721.0,284470889015.0,매출액,영업이익(손실),제 77 기,제 76 기
00109693,DL,000210,2024,연결재무제표,5615368498981.0,5017815821242.0,412518392958.0,150696391721.0,매출액,영업이익,제 78 기,제 77 기
00109693,DL,000210,2025,연결재무제표,5326721292281.0,5615368498981.0,298546039560.0,412518392958.0,매출액,영업이익,제 79 기,제 78 기
01524093,DL이앤씨,375500,2023,연결재무제표,7991063616680.0,7496823679468.0,330659390232.0,496965230080.0,수익(매출액),영업이익(손실),제 3 기,제 2 기
01524093,DL이앤씨,375500,2024,연결재무제표,8318442435057.0,7991063616680.0,270944859542.0,330659390232.0,매출액,영업이익(손실),제 4 기,제 3 기
01524093,DL이앤씨,375500,2025,연결재무제표,7402425126660.0,8318442435057.0,386953267819.0,270944859542.0,매출액,영업이익(손실),제 5 기,제 4 기
00361594,DMS,068790,2023,연결재무제표,164525351844.0,317047865401.0,28921463099.0,53542181519.0,매출액,영업이익,제 25 기,제 24 기
00361594,DMS,068790,2024,연결재무제표,167787547562.0,307056798172.0,30645330986.0,72776348454.0,매출액,영업이익,제 26 기,제 25 기
00361594,DMS,068790,2025,연결재무제표,155471297435.0,109594448763.0,4236043807.0,-3924687216.0,수익(매출액),영업이익,제 27 기,제 26 기
00116949,DN오토모티브,007340,2023,연결재무제표,3269243065116.0,3156376223570.0,490389697147.0,421528485860.0,매출액,영업이익(손실),제 53 기,제 52 기
00116949,DN오토모티브,007340,2024,연결재무제표,3434542268000.0,3269243065000.0,522916807000.0,490389696000.0,매출액,영업이익(손실),제 54 기,제 53 기
00116949,DN오토모티브,007340,2025,연결재무제표,3675704255000.0,3434542268000.0,527907609000.0,522916807000.0,매출액,영업이익,제 55 기,제 54 기
00118266,DRB동일,004840,2023,연결재무제표,737777767832.0,661814016477.0,35845945523.0,12110321241.0,매출,영업이익(손실),제 58 기,제 57 기
00118266,DRB동일,004840,2024,연결재무제표,752688127961.0,737777767832.0,21870057763.0,35845945523.0,매출,영업이익(손실),제 59 기,제 58 기
00118266,DRB동일,004840,2025,연결재무제표,802745958892.0,752688127961.0,24894014874.0,21870057763.0,매출,영업이익(손실),제 60 기,제 59 기
01109715,DSC인베스트먼트,241520,2023,연결재무제표,33564906112.0,33775348328.0,17544942089.0,18844849182.0,영업수익,영업이익(손실),제 12 기,제 11 기
01109715,DSC인베스트먼트,241520,2024,연결재무제표,38626549523.0,33564906112.0,14954394099.0,17544942089.0,영업수익,영업이익(손실),제 13 기,제 12 기
01109715,DSC인베스트먼트,241520,2025,연결재무제표,45138188422.0,38626549523.0,22339147639.0,14954394099.0,영업수익,영업이익(손실),제 14 기,제 13 기
00110608,DSR,155660,2023,연결재무제표,291095086618.0,367456836231.0,24261853627.0,35774891408.0,수익(매출액),영업이익(손실),제 60 기,제 59 기
00110608,DSR,155660,2024,연결재무제표,299809123352.0,291095086618.0,15340514051.0,24261853627.0,수익(매출액),영업이익(손실),제 61 기,제 60 기
00110608,DSR,155660,2025,연결재무제표,302389824368.0,299809123352.0,19291739606.0,15340514051.0,매출액,영업이익,제 62 기,제 61 기
00151298,DSR제강,069730,2023,별도재무제표,212953620629.0,261687161748.0,23494981828.0,26367413746.0,매출액,영업이익,제 53 기,제 52 기
00151298,DSR제강,069730,2024,별도재무제표,215582385097.0,212953620629.0,19511056524.0,23494981828.0,매출액,영업이익,제 54 기,제 53 기
00151298,DSR제강,069730,2025,연결재무제표,226550389881.0,215582385097.0,28035487957.0,19511056524.0,매출액,영업이익,제 55 기,제 54 기
00108612,DS단석,017860,2023,연결재무제표,1070440042557.0,1133719963759.0,76240446307.0,73985310875.0,매출액,영업이익,제 40 기,제 39 기
00108612,DS단석,017860,2024,연결재무제표,961722369625.0,1070440042557.0,12187575770.0,76240446307.0,수익(매출액),영업이익(손실),제 41 기,제 40 기
00108612,DS단석,017860,2025,연결재무제표,954873741956.0,961722369625.0,7982184722.0,12187575770.0,수익(매출액),영업이익(손실),제 42 기,제 41 기
00995993,DXVX,180400,2023,연결재무제표,46745087441.0,32184379157.0,-12084041763.0,2634286404.0,매출액,영업이익(손실),제 23 기,제 22 기
00995993,DXVX,180400,2024,연결재무제표,33946577478.0,41243654577.0,-21596592945.0,-15449039642.0,매출액,영업이익(손실),제 24 기,제 23 기
00995993,DXVX,180400,2025,연결재무제표,29356591144.0,33946577478.0,-24317408362.0,-21596592945.0,매출액,영업이익(손실),제 25 기,제 24 기
00117726,DYP,092780,2023,연결재무제표,421732458047.0,397883097756.0,13298980181.0,7437519525.0,매출액,영업이익,제 47 기,제 46 기
00117726,DYP,092780,2024,연결재무제표,431024695614.0,421732458047.0,9697465040.0,13298980181.0,매출액,영업이익,제 48 기,제 47 기
00117726,DYP,092780,2025,연결재무제표,459333394568.0,431024695614.0,16659372931.0,9697465040.0,영업수익,영업이익(손실),제 49 기,제 48 기
00165583,E1,017940,2023,연결재무제표,7827737066529.0,7990767897663.0,93175065859.0,278730692433.0,매출,영업이익,제 40 기,제 39 기
00165583,E1,017940,2024,연결재무제표,11192411812013.0,7827737066529.0,217605533069.0,93175065859.0,매출,영업이익,제 41 기,제 40 기
00165583,E1,017940,2025,연결재무제표,10392522604756.0,11192411812013.0,324063026338.0,223443150352.0,매출액,영업이익(손실),제 42 기,제 41 기
01516890,E8,418620,2023,연결재무제표,3665563019.0,309153551.0,-5250143490.0,-7707829743.0,영업수익,영업이익(손실),제 12 기,제 11 기
01516890,E8,418620,2024,연결재무제표,2285497728.0,3665563019.0,-10599051201.0,-5250143490.0,영업수익,영업이익(손실),제 13 기,제 12 기
01516890,E8,418620,2025,연결재무제표,1655496540.0,2285497728.0,-11246126269.0,-10599051201.0,영업수익,영업이익(손실),제 14 기,제 13 기
01182550,EDGC,245620,2023,연결재무제표,88456744573.0,94243692888.0,-9358686426.0,-9520183120.0,수익(매출액),영업이익(손실),제 11 기,제 10 기
01182550,EDGC,245620,2024,연결재무제표,30941997176.0,88456744573.0,-12631473944.0,-9358686426.0,수익(매출액),영업손실,제 12 기,제 11 기
01182550,EDGC,245620,2025,연결재무제표,7886099045.0,30941997176.0,-1596857542.0,-12631473944.0,수익(매출액),영업손실,제 13 기,제 12 기
00261054,EG,037370,2023,연결재무제표,61797981915.0,70189076829.0,-14353005712.0,-8562134701.0,수익(매출액),영업이익(손실),제 37 기,제 36 기
00261054,EG,037370,2024,연결재무제표,65213324318.0,61797981915.0,-5466140843.0,-14353005712.0,수익(매출액),영업이익(손실),제 38 기,제 37 기
00261054,EG,037370,2025,연결재무제표,62750627943.0,65213324318.0,-2165701772.0,-5466140843.0,수익(매출액),영업이익(손실),제 39 기,제 38 기
01117246,EMB,278990,2023,연결재무제표,24346097310.0,24281641358.0,806192008.0,1815836745.0,매출,영업이익(손실),제 11 기,제 10 기
01117246,EMB,278990,2024,연결재무제표,27684198177.0,24346097310.0,606849641.0,806192008.0,매출,영업이익(손실),제 12 기,제 11 기
01117246,EMB,278990,2025,연결재무제표,23779257831.0,27684198177.0,-5156553724.0,606849641.0,매출,영업이익(손실),제 13 기,제 12 기
01437186,ESR켄달스퀘어리츠,365550,2023,연결재무제표,52957789556.0,49482601960.0,24194866648.0,26079139969.0,영업수익,영업이익(손실),제 8 기,제 7 기
01437186,ESR켄달스퀘어리츠,365550,2024,연결재무제표,56876297402.0,55878154102.0,26551539946.0,28807156078.0,영업수익,영업이익(손실),제 10 기,제 9 기
01437186,ESR켄달스퀘어리츠,365550,2025,연결재무제표,59557601618.0,58696665274.0,25859163408.0,28703973058.0,영업수익,영업이익,제 12 기,제 11 기
00175623,ES큐브,050120,2023,연결재무제표,63333992892.0,75213651998.0,10789653339.0,15343412140.0,매출액,영업이익(손실),제 46 기,제 45 기
00175623,ES큐브,050120,2024,연결재무제표,16172075695.0,63333992892.0,-3743000293.0,10789653339.0,매출액,영업이익(손실),제 47 기,제 46 기
00175623,ES큐브,050120,2025,연결재무제표,13932072968.0,16172075695.0,-12834092193.0,-3743000293.0,매출액,영업이익(손실),제 48 기,제 47 기
01568413,F&F,383220,2023,연결재무제표,1978495535892.0,1808894546708.0,551835228989.0,524882680312.0,수익(매출액),영업이익(손실),제 3 기,제 2 기
01568413,F&F,383220,2024,연결재무제표,1896009590086.0,1978495535892.0,450737459737.0,551835228989.0,영업수익,영업이익,제 4 기,제 3 기
01568413,F&F,383220,2025,연결재무제표,1933995926896.0,1896009590086.0,468574150329.0,450737459737.0,매출액,영업이익,제 5 기,제 4 기
00126487,F&F 홀딩스,007700,2023,연결재무제표,1986296503879.0,1816814937477.0,514391689043.0,486231560356.0,수익(매출액),영업이익(손실),제 53 기,제 52 기
00126487,F&F 홀딩스,007700,2024,연결재무제표,1898301562891.0,1986296503879.0,416366707580.0,514391689043.0,매출액,영업이익,제 54 기,제 53 기
00126487,F&F 홀딩스,007700,2025,연결재무제표,1933800848582.0,1898301562891.0,434194766171.0,416366707580.0,매출액,영업이익,제 55 기,제 54 기
01061497,FSN,214270,2023,연결재무제표,175608088741.0,176540642026.0,-5966339136.0,-2148181923.0,영업수익,영업이익(손실),제 9 기,제 8 기
01061497,FSN,214270,2024,연결재무제표,265643193873.0,175608088741.0,831520855.0,-5966339136.0,영업수익,영업이익(손실),제 10 기,제 9 기
01061497,FSN,214270,2025,연결재무제표,272289535445.0,185400336138.0,30518488142.0,11081071741.0,영업수익,영업이익(손실),제 11 기,제 10 기
00220057,GC메디아이,032620,2023,연결재무제표,154040837400.0,133343230209.0,3509125932.0,7547744702.0,매출액,영업이익,제 30 기,제 29 기
00220057,GC메디아이,032620,2024,연결재무제표,190597484288.0,154040837400.0,5162631425.0,3509125932.0,매출액,영업이익,제 31 기,제 30 기
00220057,GC메디아이,032620,2025,연결재무제표,197696072009.0,190597484288.0,7522327112.0,5162631425.0,매출액,영업이익,제 32 기,제 31 기
00491938,GH신소재,130500,2023,연결재무제표,88767723394.0,86852635796.0,4696517331.0,3221779529.0,수익(매출액),영업이익(손실),제 23 기,제 22 기
00491938,GH신소재,130500,2024,연결재무제표,83724815100.0,82791500582.0,7667333768.0,4465317973.0,수익(매출액),영업이익(손실),제 24 기,제 23 기
00491938,GH신소재,130500,2025,연결재무제표,87624459425.0,83724815100.0,6843565684.0,7667333768.0,수익(매출액),영업이익(손실),제 25 기,제 24 기
00557508,GKL,114090,2023,연결재무제표,396693647873.0,262110551065.0,51017881015.0,-13917278200.0,수익(매출액),영업이익(손실),제 19 기,제 18 기
00557508,GKL,114090,2024,연결재무제표,396390016167.0,396693647873.0,38324545939.0,51017881015.0,수익(매출액),영업이익(손실),제 20 기,제 19 기
00557508,GKL,114090,2025,연결재무제표,422947217924.0,396390016167.0,52644453601.0,38324545939.0,수익(매출액),영업이익(손실),제 21 기,제 20 기
00110750,GMI벤처,019570,2023,연결재무제표,6950869622.0,6880519756.0,-10314460930.0,-17269386147.0,영업수익,영업이익(손실),제 38 기,제 37 기
00110750,GMI벤처,019570,2024,연결재무제표,10338209179.0,6950869622.0,1274207990.0,-10314460930.0,영업수익,영업이익(손실),제 39 기,제 38 기
00110750,GMI벤처,019570,2025,연결재무제표,12890638413.0,10338209179.0,3312889700.0,1274207990.0,영업수익,영업이익(손실),제 40 기,제 39 기
01170962,GRT,900290,2023,연결재무제표,4041639278.0,2310536095.0,414515313.0,282239373.0,매출액,영업이익,제 11 기,제 10 기
01170962,GRT,900290,2024,연결재무제표,4574221304.0,4041639278.0,798079282.0,414515313.0,매출액,영업이익,제 12 기,제 11 기
01170962,GRT,900290,2025,연결재무제표,4943342767.0,4574221304.0,707629590.0,798079282.0,수익(매출액),영업이익(손실),제 13 기,제 12 기
00500254,GS,078930,2023,연결재무제표,25978494000000.0,28582513000000.0,3721802000000.0,5120181000000.0,수익(매출액),영업이익(손실),제 20 기,제 19 기
00500254,GS,078930,2024,연결재무제표,25297467000000.0,25978494000000.0,3060163000000.0,3721802000000.0,수익(매출액),영업이익(손실),제 21 기,제 20 기
00500254,GS,078930,2025,연결재무제표,25184127000000.0,25249976000000.0,2936061000000.0,3077185000000.0,수익(매출액),영업이익(손실),제 22 기,제 21 기
00540863,GST,083450,2023,연결재무제표,279215395450.0,312847806399.0,42538138186.0,56941198199.0,수익(매출액),영업이익(손실),제 23 기,제 22 기
00540863,GST,083450,2024,연결재무제표,346227651802.0,279215395450.0,59081495358.0,42538138186.0,매출액,영업이익(손실),제 24 기,제 23 기
00540863,GST,083450,2025,연결재무제표,347158632861.0,333445882315.0,59172305188.0,58572066097.0,매출액,영업이익,제 25 기,제 24 기
00120030,GS건설,006360,2023,연결재무제표,13436684904471.0,12299196214752.0,-387945401071.0,554834830515.0,매출액,영업이익(손실),제 55 기,제 54 기
00120030,GS건설,006360,2024,연결재무제표,12863811468386.0,13436684904471.0,285954335787.0,-387945401071.0,매출액,영업이익(손실),제 56 기,제 55 기
00120030,GS건설,006360,2025,연결재무제표,12450347000000.0,12863811000000.0,437809000000.0,285954000000.0,영업수익,영업이익(손실),제 57 기,제 56 기
00138190,GS글로벌,001250,2023,연결재무제표,3916492566786.0,5070923117354.0,76519058573.0,70467603982.0,수익(매출액),영업이익(손실),제 73 기,제 72 기
00138190,GS글로벌,001250,2024,연결재무제표,4066493928000.0,3916492567000.0,77879797000.0,76519059000.0,수익(매출액),영업이익(손실),제 74 기,제 73 기
00138190,GS글로벌,001250,2025,연결재무제표,4109264561000.0,4066493928000.0,52300233000.0,77879797000.0,수익(매출액),영업이익(손실),제 75 기,제 74 기
00140177,GS리테일,007070,2023,연결재무제표,11612547920738.0,11031892705958.0,393955339623.0,360186160964.0,매출액,영업이익(손실),제 53 기,제 52 기
00140177,GS리테일,007070,2024,연결재무제표,11626920274913.0,11134149356918.0,239104876913.0,291782269134.0,매출액,영업이익(손실),제 54 기,제 53 기
00140177,GS리테일,007070,2025,연결재무제표,11957421688837.0,11579429708038.0,292119604403.0,256126253194.0,매출액,영업이익(손실),제 55 기,제 54 기
01882845,GS피앤엘,499790,2025,연결재무제표,481682588524.0,38321549330.0,78022623652.0,-38200717.0,매출액 및 지분법이익,영업이익(손실),제 2 기,제 1 기
00523936,HB솔루션,297890,2023,연결재무제표,96170053722.0,187600280055.0,6764041996.0,27124893443.0,매출액,영업이익(손실),제 23 기,제 22 기
00523936,HB솔루션,297890,2024,연결재무제표,131531306583.0,96170053722.0,19341641385.0,6764041996.0,매출액,영업이익(손실),제 24 기,제 23 기
00523936,HB솔루션,297890,2025,연결재무제표,62848643582.0,131531306583.0,4396138891.0,19341641385.0,수익(매출액),영업이익(손실),제 25 기,제 24 기
00309460,HB인베스트먼트,440290,2023,별도재무제표,20516634627.0,15928853534.0,10605665105.0,9290472963.0,영업수익,영업이익(손실),제 25 기,제 24 기
00309460,HB인베스트먼트,440290,2024,별도재무제표,15154239893.0,20516634627.0,6494612538.0,10605665105.0,영업수익,영업이익(손실),제 26 기,제 25 기
00309460,HB인베스트먼트,440290,2025,별도재무제표,17401010000.0,15154239893.0,7258048422.0,6494612538.0,영업수익,영업이익(손실),제 27 기,제 26 기
00255275,HB테크놀러지,078150,2023,연결재무제표,111647444745.0,148054514258.0,-22063146792.0,6859430052.0,수익(매출액),영업이익(손실),제 27 기,제 26 기
00255275,HB테크놀러지,078150,2024,연결재무제표,162368639166.0,111647444745.0,-16512183416.0,-22063146792.0,수익(매출액),영업이익(손실),제 28 기,제 27 기
00255275,HB테크놀러지,078150,2025,연결재무제표,160310839339.0,162368639166.0,6240826214.0,-16512183416.0,수익(매출액),영업이익(손실),제 29 기,제 28 기
00568461,HC보광산업,225530,2023,연결재무제표,85460172473.0,87471227933.0,18912752031.0,15372295022.0,매출액,영업이익(손실),제 20 기,제 19 기
00568461,HC보광산업,225530,2024,연결재무제표,63877146203.0,85460172473.0,8863028851.0,18912752031.0,매출액,영업이익(손실),제 21 기,제 20 기
00568461,HC보광산업,225530,2025,연결재무제표,38493462752.0,63877146203.0,-4871625215.0,8863028851.0,매출액,영업이익(손실),제 22 기,제 21 기
00288495,HC홈센타,060560,2023,연결재무제표,427496922550.0,432056654804.0,39719633111.0,23653111731.0,매출액,영업이익(손실),제 36 기,제 35 기
00288495,HC홈센타,060560,2024,연결재무제표,369039055143.0,427496922550.0,12312167768.0,39719633111.0,매출액,영업이익(손실),제 37 기,제 36 기
00288495,HC홈센타,060560,2025,연결재무제표,298824352914.0,369039055143.0,-18513534433.0,12312167768.0,매출액,영업이익(손실),제 38 기,제 37 기
00164636,HDC,012630,2023,연결재무제표,5908284632279.0,5044944531629.0,312643257338.0,158535478442.0,매출액,영업이익,제 47 기,제 46 기
00164636,HDC,012630,2024,연결재무제표,6200260255330.0,5908284632279.0,344698678103.0,312643257338.0,매출액,영업이익,제 48 기,제 47 기
00164636,HDC,012630,2025,연결재무제표,6584797969627.0,6200260255330.0,648868134224.0,344698678103.0,매출액,영업이익,제 49 기,제 48 기
00350312,HDC랩스,039570,2023,연결재무제표,606281889297.0,610731077048.0,10513214237.0,12308450303.0,수익(매출액),영업이익(손실),제 25 기,제 24 기
00350312,HDC랩스,039570,2024,연결재무제표,628807776981.0,606281889297.0,6401720348.0,10513214237.0,수익(매출액),영업이익(손실),제 26 기,제 25 기
00350312,HDC랩스,039570,2025,연결재무제표,645728085876.0,628807776981.0,10637118275.0,6401720348.0,수익(매출액),영업이익(손실),제 27 기,제 26 기
00357935,HDC현대EP,089470,2023,연결재무제표,1008120084643.0,1038391339478.0,33040068846.0,22557559038.0,매출액,영업이익(손실),제 24 기,제 23 기
00357935,HDC현대EP,089470,2024,연결재무제표,990565997299.0,1008120084643.0,32675739823.0,33040068846.0,매출액,영업이익,제 25 기,제 24 기
00357935,HDC현대EP,089470,2025,연결재무제표,992661845300.0,990565997299.0,49689342099.0,32675739823.0,수익(매출액),영업이익(손실),제 26 기,제 25 기
01205842,HD건설기계,267270,2023,연결재무제표,3824966876000.0,3515611921000.0,257228437000.0,170610025000.0,수익(매출액),영업이익(손실),제 7 기,제 6 기
01205842,HD건설기계,267270,2024,연결재무제표,3438062302000.0,3824966876000.0,190421614000.0,257228437000.0,수익(매출액),영업이익(손실),제 8 기,제 7 기
01205842,HD건설기계,267270,2025,연결재무제표,3776524012000.0,3438062302000.0,170883006000.0,190421614000.0,수익(매출액),영업이익(손실),제 9 기,제 8 기
00164830,HD한국조선해양,009540,2023,연결재무제표,21296205574000.0,17302020185000.0,282260719000.0,-355560593000.0,매출액,영업이익(손실),제 50 기,제 49 기
00164830,HD한국조선해양,009540,2024,연결재무제표,25538577356000.0,21296205574000.0,1434090492000.0,282260719000.0,매출액,영업이익,제 51 기,제 50 기
00164830,HD한국조선해양,009540,2025,연결재무제표,29933215227000.0,25538577356000.0,3904489578000.0,1434090492000.0,매출액,영업이익,제 52 기,제 51 기
01205709,HD현대,267250,2023,연결재무제표,61331302785000.0,60849668073000.0,2031563587000.0,3387008264000.0,수익(매출액),영업이익(손실),제 7 기,제 6 기
01205709,HD현대,267250,2024,연결재무제표,67765626088000.0,61331302785000.0,2983162778000.0,2031563587000.0,매출액,영업이익(손실),제 8 기,제 7 기
01205709,HD현대,267250,2025,연결재무제표,71259438270000.0,67765626088000.0,6099636253000.0,2983162778000.0,매출액,영업이익(손실),제 9 기,제 8 기
01194689,HD현대마린솔루션,443060,2024,연결재무제표,1745458578779.0,1430463166385.0,271729951500.0,201472478355.0,매출액,영업이익,제 9 기,제 8 기
01194689,HD현대마린솔루션,443060,2025,연결재무제표,1982700659426.0,1745458578779.0,350141338776.0,271729951500.0,매출액,영업이익,제 10 기,제 9 기
00406046,HD현대마린엔진,071970,2023,연결재무제표,245020790824.0,177460633009.0,17924999731.0,11120635288.0,수익(매출액),영업이익(손실),제 23 기,제 22 기
00406046,HD현대마린엔진,071970,2024,연결재무제표,315793988713.0,244368378750.0,33193655658.0,18379208500.0,수익(매출액),영업이익(손실),제 24 기,제 23 기
00406046,HD현대마린엔진,071970,2025,연결재무제표,402396221904.0,315793988713.0,75911594792.0,33193655658.0,매출액,영업이익,제 25 기,제 24 기
01199550,HD현대에너지솔루션,322000,2023,연결재무제표,546119805992.0,984812413122.0,17542859732.0,90165877747.0,매출액,영업이익,제 8 기,제 7 기
01199550,HD현대에너지솔루션,322000,2024,연결재무제표,422371216357.0,546119805992.0,3502725251.0,17542859732.0,매출액,영업이익,제 9 기,제 8 기
01199550,HD현대에너지솔루션,322000,2025,연결재무제표,492659873672.0,422371216357.0,41222890455.0,3502725251.0,매출액,영업이익,제 10 기,제 9 기
01205851,HD현대일렉트릭,267260,2023,연결재무제표,2702799337370.0,2104499487335.0,315218290721.0,133040987326.0,매출액,영업이익(손실),제 7 기,제 6 기
01205851,HD현대일렉트릭,267260,2024,연결재무제표,3322349007529.0,2702799337370.0,668970713547.0,315218290721.0,매출액,영업이익,제 8 기,제 7 기
01205851,HD현대일렉트릭,267260,2025,연결재무제표,4079497658529.0,3322349007529.0,995313437790.0,668970713547.0,매출액,영업이익,제 9 기,제 8 기
01390344,HD현대중공업,329180,2023,연결재무제표,11963925991000.0,9045480488000.0,178639965000.0,-289151153000.0,매출액,영업이익(손실),제 5 기,제 4 기
01390344,HD현대중공업,329180,2024,연결재무제표,14486453544000.0,11963925991000.0,705223483000.0,178639965000.0,매출액,영업이익(손실),제 6 기,제 5 기
01390344,HD현대중공업,329180,2025,연결재무제표,17580633257000.0,14486453544000.0,2037510103000.0,705223483000.0,매출액,영업이익,제 7 기,제 6 기
01480708,HEM파마,376270,2023,별도재무제표,5344041000.0,3667932078.0,-11761259820.0,-13242833549.0,매출액,영업이익(손실),제 8 기,제 7 기
01480708,HEM파마,376270,2024,별도재무제표,15067336854.0,5344041000.0,-7681695087.0,-11761259820.0,매출액,영업이익(손실),제 9 기,제 8 기
01480708,HEM파마,376270,2025,연결재무제표,12979352490.0,15067336854.0,-15583461635.0,-7681695087.0,매출액,영업이익(손실),제 10 기,제 9 기
00633835,HJ중공업,097230,2023,연결재무제표,2162073000000.0,1788163000000.0,-108787000000.0,6625000000.0,매출액,영업이익(손실),제 17 기,제 16 기
00633835,HJ중공업,097230,2024,연결재무제표,1885962000000.0,2162073000000.0,7252000000.0,-108787000000.0,매출액,영업이익(손실),제 18 기,제 17 기
00633835,HJ중공업,097230,2025,연결재무제표,1999705000000.0,1885962000000.0,67074000000.0,7252000000.0,매출액,영업이익(손실),제 19 기,제 18 기
01012066,HK이노엔,195940,2023,별도재무제표,828908232826.0,846521700634.0,65929937883.0,52525669263.0,매출액,영업이익,제 10 기,제 9 기
01012066,HK이노엔,195940,2024,별도재무제표,897141915178.0,828908232826.0,88224439067.0,65929937883.0,매출액,영업이익,제 11 기,제 10 기
01012066,HK이노엔,195940,2025,별도재무제표,1063151055391.0,897141915178.0,110876599063.0,88224439067.0,매출액,영업이익,제 12 기,제 11 기
00161116,HL D&I,014790,2023,연결재무제표,1571977582483.0,1472088271680.0,50663745426.0,52621392074.0,수익(매출액),영업이익(손실),제 44 기,제 43 기
00161116,HL D&I,014790,2024,연결재무제표,1578826536286.0,1571977582483.0,57892143574.0,50663745426.0,매출액,영업이익(손실),제 45 기,제 44 기
00161116,HL D&I,014790,2025,연결재무제표,1741923655122.0,1578826536286.0,79792369882.0,57892143574.0,매출액,영업이익(손실),제 46 기,제 45 기
00199252,HLB,028300,2023,연결재무제표,42900561196.0,179707913112.0,-125024740610.0,-74664893059.0,매출액,영업이익(손실),제 39 기,제 38 기
00199252,HLB,028300,2024,연결재무제표,68125727347.0,42900561196.0,-118516152929.0,-125024740610.0,수익(매출액),영업이익(손실),제 40 기,제 39 기
00199252,HLB,028300,2025,연결재무제표,84172574224.0,68125727347.0,-104217336541.0,-118516152929.0,매출액,영업이익(손실),제 41 기,제 40 기
00169048,HLB글로벌,003580,2023,연결재무제표,79865665763.0,44591899196.0,-12904274682.0,-14740243001.0,수익(매출액),영업이익(손실),제 62 기,제 61 기
00169048,HLB글로벌,003580,2024,연결재무제표,98261049794.0,79865665763.0,-3666767452.0,-12904274682.0,수익(매출액),영업이익(손실),제 63 기,제 62 기
00169048,HLB글로벌,003580,2025,연결재무제표,100285620415.0,92943395794.0,-9882955352.0,-2248651251.0,수익(매출액),영업이익(손실),제 64 기,제 63 기
01189438,HLB바이오스텝,278650,2023,연결재무제표,52814062371.0,86277023446.0,-1276200671.0,6414119685.0,영업수익,영업이익(손실),제 12 기,제 11 기
01189438,HLB바이오스텝,278650,2024,연결재무제표,58168784882.0,52814062371.0,-12965447083.0,-1276200671.0,영업수익,영업이익(손실),제 13 기,제 12 기
01189438,HLB바이오스텝,278650,2025,연결재무제표,74050095463.0,58168784882.0,-8616559710.0,-12965447083.0,영업수익,영업이익(손실),제 14 기,제 13 기
00365590,HLB생명과학,067630,2023,연결재무제표,97990440681.0,99591375508.0,-24532796122.0,-20161281928.0,매출액,영업이익(손실),제 26 기,제 25 기
00365590,HLB생명과학,067630,2024,연결재무제표,102240056015.0,97990440681.0,-24818721435.0,-24532796122.0,매출액,영업이익(손실),제 27 기,제 26 기
00365590,HLB생명과학,067630,2025,연결재무제표,45752222713.0,32770837921.0,-22026673756.0,-23764018654.0,매출액,영업이익(손실),제 28 기,제 27 기
00155586,HLB이노베이션,024850,2023,별도재무제표,20581331304.0,31429330620.0,-937587555.0,402391856.0,매출액,영업이익,제 47 기,제 46 기
00155586,HLB이노베이션,024850,2024,연결재무제표,25355832330.0,20581331304.0,-11882543282.0,-937587555.0,수익(매출액),영업이익(손실),제 48 기,제 47 기
00155586,HLB이노베이션,024850,2025,연결재무제표,32263951723.0,25355832330.0,-37551092502.0,-11882543282.0,수익(매출액),영업이익(손실),제 49 기,제 48 기
00983916,HLB제넥스,187420,2023,연결재무제표,27008338286.0,27801755545.0,-9463584731.0,-6224291882.0,수익(매출액),영업이익(손실),제 24 기,제 23 기
00983916,HLB제넥스,187420,2024,연결재무제표,35429798360.0,27008338286.0,-1876477095.0,-9463584731.0,수익(매출액),영업이익(손실),제 25 기,제 24 기
00983916,HLB제넥스,187420,2025,연결재무제표,43370322639.0,35429798360.0,1205667836.0,-1876477095.0,매출액,영업이익(손실),제 26 기,제 25 기
00336817,HLB제약,047920,2023,별도재무제표,135952754160.0,107481871523.0,-19542188127.0,-6436308218.0,매출액,영업이익(손실),제 26 기,제 25 기
00336817,HLB제약,047920,2024,별도재무제표,137082237869.0,135952754160.0,1473982285.0,-19542188127.0,매출액,영업이익(손실),제 27 기,제 26 기
00336817,HLB제약,047920,2025,연결재무제표,205581738650.0,137082237869.0,1063821221.0,1473982285.0,매출액,영업이익(손실),제 28 기,제 27 기
00552859,HLB테라퓨틱스,115450,2023,연결재무제표,53749062575.0,42402741736.0,-8700260456.0,-7506563227.0,수익(매출액),영업이익(손실),제 24 기,제 23 기
00552859,HLB테라퓨틱스,115450,2024,연결재무제표,54931940888.0,52590559930.0,-7624366419.0,-8726462321.0,수익(매출액),영업이익(손실),제 25 기,제 24 기
00552859,HLB테라퓨틱스,115450,2025,연결재무제표,69561353835.0,54931940888.0,-3534298673.0,-7624366419.0,매출액,영업이익(손실),제 26 기,제 25 기
00172079,HLB파나진,046210,2023,별도재무제표,12252030565.0,14171271710.0,-1839301535.0,1579214309.0,수익(매출액),영업이익(손실),제 48 기,제 47 기
00172079,HLB파나진,046210,2024,연결재무제표,13196916435.0,12252030565.0,-1361875528.0,-1839301535.0,수익(매출액),영업이익(손실),제 49 기,제 48 기
00172079,HLB파나진,046210,2025,연결재무제표,15049529734.0,13196916435.0,-3439822349.0,-1361875528.0,수익(매출액),영업이익(손실),제 50 기,제 49 기
00808086,HLB펩,196300,2023,별도재무제표,5610913009.0,8662260143.0,-6716761081.0,-4324860591.0,매출액,영업이익(손실),제 24 기,제 23 기
00808086,HLB펩,196300,2024,별도재무제표,6229007020.0,5610913009.0,-5439522485.0,-6716761081.0,매출액,영업이익(손실),제 25 기,제 24 기
00808086,HLB펩,196300,2025,별도재무제표,4961730622.0,6229007020.0,-7320194555.0,-5439522485.0,매출액,영업손실,제 26 기,제 25 기
01042775,HL만도,204320,2023,연결재무제표,8393086800929.0,7516163841233.0,279276996280.0,248102024875.0,매출액,영업이익,제 10 기,제 9 기
01042775,HL만도,204320,2024,연결재무제표,8848181871751.0,8393086800929.0,358760766831.0,279276996280.0,매출액,영업이익,제 11 기,제 10 기
01042775,HL만도,204320,2025,연결재무제표,9454812581023.0,8848181871751.0,357120974882.0,358760766831.0,매출액,영업이익,제 12 기,제 11 기
00299002,HL홀딩스,060980,2023,연결재무제표,1285533416647.0,1277106070054.0,92173966184.0,85846922824.0,수익(매출액),영업이익(손실),제 25 기,제 24 기
00299002,HL홀딩스,060980,2024,연결재무제표,1371086204119.0,1285533416647.0,90442516250.0,92173966184.0,매출 및 지분법손익,영업이익,제 26 기,제 25 기
00299002,HL홀딩스,060980,2025,연결재무제표,1335036122998.0,1371086204119.0,88690069899.0,90442516250.0,매출 및 지분법손익,영업이익,제 27 기,제 26 기
00164645,HMM,011200,2023,연결재무제표,8400969000000.0,18582770000000.0,584770000000.0,9949357000000.0,매출액,영업이익(손실),제 48 기,제 47 기
00164645,HMM,011200,2024,연결재무제표,11700224000000.0,8400969000000.0,3512847000000.0,584770000000.0,매출액,영업이익(손실),제 49 기,제 48 기
00164645,HMM,011200,2025,연결재무제표,10891443000000.0,11700224000000.0,1461202000000.0,3512847000000.0,매출액,영업이익(손실),제 50 기,제 49 기
01288827,HPSP,403870,2023,별도재무제표,179086660832.0,159336322822.0,95206074427.0,85174462019.0,매출액,영업이익(손실),제 7 기,제 6 기
01288827,HPSP,403870,2024,별도재무제표,181401607828.0,179086660832.0,93945693775.0,95206074427.0,매출액,영업이익(손실),제 8 기,제 7 기
01288827,HPSP,403870,2025,별도재무제표,172964572189.0,181401607828.0,89902342748.0,93945693775.0,매출액,영업이익,제 9 기,제 8 기
00230911,HRS,036640,2023,연결재무제표,78169020610.0,86095840519.0,12521004402.0,11438460937.0,매출액,영업이익,제 43 기,제 42 기
00230911,HRS,036640,2024,연결재무제표,80234100280.0,78169020610.0,14940303815.0,12521004402.0,수익(매출액),영업이익,제 44 기,제 43 기
00230911,HRS,036640,2025,연결재무제표,78910003465.0,80234100280.0,13417972161.0,14940303815.0,수익(매출액),영업이익,제 45 기,제 44 기
00140168,HS애드,035000,2023,연결재무제표,548333999026.0,530448053625.0,26444087237.0,24787300894.0,수익(매출액),영업이익(손실),제 40 기,제 39 기
00140168,HS애드,035000,2024,연결재무제표,554730448204.0,548333999026.0,29573201909.0,26444087237.0,수익(매출액),영업이익(손실),제 41 기,제 40 기
00140168,HS애드,035000,2025,연결재무제표,483850786724.0,554730448204.0,27495115023.0,29573201909.0,수익(매출액),영업이익(손실),제 42 기,제 41 기
00174527,HS화성,002460,2023,연결재무제표,908068526965.0,645706742562.0,25253673267.0,14545076827.0,매출액,영업이익,제 66 기,제 65 기
00174527,HS화성,002460,2024,연결재무제표,612780034467.0,908068526965.0,23733768464.0,25253673267.0,매출액,영업이익,제 67 기,제 66 기
00174527,HS화성,002460,2025,연결재무제표,659478953752.0,612780034467.0,43245443500.0,23733768464.0,매출액,영업이익,제 68 기,제 67 기
01854763,HS효성,487570,2025,연결재무제표,1409897041305.0,721844316379.0,46434295089.0,21384885138.0,매출액 및 지분법손익,영업이익,제 2 기,제 1 기
01316254,HS효성첨단소재,298050,2023,연결재무제표,3202331179495.0,3841372825700.0,172374384077.0,315070313327.0,매출액,영업이익,제 6 기,제 5 기
01316254,HS효성첨단소재,298050,2024,연결재무제표,3311227813004.0,3202331179495.0,219722228984.0,174078831457.0,매출액,영업이익,제 7 기,제 6 기
01316254,HS효성첨단소재,298050,2025,연결재무제표,3283044948859.0,3311227813004.0,157433130038.0,219722228984.0,매출액,영업이익,제 8 기,제 7 기
00534701,HT로보틱스,396300,2023,별도재무제표,86777674618.0,87638724987.0,1993701154.0,2253778350.0,매출액,영업이익(손실),제 25 기,제 24 기
00534701,HT로보틱스,396300,2024,별도재무제표,92337581175.0,86777674618.0,-2658884470.0,1993701154.0,매출액,영업이익(손실),제 26 기,제 25 기
00534701,HT로보틱스,396300,2025,별도재무제표,85827035655.0,92337581175.0,-1850263966.0,-2658884470.0,매출액,영업이익(손실),제 27 기,제 26 기
01792791,IBKS제24호스팩,469480,2025,별도재무제표,0.0,0.0,-36551950.0,-43366760.0,영업수익,영업이익(손실),제 3 기,제 2 기
00105101,INVENI,015360,2023,연결재무제표,1430505844000.0,1470167011000.0,57486508000.0,1459528000.0,영업수익,영업이익(손실),제 43 기,제 42 기
00105101,INVENI,015360,2024,연결재무제표,1160352396000.0,1142129455000.0,24270272000.0,13184350000.0,매출액,영업이익(손실),제 44 기,제 43 기
00105101,INVENI,015360,2025,연결재무제표,1327599497000.0,1160352396000.0,111715072000.0,24270272000.0,매출액,영업이익(손실),제 45 기,제 44 기
01310269,IPARK현대산업개발,294870,2023,연결재무제표,4190788148341.0,3298299641730.0,195313165155.0,116379700606.0,수익(매출액),영업이익(손실),제 6 기,제 5 기
01310269,IPARK현대산업개발,294870,2024,연결재무제표,4256233201783.0,4190788148341.0,184636983859.0,195313165155.0,수익(매출액),영업이익(손실),제 7 기,제 6 기
01310269,IPARK현대산업개발,294870,2025,연결재무제표,4147006988796.0,4256233201783.0,248613789437.0,184636983859.0,수익(매출액),영업이익(손실),제 8 기,제 7 기
00572905,ISC,095340,2023,연결재무제표,140221939908.0,178871264564.0,10736706776.0,55881597782.0,매출액,영업이익,제 23 기,제 22 기
00572905,ISC,095340,2024,연결재무제표,174480093980.0,140221939908.0,44784268057.0,10736706776.0,매출액,영업이익,제 24 기,제 23 기
00572905,ISC,095340,2025,연결재무제표,220194751972.0,174480093980.0,60053887115.0,44784268057.0,매출액,영업이익,제 25 기,제 24 기
01041828,JTC,950170,2023,연결재무제표,3687946958.0,1344490154.0,-1544254050.0,-8669973692.0,매출액,영업이익(손실),제 29 기,제 28 기
01041828,JTC,950170,2024,연결재무제표,16268208251.0,3687946958.0,2375396677.0,-1544254050.0,수익(매출액),영업이익(손실),제 30 기,제 29 기
01041828,JTC,950170,2025,연결재무제표,34026611684.0,16268208251.0,5242790064.0,2375396677.0,수익(매출액),영업이익,제 31 기,제 30 기
00225706,JW생명과학,234080,2023,연결재무제표,206860371797.0,188931165241.0,30861915611.0,27089253524.0,매출액,영업이익(손실),제 30 기,제 29 기
00225706,JW생명과학,234080,2024,연결재무제표,222478095665.0,206860371797.0,35857988755.0,30861915611.0,매출액,영업이익(손실),제 31 기,제 30 기
00225706,JW생명과학,234080,2025,연결재무제표,257829408646.0,222478095665.0,33244199432.0,35857988755.0,매출액,영업이익(손실),제 32 기,제 31 기
00110431,JW신약,067290,2023,연결재무제표,104234950412.0,102710439010.0,5627697721.0,4287385271.0,수익(매출액),영업이익(손실),제 43 기,제 42 기
00110431,JW신약,067290,2024,연결재무제표,93013748432.0,104234950412.0,9952528451.0,5627697721.0,수익(매출액),영업이익(손실),제 44 기,제 43 기
00110431,JW신약,067290,2025,연결재무제표,81043717132.0,93013748432.0,7455451177.0,9952528451.0,수익(매출액),영업이익(손실),제 45 기,제 44 기
00149947,JW중외제약,001060,2023,연결재무제표,748526707817.0,684351099249.0,100303770111.0,62960870729.0,매출액,영업이익(손실),제 68 기,제 67 기
00149947,JW중외제약,001060,2024,연결재무제표,719375756340.0,748526707817.0,82488136816.0,100303770111.0,수익(매출액),영업이익(손실),제 69 기,제 68 기
00149947,JW중외제약,001060,2025,연결재무제표,775298057923.0,719375756340.0,94460987932.0,82488136816.0,수익(매출액),영업이익(손실),제 70 기,제 69 기
00632304,JW홀딩스,096760,2023,연결재무제표,928071670924.0,864536430725.0,144899316626.0,103257348706.0,매출액,영업이익(손실),제 17 기,제 16 기
00632304,JW홀딩스,096760,2024,연결재무제표,887710032227.0,928071670924.0,146522860164.0,144899316626.0,매출액,영업이익(손실),제 18 기,제 17 기
00632304,JW홀딩스,096760,2025,연결재무제표,969565285593.0,887710032227.0,167899328921.0,146522860164.0,매출액,영업이익(손실),제 19 기,제 18 기
00258689,JYP Ent.,035900,2023,연결재무제표,566500542871.0,345892110215.0,169443909949.0,96631539970.0,매출액,영업이익,제 29 기,제 28 기
00258689,JYP Ent.,035900,2024,연결재무제표,601787883332.0,566500542871.0,128262269240.0,169443909949.0,매출액,영업이익,제 30 기,제 29 기
00258689,JYP Ent.,035900,2025,연결재무제표,821854634614.0,601787883332.0,155246094076.0,128262269240.0,매출액,영업이익,제 31 기,제 30 기
00876166,KBG,318000,2023,별도재무제표,21589233488.0,24346169031.0,4309941625.0,4105345034.0,수익(매출액),영업이익(손실),제 23 기,제 22 기
00876166,KBG,318000,2024,연결재무제표,24915425602.0,21589233488.0,3157229271.0,4309941625.0,수익(매출액),영업이익(손실),제 24 기,제 23 기
00876166,KBG,318000,2025,연결재무제표,23920820499.0,24915425602.0,2325929701.0,3157229271.0,매출,영업이익,제 25 기,제 24 기
00117629,KBI동양철관,008970,2023,연결재무제표,278300201937.0,266171679290.0,2197941485.0,7738462210.0,매출액,영업이익(손실),제 52 기,제 51 기
00117629,KBI동양철관,008970,2024,연결재무제표,250297485190.0,278300201937.0,6676989307.0,2197941485.0,매출액,영업이익(손실),제 53 기,제 52 기
00117629,KBI동양철관,008970,2025,연결재무제표,234784294346.0,250297485190.0,-1621771745.0,6676989307.0,매출액,영업이익(손실),제 54 기,제 53 기
00158024,KBI메탈,024840,2023,연결재무제표,685035268666.0,710479838197.0,7819137792.0,5359242952.0,수익(매출액),영업이익(손실),제 38 기,제 37 기
00158024,KBI메탈,024840,2024,연결재무제표,702691927333.0,685035268666.0,17495103034.0,7819137792.0,수익(매출액),영업이익(손실),제 39 기,제 38 기
00158024,KBI메탈,024840,2025,연결재무제표,758566539460.0,702691927333.0,24344855274.0,17495103034.0,매출액,영업이익,제 40 기,제 39 기
00120216,KB손해보험,002550,2023,연결재무제표,1810844000000.0,1873426000000.0,1021048000000.0,525028000000.0,투자영업수익,영업이익,제 66 기,제 65 기
00120216,KB손해보험,002550,2024,연결재무제표,2368081000000.0,1807567000000.0,1132732000000.0,967302000000.0,투자영업수익,영업이익,제 67 기,제 66 기
00120216,KB손해보험,002550,2025,연결재무제표,2384177000000.0,2368081000000.0,1141058000000.0,1132732000000.0,투자영업수익,영업이익,제 68 기,제 67 기
01622720,KB스타리츠,432320,2023,연결재무제표,28576063875.0,32462550585.0,-21428738638.0,11621649692.0,영업수익,영업이익(손실),제 3 기,제 2 기
01622720,KB스타리츠,432320,2024,연결재무제표,29781181411.0,65236944616.0,-26837382721.0,53364546417.0,영업수익,영업이익(손실),제 5 기,제 4 기
01622720,KB스타리츠,432320,2025,연결재무제표,30393926136.0,38188367891.0,-72447633526.0,26609651153.0,수익(매출액),영업이익(손실),제 7 기,제 6 기
00157539,KB오토시스,024120,2023,연결재무제표,203726077936.0,178041889332.0,4044593163.0,2437247196.0,수익(매출액),영업이익(손실),제 39 기,제 38 기
00157539,KB오토시스,024120,2024,연결재무제표,210230561356.0,203726077936.0,4634464789.0,4044593163.0,수익(매출액),영업이익(손실),제 40 기,제 39 기
00157539,KB오토시스,024120,2025,연결재무제표,214995786079.0,210230561356.0,8530895852.0,4634464789.0,수익(매출액),영업이익(손실),제 41 기,제 40 기
01816268,KB제29호스팩,478390,2025,별도재무제표,0.0,0.0,-38613140.0,-42154840.0,영업수익,영업이익(손실),제 2 기,제 1 기
01851650,KB제30호스팩,486630,2025,별도재무제표,0.0,0.0,-31331300.0,-31246340.0,영업수익,영업이익(손실),제 2 기,제 1 기
01866926,KB제31호스팩,492220,2025,별도재무제표,0.0,0.0,-85519389.0,-27807630.0,영업수익,영업이익(손실),제 2 기,제 1 기
00105466,KCC건설,021320,2023,별도재무제표,1909591995353.0,1893077679119.0,18146940552.0,-1091838620.0,매출액,영업이익,제 35 기,제 34 기
00105466,KCC건설,021320,2024,별도재무제표,1827039599960.0,1909591995353.0,64596859326.0,18146940552.0,매출액,영업이익(손실),제 36 기,제 35 기
00105466,KCC건설,021320,2025,별도재무제표,1833403452922.0,1827039599960.0,88337134847.0,64596859326.0,매출액,영업이익(손실),제 37 기,제 36 기
00159971,KC그린홀딩스,009440,2023,연결재무제표,698466593657.0,643354458253.0,-29862667318.0,11420550397.0,영업수익,영업이익(손실),제 51 기,제 50 기
00159971,KC그린홀딩스,009440,2024,연결재무제표,421050049185.0,642054100589.0,-65171150118.0,-23858394715.0,영업수익,영업이익(손실),제 52 기,제 51 기
00159971,KC그린홀딩스,009440,2025,연결재무제표,85959945472.0,429543515001.0,-1574279438.0,-65347168786.0,영업수익,영업이익(손실),제 53 기,제 52 기
00797364,KC코트렐,119650,2023,연결재무제표,436615281950.0,421583746860.0,-21089869641.0,3629851717.0,매출액,영업이익(손실),제 14 기,제 13 기
00797364,KC코트렐,119650,2024,연결재무제표,340939801353.0,431949345289.0,-67819541777.0,6912157109.0,매출액,영업이익(손실),제 15 기,제 14 기
00797364,KC코트렐,119650,2025,연결재무제표,192872605567.0,340939801353.0,-8864697161.0,-67819541777.0,수익(매출액),영업이익(손실),제 16 기,제 15 기
00111218,KD,044180,2023,연결재무제표,179411227278.0,97140112830.0,4402139918.0,-2263730874.0,수익 합계,영업이익(손실),제 50 기,제 49 기
00111218,KD,044180,2024,연결재무제표,157635399233.0,179411227278.0,2921575940.0,4402139918.0,"매출액 (주25,26)",영업이익(손실),제 51 기,제 50 기
00111218,KD,044180,2025,연결재무제표,27787097614.0,157635399233.0,-4267410006.0,2921575940.0,매출액,영업이익(손실),제 52 기,제 51 기
00589127,KEC,092220,2023,연결재무제표,206935260144.0,256171262590.0,-33000542024.0,18028423745.0,Ⅰ.매출,Ⅳ.영업이익(손실),제 18 기,제 17 기
00589127,KEC,092220,2024,연결재무제표,243169932842.0,206935260144.0,-13271186259.0,-33000542024.0,Ⅰ.매출,Ⅳ.영업이익(손실),제 19 기,제 18 기
00589127,KEC,092220,2025,연결재무제표,229616634285.0,243169932842.0,-21762491386.0,-13271186259.0,수익(매출액),Ⅳ.영업이익(손실),제 20 기,제 19 기
00138242,KG모빌리티,003620,2023,연결재무제표,3736368968570.0,3423340873291.0,12547597407.0,-111950027111.0,매출액,영업이익(손실),제 62 기,제 61 기
00138242,KG모빌리티,003620,2024,연결재무제표,3905069387798.0,3736368968570.0,1432909587.0,12547597407.0,매출액,영업이익(손실),제 63 기,제 62 기
00138242,KG모빌리티,003620,2025,연결재무제표,4303636808271.0,3905069387798.0,36155571131.0,1432909587.0,매출,영업이익(손실),제 64 기,제 63 기
00115676,KG스틸,016380,2023,연결재무제표,3429848200193.0,3819689027832.0,280410835368.0,340351530549.0,매출액,영업이익,제 42 기,제 41 기
00115676,KG스틸,016380,2024,연결재무제표,3300982020646.0,3429848200193.0,206016382810.0,280410835368.0,매출,영업이익,제 43 기,제 42 기
00115676,KG스틸,016380,2025,연결재무제표,3193444424500.0,3300982020646.0,150747044427.0,206016382810.0,매출,영업이익,제 44 기,제 43 기
00366137,KG에코솔루션,151860,2023,연결재무제표,7257169608818.0,4944241256184.0,309777861059.0,356188977348.0,수익(매출액),영업이익(손실),제 25 기,제 24 기
00366137,KG에코솔루션,151860,2024,연결재무제표,7284861546790.0,7257169608818.0,226534824514.0,309777861059.0,매출액,영업이익,제 26 기,제 25 기
00366137,KG에코솔루션,151860,2025,연결재무제표,7577196875286.0,7284861546790.0,191256023803.0,226534824514.0,매출액,영업이익,제 27 기,제 26 기
00264547,KG이니시스,035600,2023,연결재무제표,1344791853182.0,1177624552737.0,106275402446.0,106512396728.0,매출액,영업이익,제 26 기,제 25 기
00264547,KG이니시스,035600,2024,연결재무제표,1354336925346.0,1344791853182.0,60992821197.0,106275402446.0,수익(매출액),영업이익(손실),제 27 기,제 26 기
00264547,KG이니시스,035600,2025,연결재무제표,1358884614233.0,1354336925346.0,98558042415.0,60992821197.0,수익(매출액),영업이익(손실),제 28 기,제 27 기
00101220,KG케미칼,001390,2023,연결재무제표,8933057023552.0,6607355088852.0,442583708062.0,501083594243.0,매출액,영업이익,제 70 기,제 69 기
00101220,KG케미칼,001390,2024,연결재무제표,8863142439982.0,8933057023552.0,318801578803.0,442583708062.0,매출액,영업이익,제 71 기,제 70 기
00101220,KG케미칼,001390,2025,연결재무제표,9101646921664.0,8863142439982.0,305678686344.0,318801578803.0,매출액,영업이익,제 72 기,제 71 기
00405278,KG파이낸셜,046440,2023,연결재무제표,279579831420.0,276116842169.0,32980603114.0,40290909338.0,매출액,영업이익,제 24 기,제 23 기
00405278,KG파이낸셜,046440,2024,연결재무제표,266110739779.0,279579831420.0,7428647507.0,32980603114.0,매출액,영업이익,제 25 기,제 24 기
00405278,KG파이낸셜,046440,2025,연결재무제표,233770778965.0,266110739779.0,33125178713.0,7428647507.0,매출액,영업이익,제 26 기,제 25 기
00378628,KH바텍,060720,2023,연결재무제표,363572099173.0,336098444945.0,33607563323.0,35320949492.0,수익(매출액),영업이익(손실),제 32 기,제 31 기
00378628,KH바텍,060720,2024,연결재무제표,311011706199.0,363572099173.0,21858202762.0,33607563323.0,수익(매출액),영업이익(손실),제 33 기,제 32 기
00378628,KH바텍,060720,2025,연결재무제표,424904200489.0,311011706199.0,31752377839.0,21858202762.0,매출액,영업이익,제 34 기,제 33 기
00159740,KISCO홀딩스,001940,2023,연결재무제표,1541894306076.0,1810613446049.0,149275075244.0,197916716776.0,영업수익(매출액),영업이익(손실),제 68 기,제 67 기
00159740,KISCO홀딩스,001940,2024,연결재무제표,1013177626169.0,1541894306076.0,-3627526849.0,149275075244.0,매출액,영업이익,제 69 기,제 68 기
00159740,KISCO홀딩스,001940,2025,연결재무제표,825260643220.0,1013177626169.0,-70747195052.0,-3627526849.0,매출액,영업이익,제 70 기,제 69 기
00208134,KNN,058400,2023,연결재무제표,66077800047.0,65959982382.0,6091666941.0,6737900636.0,매출액,영업이익(손실),제 30 기,제 29 기
00208134,KNN,058400,2024,연결재무제표,68852610544.0,66077800047.0,4512857207.0,6091666941.0,매출액,영업이익(손실),제 31 기,제 30 기
00208134,KNN,058400,2025,연결재무제표,68506931399.0,68852610544.0,3194305734.0,4512857207.0,매출액,영업이익(손실),제 32 기,제 31 기
00191472,KPX케미칼,025000,2023,연결재무제표,911119635067.0,983579558669.0,58387011998.0,46513085397.0,매출액,영업이익,제 50 기,제 49 기
00191472,KPX케미칼,025000,2024,연결재무제표,913366713017.0,911119635067.0,45430191794.0,58387011998.0,매출액,영업이익(손실),제 51 기,제 50 기
00191472,KPX케미칼,025000,2025,연결재무제표,808350805037.0,868571273861.0,27395676155.0,38936642331.0,매출액,영업이익(손실),제 52 기,제 51 기
00587466,KPX홀딩스,092230,2023,연결재무제표,1207010159501.0,1240447444718.0,65375088832.0,55528882649.0,매출액,영업이익,제 18 기,제 17 기
00587466,KPX홀딩스,092230,2024,연결재무제표,1223942110308.0,1207010159501.0,51133047274.0,65375088832.0,매출액,영업이익(손실),제 19 기,제 18 기
00587466,KPX홀딩스,092230,2025,연결재무제표,1163725582000.0,1223942110308.0,42963988071.0,51133047274.0,매출액,영업이익,제 20 기,제 19 기
00112378,KR모터스,000040,2023,연결재무제표,78406266627.0,117058740510.0,-17856852211.0,-6234392973.0,매출액,영업이익(손실),제 63 기,제 62 기
00112378,KR모터스,000040,2024,연결재무제표,16024969823.0,13285788429.0,-4937030424.0,-6186427312.0,매출액,영업이익(손실),제 64 기,제 63 기
00112378,KR모터스,000040,2025,연결재무제표,13820791334.0,16024969823.0,-2891596054.0,-4937030424.0,매출액,영업이익(손실),제 65 기,제 64 기
00160232,KSS해운,044450,2023,연결재무제표,472602859921.0,445375789707.0,88361347360.0,69511091603.0,매출액,영업이익,제 40 기,제 39 기
00160232,KSS해운,044450,2024,연결재무제표,517929006796.0,472602859921.0,104082690245.0,88361347360.0,매출액,영업이익,제 41 기,제 40 기
00160232,KSS해운,044450,2025,연결재무제표,561395196426.0,517929006796.0,110332607762.0,104082690245.0,매출액,영업이익,제 42 기,제 41 기
00618410,KS인더스트리,101000,2023,연결재무제표,86351394044.0,74429394553.0,10864027236.0,-14552082087.0,매출액,영업이익(손실),제 20 기,제 19 기
00618410,KS인더스트리,101000,2024,연결재무제표,24686666088.0,24121095879.0,-749482718.0,-1197834705.0,매출액,영업이익(손실),제 21 기,제 20 기
00618410,KS인더스트리,101000,2025,연결재무제표,39447384534.0,24686666088.0,-4620553504.0,-749482718.0,수익(매출액),영업이익(손실),제 22 기,제 21 기
00372882,KTcs,058850,2023,연결재무제표,1035365640322.0,1029466970045.0,18723573550.0,24326774606.0,영업수익,영업이익(손실),제 23 기,제 22 기
00372882,KTcs,058850,2024,연결재무제표,1121341270752.0,1035365640322.0,6971273020.0,18723573550.0,영업수익,영업이익(손실),제 24 기,제 23 기
00372882,KTcs,058850,2025,연결재무제표,1042716672450.0,1121341270752.0,29806186634.0,6971273020.0,영업수익,영업이익,제 25 기,제 24 기
00372873,KTis,058860,2023,별도재무제표,592959670727.0,535783305933.0,20525095481.0,19544619038.0,영업수익,영업이익(손실),제 23 기,제 22 기
00372873,KTis,058860,2024,별도재무제표,603899372784.0,592959670727.0,20990586403.0,20525095481.0,영업수익,영업이익(손실),제 24 기,제 23 기
00372873,KTis,058860,2025,별도재무제표,588759964114.0,544410481821.0,24740241685.0,23638365531.0,영업수익,영업이익(손실),제 25 기,제 24 기
00486097,KT나스미디어,089600,2023,연결재무제표,146769140183.0,152393542122.0,20516812349.0,33052555800.0,영업수익,영업이익(손실),제 24 기,제 23 기
00486097,KT나스미디어,089600,2024,연결재무제표,142552394645.0,146769140183.0,19939583620.0,20516812349.0,영업수익,영업이익(손실),제 25 기,제 24 기
00486097,KT나스미디어,089600,2025,연결재무제표,117892709347.0,103825467382.0,12318190519.0,17467426179.0,영업수익,영업이익,제 26 기,제 25 기
01467451,KT밀리의서재,418470,2023,별도재무제표,56572748963.0,45829673556.0,10406126329.0,4169062311.0,영업수익,영업이익(손실),제 8 기,제 7 기
01467451,KT밀리의서재,418470,2024,별도재무제표,72598807189.0,56572748963.0,11001459438.0,10406126329.0,영업수익,영업이익,제 9 기,제 8 기
01467451,KT밀리의서재,418470,2025,별도재무제표,88189777012.0,72598807189.0,14370840675.0,11001459438.0,영업수익,영업이익,제 10 기,제 9 기
00223762,KT지니뮤직,043610,2023,연결재무제표,307040865232.0,286106152010.0,15360755595.0,13820761140.0,영업수익,영업이익(손실),제 33 기,제 32 기
00223762,KT지니뮤직,043610,2024,연결재무제표,301615219228.0,307040865232.0,12193400754.0,15360755595.0,영업수익,영업이익(손실),제 34 기,제 33 기
00223762,KT지니뮤직,043610,2025,연결재무제표,302854406475.0,301615219228.0,16168923135.0,12193400754.0,영업수익,영업이익(손실),제 35 기,제 34 기
00657987,KX,122450,2023,연결재무제표,403052353616.0,326266098023.0,62019517372.0,78631717079.0,수익(매출액),영업이익(손실),제 24 기,제 23 기
00657987,KX,122450,2024,연결재무제표,403781469771.0,403052353616.0,59706015673.0,62019517372.0,수익(매출액),영업이익(손실),제 25 기,제 24 기
00657987,KX,122450,2025,연결재무제표,346121725953.0,403781469771.0,38392482859.0,59706015673.0,매출액,영업이익,제 26 기,제 25 기
00276834,KX하이텍,052900,2023,연결재무제표,154677245205.0,156410515223.0,8121158891.0,12266224138.0,수익(매출액),영업이익(손실),제 27 기,제 26 기
00276834,KX하이텍,052900,2024,연결재무제표,132265152493.0,154677245205.0,9205894920.0,8121158891.0,수익(매출액),영업이익(손실),제 28 기,제 27 기
00276834,KX하이텍,052900,2025,연결재무제표,126276082558.0,132265152493.0,5356558422.0,9205894920.0,수익(매출액),영업이익(손실),제 29 기,제 28 기
00141389,KZ정밀,036560,2023,별도재무제표,138702144854.0,89066055501.0,20810009383.0,11969856632.0,수익(매출액),영업이익(손실),제 41 기,제 40 기
00141389,KZ정밀,036560,2024,별도재무제표,112713189198.0,138702144854.0,15202848992.0,20810009383.0,수익(매출액),영업이익(손실),제 42 기,제 41 기
00141389,KZ정밀,036560,2025,별도재무제표,110512771845.0,112713189198.0,10180084478.0,15202848992.0,수익(매출액),영업이익(손실),제 43 기,제 42 기
00412348,LB세미콘,061970,2023,연결재무제표,416870535040.0,524605333976.0,-12705033605.0,56796897447.0,수익(매출액),영업이익(손실),제 24 기,제 23 기
00412348,LB세미콘,061970,2024,연결재무제표,450864779668.0,416870535040.0,-18823421741.0,-12705033605.0,수익(매출액),영업이익(손실),제 25 기,제 24 기
00412348,LB세미콘,061970,2025,연결재무제표,479781936611.0,450864779668.0,-39800058194.0,-18823421741.0,수익(매출액),영업이익(손실),제 26 기,제 25 기
00231901,LB인베스트먼트,309960,2023,연결재무제표,27582188617.0,18525357387.0,8463269974.0,4765859547.0,영업수익,영업이익(손실),제 28 기,제 27 기
00231901,LB인베스트먼트,309960,2024,연결재무제표,30257378187.0,27582188617.0,10852356019.0,8463269974.0,영업수익,영업이익(손실),제 29 기,제 28 기
00231901,LB인베스트먼트,309960,2025,연결재무제표,26415002944.0,30257378187.0,9665347388.0,10852356019.0,영업수익,영업이익(손실),제 30 기,제 29 기
00593032,LF,093050,2023,연결재무제표,1900725823265.0,1968540364635.0,57379138443.0,185160686386.0,매출액,영업이익,제 18 기,제 17 기
00593032,LF,093050,2024,연결재무제표,1956268444555.0,1900725823265.0,126139587434.0,57379138443.0,매출액,영업이익,제 19 기,제 18 기
00593032,LF,093050,2025,연결재무제표,1882430252411.0,1956268444555.0,168111068247.0,126139587434.0,매출액,영업이익,제 20 기,제 19 기
00120021,LG,003550,2023,연결재무제표,7445336000000.0,7185987000000.0,1589013000000.0,1941380000000.0,매출및지분법손익,영업이익(손실),제 62 기,제 61 기
00120021,LG,003550,2024,연결재무제표,7175505000000.0,7445336000000.0,966842000000.0,1589013000000.0,매출및지분법손익,영업이익,제 63 기,제 62 기
00120021,LG,003550,2025,연결재무제표,7252547000000.0,7175505000000.0,912174000000.0,966842000000.0,매출및지분법손익,영업이익,제 64 기,제 63 기
00105873,LG디스플레이,034220,2023,연결재무제표,21330819000000.0,26151781000000.0,-2510164000000.0,-2085047000000.0,매출,영업이익(손실),제 39 기,제 38 기
00105873,LG디스플레이,034220,2024,연결재무제표,26615347000000.0,21330819000000.0,-560596000000.0,-2510164000000.0,매출,영업손실,제 40 기,제 39 기
00105873,LG디스플레이,034220,2025,연결재무제표,25810082000000.0,26615347000000.0,516977000000.0,-560596000000.0,매출,영업이익(손실),제 41 기,제 40 기
00356370,LG생활건강,051900,2023,연결재무제표,6804839370129.0,7185759184335.0,486981224742.0,711122934369.0,매출액,영업이익,제 23 기,제 22 기
00356370,LG생활건강,051900,2024,연결재무제표,6811918756741.0,6804839370129.0,459045912180.0,486981224742.0,매출액,영업이익,제 24 기,제 23 기
00356370,LG생활건강,051900,2025,연결재무제표,6355489977342.0,6811918756741.0,170688596929.0,459045912180.0,매출액,영업이익,제 25 기,제 24 기
00139834,LG씨엔에스,064400,2023,연결재무제표,5605300168000.0,4969651212000.0,464048383000.0,385394776000.0,매출,영업이익,제 37 기,제 36 기
00139834,LG씨엔에스,064400,2024,연결재무제표,5982627063000.0,5605300168000.0,512864077000.0,464048383000.0,매출,영업이익,제 38 기,제 37 기
00139834,LG씨엔에스,064400,2025,연결재무제표,6129542718000.0,5982627063000.0,551828295000.0,512864077000.0,매출,영업이익,제 39 기,제 38 기
01515323,LG에너지솔루션,373220,2023,연결재무제표,33745470000000.0,25598609000000.0,2163234000000.0,1213719000000.0,매출액,영업이익(손실),제 4 기,제 3 기
01515323,LG에너지솔루션,373220,2024,연결재무제표,25619585000000.0,33745470000000.0,575387000000.0,2163234000000.0,매출액,영업이익,제 5 기,제 4 기
01515323,LG에너지솔루션,373220,2025,연결재무제표,23671759000000.0,25619585000000.0,1346120000000.0,575387000000.0,매출액,영업이익,제 6 기,제 5 기
00231363,LG유플러스,032640,2023,연결재무제표,14372626000000.0,13905990000000.0,998031000000.0,1081260000000.0,영업수익,영업이익,제 28 기,제 27 기
00231363,LG유플러스,032640,2024,연결재무제표,14625198000000.0,14372626000000.0,863130000000.0,998031000000.0,영업수익,영업이익,제 29 기,제 28 기
00231363,LG유플러스,032640,2025,연결재무제표,15451745000000.0,14625198000000.0,892131000000.0,863130000000.0,영업수익,영업이익,제 30 기,제 29 기
00105961,LG이노텍,011070,2023,연결재무제표,20605290000000.0,19589409000000.0,830824000000.0,1271752000000.0,매출액,영업이익,제 48 기,제 47 기
00105961,LG이노텍,011070,2024,연결재무제표,21200755000000.0,20605290000000.0,706043000000.0,830824000000.0,매출액,영업이익,제 49 기,제 48 기
00105961,LG이노텍,011070,2025,연결재무제표,21896603000000.0,21200755000000.0,665007000000.0,706043000000.0,매출액,영업이익,제 50 기,제 49 기
00401731,LG전자,066570,2023,연결재무제표,84227765000000.0,83467318000000.0,3549074000000.0,3550972000000.0,매출액,영업이익,제 22 기,제 21 기
00401731,LG전자,066570,2024,연결재무제표,87728182000000.0,82262664000000.0,3419675000000.0,3653294000000.0,매출액,영업이익,제 23 기,제 22 기
00401731,LG전자,066570,2025,연결재무제표,89200882000000.0,87728182000000.0,2478392000000.0,3419675000000.0,매출액,영업이익,제 24 기,제 23 기
00222532,LG헬로비전,037560,2023,연결재무제표,1190257448844.0,1167867997994.0,47352193560.0,53800859859.0,영업수익,영업이익,제 29 기,제 28 기
00222532,LG헬로비전,037560,2024,연결재무제표,1196435375181.0,1190257448844.0,13472973352.0,47352193560.0,영업수익,영업이익,제 30 기,제 29 기
00222532,LG헬로비전,037560,2025,연결재무제표,1265651619684.0,1196435375181.0,18730193260.0,13472973352.0,영업수익,영업이익,제 31 기,제 30 기
00356361,LG화학,051910,2023,연결재무제표,55249785000000.0,50983251000000.0,2529196000000.0,2979354000000.0,매출,영업이익,제 23 기,제 22 기
00356361,LG화학,051910,2024,연결재무제표,48916104000000.0,55249785000000.0,916798000000.0,2529196000000.0,매출,영업이익,제 24 기,제 23 기
00356361,LG화학,051910,2025,연결재무제표,45932167000000.0,48699754000000.0,1180900000000.0,874927000000.0,영업수익,영업이익(손실),제 25 기,제 24 기
00503668,LIG디펜스앤에어로스페이스,079550,2023,연결재무제표,2308571092877.0,2220751868438.0,186378438940.0,179111737872.0,수익(매출액),영업이익(손실),제 22 기,제 21 기
00503668,LIG디펜스앤에어로스페이스,079550,2024,연결재무제표,3276339508425.0,2308571092877.0,229779392271.0,186378438940.0,수익(매출액),영업이익(손실),제 23 기,제 22 기
00503668,LIG디펜스앤에어로스페이스,079550,2025,연결재무제표,4306936127418.0,3276339508425.0,319442306790.0,223389060873.0,수익(매출액),영업이익(손실),제 24 기,제 23 기
00462121,LIG아큐버,073490,2023,연결재무제표,137371054434.0,132854144114.0,10281601531.0,14339851562.0,매출액,영업이익,제 24 기,제 23 기
00462121,LIG아큐버,073490,2024,연결재무제표,189719878849.0,137371054434.0,2437826932.0,10281601531.0,매출액,영업이익,제 25 기,제 24 기
00462121,LIG아큐버,073490,2025,연결재무제표,186100825069.0,189719878849.0,-1120256759.0,2437826932.0,매출액,영업이익(손실),제 26 기,제 25 기
00992543,LK삼양,225190,2023,연결재무제표,39031722713.0,54947071178.0,-1129207533.0,11006812462.0,수익(매출액),영업이익(손실),제 11 기,제 10 기
00992543,LK삼양,225190,2024,연결재무제표,32015353229.0,39031722713.0,-3226899816.0,-1129207533.0,매출,영업이익(손실),제 12 기,제 11 기
00992543,LK삼양,225190,2025,연결재무제표,21406322851.0,32015353229.0,-16851147157.0,-3226899816.0,매출,영업이익(손실),제 13 기,제 12 기
00105952,LS,006260,2023,연결재무제표,24480743000000.0,17491338000000.0,899674000000.0,669509000000.0,매출,영업이익(손실),제 55 기,제 54 기
00105952,LS,006260,2024,연결재무제표,27544663000000.0,24480743000000.0,1072943000000.0,899674000000.0,매출,영업이익,제 56 기,제 55 기
00105952,LS,006260,2025,연결재무제표,31870031000000.0,27544663000000.0,1052554000000.0,1072943000000.0,영업수익,영업이익(손실),제 57 기,제 56 기
00542074,LSK아이로봇,091970,2023,연결재무제표,42401462051.0,50163614732.0,-1843750735.0,-1892597281.0,수익(매출액),영업이익(손실),제 25 기,제 24 기
00542074,LSK아이로봇,091970,2024,연결재무제표,55510197733.0,42401462051.0,177820407.0,-1843750735.0,수익(매출액),영업이익(손실),제 26 기,제 25 기
00542074,LSK아이로봇,091970,2025,연결재무제표,50111277900.0,55510197733.0,-262421464.0,177820407.0,수익(매출액),영업이익(손실),제 27 기,제 26 기
00104698,LS네트웍스,000680,2023,연결재무제표,379631754364.0,362911031595.0,11618277292.0,8016374672.0,수익(매출액),영업이익(손실),제 74 기,제 73 기
00104698,LS네트웍스,000680,2024,연결재무제표,1933813959649.0,379631754364.0,25619240717.0,11618277292.0,수익(매출액),영업이익(손실),제 75 기,제 74 기
00104698,LS네트웍스,000680,2025,연결재무제표,2615245130367.0,1933813959649.0,22287447432.0,30187565175.0,수익(매출액),영업이익(손실),제 76 기,제 75 기
00225742,LS마린솔루션,060370,2023,별도재무제표,70779250390.0,42787326607.0,13086945968.0,-6606262413.0,매출액,영업이익,제 29 기,제 28 기
00225742,LS마린솔루션,060370,2024,연결재무제표,130279123723.0,70779250390.0,12392667090.0,13086945968.0,매출액,영업이익,제 30 기,제 29 기
00225742,LS마린솔루션,060370,2025,연결재무제표,244205074557.0,130279123723.0,7009301321.0,12392667090.0,수익(매출액),영업이익(손실),제 31 기,제 30 기
01528141,LS머트리얼즈,417200,2023,연결재무제표,136884683735.0,161987191236.0,13568106930.0,14458759701.0,매출,영업이익,제 3 기,제 2 기
01528141,LS머트리얼즈,417200,2024,연결재무제표,142075605799.0,136884683735.0,6197093266.0,13568106930.0,매출,영업이익,제 4 기,제 3 기
01528141,LS머트리얼즈,417200,2025,연결재무제표,153582399002.0,142075605799.0,-141609582.0,6197093266.0,매출,영업이익,제 5 기,제 4 기
01093007,LS에코에너지,229640,2023,연결재무제표,731067866979.0,818494728195.0,29489190951.0,27451816095.0,수익(매출액),영업이익(손실),제 9 기,제 8 기
01093007,LS에코에너지,229640,2024,연결재무제표,868966083143.0,731067866979.0,44768330622.0,29489190951.0,매출액,영업이익,제 10 기,제 9 기
01093007,LS에코에너지,229640,2025,연결재무제표,960056115154.0,868966083143.0,66778106845.0,44768330622.0,매출,영업이익,제 11 기,제 10 기
00330424,LS증권,078020,2023,연결재무제표,1322207670950.0,1348600743673.0,33193031920.0,41776774836.0,I. 영업수익,III. 영업이익,제 25 기,제 24 기
00330424,LS증권,078020,2024,연결재무제표,1653673426061.0,1322207670950.0,21808378131.0,33193031920.0,I. 영업수익,III. 영업이익,제 26 기,제 25 기
00330424,LS증권,078020,2025,연결재무제표,2295339555776.0,1653673426061.0,22221062198.0,21808378131.0,I. 영업수익,III. 영업이익,제 27 기,제 26 기
01309388,LS티라유텍,322180,2023,연결재무제표,54359306573.0,35942703346.0,-3849047367.0,-4267879043.0,수익(매출액),영업이익,제 18 기,제 17 기
01309388,LS티라유텍,322180,2024,연결재무제표,57466908663.0,54359306573.0,-7912345095.0,-3849047367.0,수익(매출액),영업이익,제 19 기,제 18 기
01309388,LS티라유텍,322180,2025,연결재무제표,58940727170.0,57466908663.0,-4293305447.0,-7912345095.0,수익(매출액),영업이익(손실),제 20 기,제 19 기
00525934,LX세미콘,108320,2023,연결재무제표,1901444975029.0,2119345363613.0,129035656339.0,310623962750.0,매출액,영업이익,제 25 기,제 24 기
00525934,LX세미콘,108320,2024,연결재무제표,1865621538499.0,1901444975029.0,167076803816.0,129035656339.0,매출액,영업이익,제 26 기,제 25 기
00525934,LX세미콘,108320,2025,연결재무제표,1639070665791.0,1865621538499.0,108856055553.0,167076803816.0,매출액,영업이익,제 27 기,제 26 기
00120076,LX인터내셔널,001120,2023,연결재무제표,14514349869122.0,18759549404034.0,433109594096.0,965543470335.0,매출액,영업이익,제 71 기,제 70 기
00120076,LX인터내셔널,001120,2024,연결재무제표,16637572685167.0,14514349869122.0,489185373375.0,433109594096.0,매출액,영업이익,제 72 기,제 71 기
00120076,LX인터내셔널,001120,2025,연결재무제표,16706309561513.0,16637572685167.0,292193349331.0,489185373375.0,매출액,영업이익,제 73 기,제 72 기
00759513,LX하우시스,108670,2023,연결재무제표,3525807000000.0,3611151000000.0,109822000000.0,14940000000.0,수익(매출액),영업이익(손실),제 15 기,제 14 기
00759513,LX하우시스,108670,2024,연결재무제표,3572036000000.0,3525807000000.0,97465000000.0,109822000000.0,매출액,영업이익,제 16 기,제 15 기
00759513,LX하우시스,108670,2025,연결재무제표,3178689000000.0,3572036000000.0,13060000000.0,97465000000.0,매출액,영업이익,제 17 기,제 16 기
01562589,LX홀딩스,383800,2023,연결재무제표,37913000000.0,488000000.0,73176000000.0,158908000000.0,영업수익(매출),영업이익(손실),제 3 기,제 2 기
01562589,LX홀딩스,383800,2024,연결재무제표,40673000000.0,37913000000.0,156017000000.0,73176000000.0,영업수익(매출),영업이익(손실),제 4 기,제 3 기
01562589,LX홀딩스,383800,2025,연결재무제표,41293000000.0,40673000000.0,133398000000.0,156017000000.0,영업수익(매출),영업이익,제 5 기,제 4 기
01704680,M83,476080,2024,연결재무제표,58163355345.0,42112864549.0,1454115192.0,4367827952.0,I.영업수익,III.영업이익,제 5 기,제 4 기
01704680,M83,476080,2025,연결재무제표,132396372517.0,58163355345.0,-8966649833.0,1454115192.0,I.영업수익,III.영업이익(손실),제 6 기,제 5 기
00103130,MDS스피어,009810,2023,연결재무제표,214420293706.0,131301686660.0,-2591617556.0,-6864422815.0,수익(매출액),영업이익(손실),제 50 기,제 49 기
00103130,MDS스피어,009810,2024,연결재무제표,268344392135.0,214420293706.0,-5099237519.0,-2591617556.0,수익(매출액),영업이익(손실),제 51 기,제 50 기
00103130,MDS스피어,009810,2025,연결재무제표,250921655440.0,268344392135.0,-4396790646.0,-5099237519.0,매출액,영업이익(손실),제 52 기,제 51 기
00445841,MDS테크,086960,2023,연결재무제표,155313875325.0,153521746198.0,8717565821.0,8153963974.0,수익(매출액),영업이익(손실),제 25 기,제 24 기
00445841,MDS테크,086960,2024,연결재무제표,165579308474.0,155313875325.0,5944329911.0,8717565821.0,수익(매출액),영업이익(손실),제 26 기,제 25 기
00445841,MDS테크,086960,2025,연결재무제표,187705770904.0,165579308474.0,5813313438.0,5944329911.0,수익(매출액),영업이익(손실),제 27 기,제 26 기
00121534,MH에탄올,023150,2023,연결재무제표,105484095313.0,110722401934.0,18917521622.0,21924889178.0,매출액,영업이익(손실),제 46 기,제 45 기
00121534,MH에탄올,023150,2024,연결재무제표,100419425361.0,105484095313.0,10667609998.0,18917521622.0,매출액,영업이익(손실),제 47 기,제 46 기
00121534,MH에탄올,023150,2025,연결재무제표,94719109542.0,100419425361.0,9486236769.0,10667609998.0,매출액,영업이익(손실),제 48 기,제 47 기
00615723,MSDI,123010,2023,연결재무제표,32289441722.0,12009259381.0,-10123065895.0,-6002443643.0,매출액,영업이익(손실),제 21 기,제 20 기
00615723,MSDI,123010,2024,연결재무제표,39350756447.0,32289441722.0,-6879326731.0,-10123065895.0,매출액,영업이익(손실),제 22 기,제 21 기
00615723,MSDI,123010,2025,연결재무제표,38376486409.0,39350756447.0,207964299.0,-6879326731.0,매출액,영업이익(손실),제 23 기,제 22 기
00266961,NAVER,035420,2023,연결재무제표,9670643576585.0,8220078708810.0,1488820269608.0,1304664410543.0,영업수익,영업이익,제 25 기,제 24 기
00266961,NAVER,035420,2024,연결재무제표,10737719264647.0,9670643576585.0,1979263438827.0,1488820269608.0,영업수익,영업이익,제 26 기,제 25 기
00266961,NAVER,035420,2025,연결재무제표,12035007218975.0,10737719264647.0,2208138388720.0,1979263438827.0,영업수익,영업이익,제 27 기,제 26 기
00261443,NC,036570,2023,연결재무제표,1779832977766.0,2571792281800.0,137283512800.0,559006120606.0,영업수익,영업이익(손실),제 27 기,제 26 기
00261443,NC,036570,2024,연결재무제표,1578123132867.0,1779832977766.0,-109215374026.0,137283512800.0,영업수익,영업이익(손실),제 28 기,제 27 기
00261443,NC,036570,2025,연결재무제표,1506925065850.0,1578123132867.0,16078426029.0,-109215374026.0,영업수익,영업이익(손실),제 29 기,제 28 기
00974927,NEW,160550,2023,연결재무제표,129147737184.0,155617110146.0,-5582630804.0,7215470726.0,매출,영업이익(손실),제 16 기,제 15 기
00974927,NEW,160550,2024,연결재무제표,113244615452.0,129147737184.0,-18957171701.0,-5582630804.0,매출액,영업이익(손실),제 17 기,제 16 기
00974927,NEW,160550,2025,연결재무제표,142653217026.0,113244615452.0,2654398845.0,-18957171701.0,매출액,영업이익(손실),제 18 기,제 17 기
00363927,NE능률,053290,2023,별도재무제표,79198082671.0,80229930792.0,1113115849.0,6769802931.0,수익(매출액),영업이익(손실),제 30 기,제 29 기
00363927,NE능률,053290,2024,별도재무제표,71733831361.0,79198082671.0,-1047950248.0,1113115849.0,수익(매출액),영업이익(손실),제 31 기,제 30 기
00363927,NE능률,053290,2025,별도재무제표,62702088959.0,71733831361.0,1069301578.0,-1047950248.0,수익(매출액),영업이익(손실),제 32 기,제 31 기
00983271,NHN,181710,2023,연결재무제표,2269614866943.0,2114869816089.0,55598405513.0,39053530657.0,영업수익,영업이익,제 11 기,제 10 기
00983271,NHN,181710,2024,연결재무제표,2456107865377.0,2269614866943.0,-32619646834.0,55598405513.0,영업수익,영업이익(손실),제 12 기,제 11 기
00983271,NHN,181710,2025,연결재무제표,2516233825224.0,2456107865377.0,132434145572.0,-32619646834.0,영업수익,영업이익(손실),제 13 기,제 12 기
00357740,NHN KCP,060250,2023,연결재무제표,972016222465.0,822763112832.0,41958924937.0,44208183594.0,매출액,영업이익,제 29 기,제 28 기
00357740,NHN KCP,060250,2024,연결재무제표,1105325511837.0,972016222465.0,43781831372.0,41958924937.0,수익(매출액),영업이익(손실),제 30 기,제 29 기
00357740,NHN KCP,060250,2025,연결재무제표,1234882750705.0,1105325511837.0,54687939493.0,43781831372.0,수익(매출액),영업이익(손실),제 31 기,제 30 기
00645089,NHN벅스,104200,2023,별도재무제표,56843263266.0,65845522202.0,803513553.0,2082383800.0,수익(매출액),영업이익(손실),제 22 기,제 21 기
00645089,NHN벅스,104200,2024,별도재무제표,52070939126.0,56843263266.0,357425932.0,803513553.0,영업수익,영업이익,제 23 기,제 22 기
00645089,NHN벅스,104200,2025,별도재무제표,44899287200.0,52070939126.0,-734987723.0,357425932.0,영업수익,영업이익,제 24 기,제 23 기
00176835,NH농우바이오,054050,2023,연결재무제표,135843611785.0,133399761839.0,8944808701.0,11130852379.0,매출액,영업이익,제 35 기,제 34 기
00176835,NH농우바이오,054050,2024,연결재무제표,144680224580.0,135843611785.0,11103130280.0,8944808701.0,매출액,영업이익,제 36 기,제 35 기
00176835,NH농우바이오,054050,2025,연결재무제표,158789058609.0,144680224580.0,13641451850.0,11103130280.0,수익(매출액),영업이익(손실),제 37 기,제 36 기
01480780,NH올원리츠,400760,2023,연결재무제표,20516614653.0,20198503615.0,12473536347.0,10977203832.0,영업수익,영업이익,제 8 기,제 7 기
01480780,NH올원리츠,400760,2024,연결재무제표,19306598112.0,19207544606.0,10303676888.0,10699448145.0,영업수익,영업이익,제 10 기,제 9 기
01480780,NH올원리츠,400760,2025,연결재무제표,27889483783.0,21835605195.0,18768745817.0,11823284183.0,영업수익,영업이익,제 12 기,제 11 기
00120182,NH투자증권,005940,2023,연결재무제표,95107000000.0,44345000000.0,725757000000.0,521357000000.0,영업외수익,영업이익,제 57 기,제 56 기
00120182,NH투자증권,005940,2024,연결재무제표,112926000000.0,95107000000.0,901069000000.0,725757000000.0,영업외수익,영업이익,제 58 기,제 57 기
00120182,NH투자증권,005940,2025,연결재무제표,84297000000.0,112926000000.0,1420580000000.0,901069000000.0,영업외수익,영업이익,제 59 기,제 58 기
01391033,NH프라임리츠,338100,2023,별도재무제표,14631179728.0,2905982960.0,12848136458.0,2517451470.0,수익(매출액),영업이익(손실),제 9 기,제 8 기
01391033,NH프라임리츠,338100,2024,별도재무제표,14633144964.0,3569408466.0,7020004168.0,3163892223.0,수익(매출액),영업이익(손실),제 11 기,제 10 기
01391033,NH프라임리츠,338100,2025,별도재무제표,3979315609.0,11091662018.0,-200510886.0,10590583520.0,수익(매출액),영업이익(손실),제 13 기,제 12 기
00158316,NICE,034310,2023,연결재무제표,2818916782455.0,2752922079169.0,96985264990.0,145242618665.0,영업수익,영업이익,제 38 기,제 37 기
00158316,NICE,034310,2024,연결재무제표,3038327065807.0,2818916782455.0,174263701108.0,96985264990.0,영업수익,영업이익,제 39 기,제 38 기
00158316,NICE,034310,2025,연결재무제표,3242560195759.0,3038327065807.0,198097014621.0,174263701108.0,영업수익,영업이익,제 40 기,제 39 기
00363769,NICE인프라,063570,2023,연결재무제표,365516532866.0,288913245504.0,27993203084.0,18891094654.0,영업수익,영업이익(손실),제 24 기,제 23 기
00363769,NICE인프라,063570,2024,연결재무제표,338702988011.0,358404475666.0,18704472550.0,27749460186.0,영업수익,영업이익(손실),제 25 기,제 24 기
00363769,NICE인프라,063570,2025,연결재무제표,383954233593.0,338702988011.0,30713748831.0,18704472550.0,영업수익,영업이익(손실),제 26 기,제 25 기
00158325,NICE평가정보,030190,2023,연결재무제표,485713636119.0,479868591387.0,65329237352.0,71616495095.0,영업수익,영업이익(손실),제 40 기,제 39 기
00158325,NICE평가정보,030190,2024,연결재무제표,535031889316.0,485713636119.0,86788428829.0,65329237352.0,영업수익,영업이익(손실),제 41 기,제 40 기
00158325,NICE평가정보,030190,2025,연결재무제표,602147035954.0,535031889316.0,104389438156.0,86788428829.0,영업수익,영업이익,제 42 기,제 41 기
00116301,NI스틸,008260,2023,별도재무제표,382911138805.0,355390202149.0,70660872774.0,67734933424.0,수익(매출액),영업이익,제 52 기,제 51 기
00116301,NI스틸,008260,2024,별도재무제표,275274102150.0,382911138805.0,37132983882.0,70660872774.0,수익(매출액),영업이익(손실),제 53 기,제 52 기
00116301,NI스틸,008260,2025,별도재무제표,247943373789.0,275274102150.0,30115120165.0,37132983882.0,매출액,영업이익,제 54 기,제 53 기
01760738,OCI,456040,2024,연결재무제표,2215285616000.0,1288825675000.0,110492797000.0,57451316000.0,매출액,영업이익,제 2 기,제 1 기
01760738,OCI,456040,2025,연결재무제표,2009429144000.0,2215285616000.0,440425000.0,110492797000.0,매출액,영업이익,제 3 기,제 2 기
00148896,OCI홀딩스,010060,2023,연결재무제표,2649691893000.0,2768929400000.0,531217297000.0,752431942000.0,매출액,영업이익,제 50 기,제 49 기
00148896,OCI홀딩스,010060,2024,연결재무제표,3577383349000.0,2649691893000.0,101527729000.0,531217297000.0,매출액,영업이익,제 51 기,제 50 기
00148896,OCI홀딩스,010060,2025,연결재무제표,3380060390000.0,3577383349000.0,-57627064000.0,101527729000.0,매출액,영업이익,제 52 기,제 51 기
00767460,PI첨단소재,178920,2023,별도재무제표,217639383722.0,276440430491.0,-3937893712.0,52135089760.0,매출액,영업이익,제 16 기,제 15 기
00767460,PI첨단소재,178920,2024,별도재무제표,251295439548.0,217639383722.0,34931839001.0,-3937893712.0,매출액,영업이익,제 17 기,제 16 기
00767460,PI첨단소재,178920,2025,별도재무제표,263421091422.0,251295439548.0,43038925899.0,33826470964.0,매출액,영업이익,제 18 기,제 17 기
00122472,PKC,001340,2023,연결재무제표,233521888171.0,232725146826.0,17738515912.0,28274340213.0,수익(매출액),영업이익(손실),제 70 기,제 69 기
00122472,PKC,001340,2024,연결재무제표,245228124294.0,233521888171.0,9748351104.0,17738515912.0,수익(매출액),영업이익(손실),제 71 기,제 70 기
00122472,PKC,001340,2025,연결재무제표,272137469082.0,245228124294.0,12150680899.0,9748351104.0,수익(매출액),영업이익(손실),제 72 기,제 71 기
00133557,PN풍년,024940,2023,연결재무제표,57230803245.0,57639296614.0,2091164821.0,1318667622.0,수익(매출액),영업이익(손실),제 50 기,제 49 기
00133557,PN풍년,024940,2024,연결재무제표,54948009760.0,57230803245.0,920362729.0,2091164821.0,수익(매출액),영업이익(손실),제 51 기,제 50 기
00133557,PN풍년,024940,2025,연결재무제표,56039514810.0,54948009760.0,1566647885.0,920362729.0,수익(매출액),영업이익(손실),제 52 기,제 51 기
00155319,POSCO홀딩스,005490,2023,연결재무제표,77127197108585.0,84750203702240.0,3531422506439.0,4850053015766.0,매출액,영업이익,제 56 기,제 55 기
00155319,POSCO홀딩스,005490,2024,연결재무제표,72688143160111.0,77127197108585.0,2173573272904.0,3531422506439.0,매출액,영업이익,제 57 기,제 56 기
00155319,POSCO홀딩스,005490,2025,연결재무제표,69094886192787.0,72688143160111.0,1827063210829.0,2173573272904.0,매출액,영업이익,제 58 기,제 57 기
01015160,PS일렉트로닉스,332570,2023,연결재무제표,68149317459.0,51388503167.0,6424251685.0,4325015868.0,매출액,영업이익(손실),제 18 기,제 17 기
01015160,PS일렉트로닉스,332570,2024,연결재무제표,122129660010.0,68149317459.0,10771020985.0,6424251685.0,매출액,영업이익(손실),제 19 기,제 18 기
01015160,PS일렉트로닉스,332570,2025,연결재무제표,125476577087.0,122129660010.0,3908628660.0,10771020985.0,매출액,영업이익(손실),제 20 기,제 19 기
01078178,RFHIC,218410,2023,연결재무제표,111432998779.0,108032898603.0,303024279.0,802971835.0,수익(매출액),영업이익(손실),제 9 기,제 8 기
01078178,RFHIC,218410,2024,연결재무제표,114875963020.0,111432998779.0,1529788265.0,303024279.0,수익(매출액),영업이익(손실),제 10 기,제 9 기
01078178,RFHIC,218410,2025,연결재무제표,185803786324.0,114875963020.0,30889493523.0,1529788265.0,매출액,영업이익,제 11 기,제 10 기
01343665,RF머트리얼즈,327260,2023,연결재무제표,47911985391.0,50442251582.0,-34626044.0,2733808458.0,매출액,영업이익(손실),제 17 기,제 16 기
01343665,RF머트리얼즈,327260,2024,연결재무제표,44496976185.0,47911985391.0,-1452952139.0,-34626044.0,매출액,영업이익(손실),제 18 기,제 17 기
01343665,RF머트리얼즈,327260,2025,연결재무제표,64084381231.0,44496976185.0,7370290585.0,-1452952139.0,매출액,영업이익(손실),제 19 기,제 18 기
01286476,RF시스템즈,474610,2024,별도재무제표,32672118780.0,32787110783.0,1685721027.0,1787123897.0,수익(매출액),영업이익(손실),제 25 기,제 24 기
01286476,RF시스템즈,474610,2025,별도재무제표,38174363248.0,32672118780.0,4056230151.0,1685721027.0,수익(매출액),영업이익(손실),제 26 기,제 25 기
00580667,S&K폴리텍,091340,2023,연결재무제표,251085148599.0,336087453599.0,2840405265.0,193581133.0,수익(매출액),영업이익(손실),제 25 기,제 24 기
00580667,S&K폴리텍,091340,2024,연결재무제표,330069974679.0,251085148599.0,15224073120.0,2840405265.0,수익(매출액),영업이익(손실),제 26 기,제 25 기
00580667,S&K폴리텍,091340,2025,연결재무제표,310237496597.0,330069974679.0,15716717292.0,15224073120.0,수익(매출액),영업이익(손실),제 27 기,제 26 기
00138279,S-Oil,010950,2023,연결재무제표,35726694000000.0,42446028000000.0,1354582000000.0,3405166000000.0,매출액,영업이익,제 49 기,제 48 기
00138279,S-Oil,010950,2024,연결재무제표,36637031000000.0,35726694000000.0,422177000000.0,1354582000000.0,매출액,영업이익,제 50 기,제 49 기
00138279,S-Oil,010950,2025,연결재무제표,34246957000000.0,36637031000000.0,235631000000.0,422177000000.0,매출액,영업이익(손실),제 51 기,제 50 기
01082418,SAMG엔터,419530,2023,연결재무제표,95122568514.0,68322017040.0,-9418335494.0,-363931469.0,매출액,영업이익(손실),제 24 기,제 23 기
01082418,SAMG엔터,419530,2024,연결재무제표,116438413800.0,95122568514.0,-6109144833.0,-9418335494.0,수익(매출액),영업이익(손실),제 25 기,제 24 기
01082418,SAMG엔터,419530,2025,연결재무제표,141251628528.0,116438413800.0,22632697773.0,-6109144833.0,수익(매출액),영업이익(손실),제 26 기,제 25 기
00156910,SBI인베스트먼트,019550,2023,별도재무제표,29276094479.0,16919391372.0,8539182950.0,-15022134215.0,영업수익,영업이익(손실),제 38 기,제 37 기
00156910,SBI인베스트먼트,019550,2024,별도재무제표,28682710829.0,29276094479.0,11742142586.0,8539182950.0,영업수익,영업이익(손실),제 39 기,제 38 기
00156910,SBI인베스트먼트,019550,2025,별도재무제표,32707572126.0,28682710829.0,9323017602.0,11742142586.0,영업수익,영업이익(손실),제 40 기,제 39 기
00938688,SBI핀테크솔루션즈,950110,2023,연결재무제표,5401695000.0,5543570000.0,448356000.0,377429000.0,매출액,영업이익,제 12 기,제 11 기
00938688,SBI핀테크솔루션즈,950110,2024,연결재무제표,5692133000.0,5401695000.0,-13505000.0,448356000.0,매출액,영업이익(손실),제 13 기,제 12 기
00938688,SBI핀테크솔루션즈,950110,2025,연결재무제표,5056544000.0,5692133000.0,314100000.0,-13505000.0,매출액,영업이익(손실),제 14 기,제 13 기
00130772,SBS,034120,2023,연결재무제표,996763613264.0,1173781580894.0,58323294148.0,185603490383.0,영업수익,영업이익(손실),제 34 기,제 33 기
00130772,SBS,034120,2024,연결재무제표,1046651436608.0,996763613264.0,-19185289826.0,58323294148.0,영업수익,영업이익(손실),제 35 기,제 34 기
00130772,SBS,034120,2025,연결재무제표,1008457955402.0,1046651436608.0,18151260224.0,-19185289826.0,영업수익,영업이익(손실),제 36 기,제 35 기
00132725,SB성보,003080,2023,연결재무제표,62612439874.0,66379257981.0,201041362.0,1904947045.0,수익(매출액),영업이익(손실),제 63 기,제 62 기
00132725,SB성보,003080,2024,연결재무제표,59837932666.0,62612439874.0,-2930119648.0,201041362.0,수익(매출액),영업이익(손실),제 64 기,제 63 기
00132725,SB성보,003080,2025,연결재무제표,64334046194.0,59837932666.0,-8143226709.0,-2930119648.0,매출액,영업이익(손실),제 65 기,제 64 기
01110182,SCL사이언스,246960,2023,연결재무제표,1322103893.0,369776482.0,-4017181890.0,-4605036501.0,매출액,영업손실,제 14 기,제 13 기
01110182,SCL사이언스,246960,2024,연결재무제표,4737116055.0,1322103893.0,-3660680722.0,-4017181890.0,매출액,영업이익(손실),제 15 기,제 14 기
01110182,SCL사이언스,246960,2025,연결재무제표,22010565275.0,4737116055.0,-3397893668.0,-3660680722.0,수익(매출액),영업이익(손실),제 16 기,제 15 기
00574611,SDN,099220,2023,연결재무제표,75692041591.0,104471108041.0,-7646386868.0,281747384.0,영업수익,영업이익(손실),제 30 기,제 29 기
00574611,SDN,099220,2024,연결재무제표,84360674220.0,75692041591.0,-6504940998.0,-7646386868.0,매출액,영업이익(손실),제 31 기,제 30 기
00574611,SDN,099220,2025,연결재무제표,87454044091.0,84360674220.0,464354660.0,-6504940998.0,매출액,영업이익(손실),제 32 기,제 31 기
00358271,SFA,056190,2023,연결재무제표,1881198625677.0,1684366385602.0,85475264988.0,160920342192.0,매출액,영업이익,제 26 기,제 25 기
00358271,SFA,056190,2024,연결재무제표,2045361581270.0,1860351129906.0,-48399084010.0,88908992805.0,매출,영업이익(손실),제 27 기,제 26 기
00358271,SFA,056190,2025,연결재무제표,1630950490066.0,2045361581270.0,85860974188.0,-48399084010.0,매출,영업이익(손실),제 28 기,제 27 기
01090471,SFA넥셀,222080,2023,연결재무제표,310163525240.0,159362402652.0,38942742837.0,7811543178.0,매출액,영업이익,제 9 기,제 8 기
01090471,SFA넥셀,222080,2024,연결재무제표,508540762515.0,310163525240.0,59345580400.0,38942742837.0,매출액,영업이익(손실),제 10 기,제 9 기
01090471,SFA넥셀,222080,2025,연결재무제표,407181174584.0,508540762515.0,33510401320.0,59345580400.0,매출액,영업이익(손실),제 11 기,제 10 기
00301246,SFA반도체,036540,2023,연결재무제표,437586077155.0,699412110637.0,-16710120338.0,62881247628.0,매출액,영업이익(손실),제 26 기,제 25 기
00301246,SFA반도체,036540,2024,연결재무제표,400482861805.0,416738581384.0,-31004226.0,-13276392521.0,매출액,영업이익(손실),제 27 기,제 26 기
00301246,SFA반도체,036540,2025,연결재무제표,367389147993.0,400482861805.0,-19626671175.0,-31004226.0,매출액,영업이익(손실),제 28 기,제 27 기
00963976,SG,255220,2023,연결재무제표,80921130313.0,89858217245.0,-13468746819.0,566173407.0,매출액,영업손익,제 15 기,제 14 기
00963976,SG,255220,2024,연결재무제표,118940081051.0,80921130313.0,-6068240269.0,-13468746819.0,매출액,영업손익,제 16 기,제 15 기
00963976,SG,255220,2025,연결재무제표,102246199563.0,118940081051.0,752259599.0,-6068240269.0,매출액,영업손익,제 17 기,제 16 기
00264714,SG&G,040610,2023,연결재무제표,41898698934.0,42719402704.0,2952730625.0,1868901710.0,매출액,영업이익(손실),제 31 기,제 30 기
00264714,SG&G,040610,2024,연결재무제표,50762457794.0,41898698934.0,6411588800.0,2952730625.0,매출액,영업이익(손실),제 32 기,제 31 기
00264714,SG&G,040610,2025,연결재무제표,47697024082.0,50762457794.0,3673192861.0,6411588800.0,매출액,영업이익(손실),제 33 기,제 32 기
00988364,SGA솔루션즈,184230,2023,연결재무제표,54733280066.0,37323741652.0,1276890415.0,3840867866.0,매출액,영업이익(손실),제 11 기,제 10 기
00988364,SGA솔루션즈,184230,2024,연결재무제표,42923546759.0,46123796210.0,-4106882203.0,1179299740.0,매출액,영업이익(손실),제 12 기,제 11 기
00988364,SGA솔루션즈,184230,2025,연결재무제표,61635674499.0,42923546759.0,14823977696.0,-4106882203.0,매출액,영업이익(손실),제 13 기,제 12 기
00141246,SGC E&C,016250,2023,연결재무제표,1863679592064.0,1523333467679.0,-21587161938.0,33204579097.0,매출액,영업이익(손실),제 42 기,제 41 기
00141246,SGC E&C,016250,2024,연결재무제표,1205586883178.0,1863679592064.0,10557121015.0,-21587161938.0,수익(매출액),영업이익(손실),제 43 기,제 42 기
00141246,SGC E&C,016250,2025,연결재무제표,1342032374780.0,1205586883178.0,52749511611.0,10557121015.0,수익(매출액),영업이익(손실),제 44 기,제 43 기
00125150,SGC에너지,005090,2023,연결재무제표,3024051635225.0,2823334065836.0,106822963776.0,209400218379.0,매출액,영업이익,제 57 기,제 56 기
00125150,SGC에너지,005090,2024,연결재무제표,2354993052127.0,3024051635225.0,189611637907.0,106822963776.0,수익(매출액),영업이익,제 58 기,제 57 기
00125150,SGC에너지,005090,2025,연결재무제표,2460687771156.0,2354993052127.0,95820325177.0,189611637907.0,수익(매출액),영업이익,제 59 기,제 58 기
00152039,SG글로벌,001380,2023,연결재무제표,96577221552.0,67661514915.0,6606303384.0,-1441946513.0,매출,영업이익(손실),제 70 기,제 69 기
00152039,SG글로벌,001380,2024,연결재무제표,99434870010.0,96577221552.0,6154463640.0,6606303384.0,매출액,영업이익(손실),제 71 기,제 70 기
00152039,SG글로벌,001380,2025,연결재무제표,93481243542.0,99434870010.0,4964130609.0,6154463640.0,매출액,영업이익(손실),제 72 기,제 71 기
00133511,SG세계물산,004060,2023,연결재무제표,143080029866.0,161304784271.0,1837793496.0,7202639035.0,매출액,영업이익(손실),제 61 기,제 60 기
00133511,SG세계물산,004060,2024,연결재무제표,138801745057.0,143080029866.0,-2756643488.0,1837793496.0,매출액,영업이익(손실),제 62 기,제 61 기
00133511,SG세계물산,004060,2025,연결재무제표,132347880383.0,138801745057.0,-1516226748.0,-2756643488.0,매출액,영업이익(손실),제 63 기,제 62 기
00137809,SHD,001770,2023,별도재무제표,106293829767.0,125263992621.0,672776337.0,14179053153.0,수익(매출액),영업이익(손실),제 68 기,제 67 기
00137809,SHD,001770,2024,별도재무제표,106604794578.0,106293829767.0,-4025616576.0,672776337.0,수익(매출액),영업이익(손실),제 69 기,제 68 기
00137809,SHD,001770,2025,별도재무제표,100397778375.0,106604794578.0,2737690568.0,-4025616576.0,수익(매출액),영업이익(손실),제 70 기,제 69 기
00136457,SH에너지화학,002360,2023,연결재무제표,134037726894.0,167355874554.0,-4115868315.0,805218302.0,매출액,영업이익(손실),제 66 기,제 65 기
00136457,SH에너지화학,002360,2024,연결재무제표,126047268210.0,134037726894.0,-9694396156.0,-4115868315.0,매출액,영업이익(손실),제 67 기,제 66 기
00136457,SH에너지화학,002360,2025,연결재무제표,98627094841.0,126047268210.0,-12249904855.0,-9694396156.0,매출액,영업손실,제 68 기,제 67 기
00138260,SIMPAC,009160,2023,연결재무제표,609449638180.0,672228713099.0,17502288607.0,118946231131.0,수익(매출액),영업이익(손실),제 51 기,제 50 기
00138260,SIMPAC,009160,2024,연결재무제표,785061758000.0,609449638000.0,24452879000.0,17502288000.0,수익(매출액),영업이익(손실),제 52 기,제 51 기
00138260,SIMPAC,009160,2025,연결재무제표,1179040874617.0,816042318946.0,45956315730.0,19581576578.0,수익(매출액),영업이익(손실),제 53 기,제 52 기
00134510,SJG세종,033530,2023,연결재무제표,1792324075283.0,1858324298948.0,51864002447.0,32644276270.0,매출액,영업이익(손실),제 48 기,제 47 기
00134510,SJG세종,033530,2024,연결재무제표,1816595152264.0,1792324075283.0,60611834886.0,51864002447.0,매출액,영업이익,제 49 기,제 48 기
00134510,SJG세종,033530,2025,연결재무제표,1896882583006.0,1816595152264.0,85395320763.0,60611834886.0,매출액,영업이익,제 50 기,제 49 기
00181712,SK,034730,2023,연결재무제표,131237878000000.0,132079354000000.0,5056378000000.0,8161266000000.0,매출액,영업이익,제 33 기,제 32 기
00181712,SK,034730,2024,연결재무제표,124690439000000.0,128798468000000.0,2355290000000.0,4753982000000.0,매출액,영업이익,제 34 기,제 33 기
00181712,SK,034730,2025,연결재무제표,122703338000000.0,123399669000000.0,1818476000000.0,2396002000000.0,매출액,영업이익,제 35 기,제 34 기
01381984,SKAI,357880,2023,연결재무제표,27840337672.0,19175152815.0,-13292681427.0,1620879293.0,영업수익,영업이익,제 11 기,제 10 기
01381984,SKAI,357880,2024,연결재무제표,19848856622.0,24261974914.0,-12065103096.0,-12390966240.0,영업수익,영업이익(손실),제 12 기,제 11 기
01381984,SKAI,357880,2025,연결재무제표,15641618670.0,19848856622.0,-4391455139.0,-12065103096.0,영업수익,영업이익(손실),제 13 기,제 12 기
00139889,SKC,011790,2023,연결재무제표,1570751580937.0,2386650004087.0,-216300854733.0,186194207153.0,매출액,영업이익(손실),제 51 기,제 50 기
00139889,SKC,011790,2024,연결재무제표,1721564345604.0,1493474706830.0,-276832854584.0,-213727995613.0,매출액,영업손실,제 52 기,제 51 기
00139889,SKC,011790,2025,연결재무제표,1840036441822.0,1717923737959.0,-305025449873.0,-275759101678.0,매출액,영업손실,제 53 기,제 52 기
00144164,SK가스,018670,2023,연결재무제표,6992257390856.0,8066169118262.0,303595468730.0,390470990382.0,매출액,영업이익,제 39 기,제 38 기
00144164,SK가스,018670,2024,연결재무제표,7095902060317.0,6992257390856.0,287176575159.0,303595468730.0,매출액,영업이익,제 40 기,제 39 기
00144164,SK가스,018670,2025,연결재무제표,7676318981997.0,7095902060317.0,442831411929.0,287176575159.0,매출액,영업이익,제 41 기,제 40 기
00131780,SK네트웍스,001740,2023,연결재무제표,9133867000000.0,9426160000000.0,237283000000.0,177552000000.0,매출액,영업이익,제 71 기,제 70 기
00131780,SK네트웍스,001740,2024,연결재무제표,7657281000000.0,7453479000000.0,113915000000.0,80541000000.0,매출액,영업이익,제 72 기,제 71 기
00131780,SK네트웍스,001740,2025,연결재무제표,6745127000000.0,7657281000000.0,86293000000.0,113915000000.0,매출액,영업이익,제 73 기,제 72 기
00131832,SK디스커버리,006120,2023,연결재무제표,8939216850779.0,8717115148765.0,256702034546.0,362228951564.0,매출액,영업이익(손실),제 55 기,제 54 기
00131832,SK디스커버리,006120,2024,연결재무제표,9039602889123.0,8939216850779.0,172557836004.0,256702034546.0,매출액,영업이익,제 56 기,제 55 기
00131832,SK디스커버리,006120,2025,연결재무제표,10164013989611.0,9039602889123.0,361353559282.0,172557836004.0,매출액,영업이익,제 57 기,제 56 기
00508344,SK디앤디,210980,2023,연결재무제표,479675945477.0,563436566175.0,190379796165.0,64346246785.0,영업수익,영업이익(손실),제 20 기,제 19 기
00508344,SK디앤디,210980,2024,연결재무제표,870876606195.0,385081898659.0,53670053560.0,177594980222.0,영업수익,영업이익(손실),제 21 기,제 20 기
00508344,SK디앤디,210980,2025,연결재무제표,445824154145.0,870876606195.0,37794681126.0,53670053560.0,영업수익,영업이익,제 22 기,제 21 기
01535150,SK리츠,395400,2023,연결재무제표,52636897301.0,32156033423.0,35808941724.0,19678890341.0,영업수익,영업이익(손실),제 11 기,제 10 기
01535150,SK리츠,395400,2024,연결재무제표,52409629619.0,52409552157.0,35412431276.0,35229556044.0,영업수익,영업이익(손실),제 15 기,제 14 기
01535150,SK리츠,395400,2025,연결재무제표,70358094799.0,56695897419.0,64534748213.0,50321093490.0,영업수익,영업이익,제 19 기,제 18 기
01319899,SK바이오사이언스,302440,2023,연결재무제표,369505555858.0,456725871196.0,-11987764772.0,115013617843.0,수익(매출액),영업이익(손실),제 6 기,제 5 기
01319899,SK바이오사이언스,302440,2024,연결재무제표,267545049154.0,369505555858.0,-138431298006.0,-11987764772.0,수익(매출액),영업이익(손실),제 7 기,제 6 기
01319899,SK바이오사이언스,302440,2025,연결재무제표,651368342533.0,267545049154.0,-123501682766.0,-138431298006.0,수익(매출액),영업이익(손실),제 8 기,제 7 기
01596425,SK스퀘어,402340,2023,연결재무제표,2276508000000.0,2370553000000.0,-2339698000000.0,16052000000.0,영업수익,영업이익(손실),제 3 기,제 2 기
01596425,SK스퀘어,402340,2024,연결재무제표,1906611000000.0,2276508000000.0,3912583000000.0,-2339698000000.0,영업수익,영업이익(손실),제 4 기,제 3 기
01596425,SK스퀘어,402340,2025,연결재무제표,1411521000000.0,1649858000000.0,8797421000000.0,3920647000000.0,영업수익,영업이익(손실),제 5 기,제 4 기
01386916,SK아이이테크놀로지,361610,2023,연결재무제표,649568305000.0,585798633000.0,32027920000.0,-52295439000.0,매출액,영업이익(손실),제 5 기,제 4 기
01386916,SK아이이테크놀로지,361610,2024,연결재무제표,217864619000.0,648322214000.0,-290994179000.0,50127345000.0,매출액,영업이익(손실),제 6 기,제 5 기
01386916,SK아이이테크놀로지,361610,2025,연결재무제표,261874278000.0,217864619000.0,-246364302000.0,-290994179000.0,매출액,영업이익(손실),제 7 기,제 6 기
00480367,SK오션플랜트,100090,2023,연결재무제표,925835675846.0,691830139228.0,75604296314.0,71940779701.0,매출액,영업이익(손실),제 28 기,제 27 기
00480367,SK오션플랜트,100090,2024,연결재무제표,662615726791.0,925835675846.0,41797283162.0,75604296314.0,매출액,영업이익,제 29 기,제 28 기
00480367,SK오션플랜트,100090,2025,연결재무제표,965388430763.0,662615726791.0,59509493978.0,41797283162.0,매출액,영업이익,제 30 기,제 29 기
00631518,SK이노베이션,096770,2023,연결재무제표,77288485864000.0,78056939448000.0,1903886320000.0,3917340789000.0,매출액,영업이익(손실),제 17 기,제 16 기
00631518,SK이노베이션,096770,2024,연결재무제표,74716970174000.0,77288485864000.0,315488338000.0,1903886320000.0,매출액,영업이익(손실),제 18 기,제 17 기
00631518,SK이노베이션,096770,2025,연결재무제표,80296054243000.0,74269646737000.0,448683859000.0,355696515000.0,매출액,영업이익,제 19 기,제 18 기
01817081,SK이터닉스,475150,2025,연결재무제표,385640769900.0,332151737229.0,52998214327.0,37637399717.0,매출액,영업이익(손실),제 2 기,제 1 기
00131850,SK증권,001510,2023,연결재무제표,29678241191.0,13978553704.0,13097857611.0,17884433658.0,영업외수익,영업이익(손실),제 70 기,제 69 기
00131850,SK증권,001510,2024,연결재무제표,29249585907.0,29678241191.0,-107876388585.0,13097857611.0,영업외수익,영업이익(손실),제 71 기,제 70 기
00131850,SK증권,001510,2025,연결재무제표,44970753078.0,29249585907.0,7785938575.0,-107876388585.0,영업외수익,영업이익(손실),제 72 기,제 71 기
01267170,SK케미칼,285130,2023,연결재무제표,1748777740387.0,1829191322924.0,83302487079.0,230480673367.0,매출액,영업이익,제 7 기,제 6 기
01267170,SK케미칼,285130,2024,연결재무제표,1736778902011.0,1748777740387.0,-45175568334.0,83302487079.0,수익(매출액),영업이익(손실),제 8 기,제 7 기
01267170,SK케미칼,285130,2025,연결재무제표,2365164441719.0,1736778902011.0,-207363696.0,-45175568334.0,수익(매출액),영업이익(손실),제 9 기,제 8 기
00159023,SK텔레콤,017670,2023,연결재무제표,17608511000000.0,17304973000000.0,1753204000000.0,1612070000000.0,영업수익,영업이익,제 40 기,제 39 기
00159023,SK텔레콤,017670,2024,연결재무제표,17940609000000.0,17608511000000.0,1823409000000.0,1753204000000.0,영업수익,영업이익,제 41 기,제 40 기
00159023,SK텔레콤,017670,2025,연결재무제표,17099213000000.0,17940609000000.0,1073215000000.0,1823409000000.0,영업수익,영업이익,제 42 기,제 41 기
00164779,SK하이닉스,000660,2023,연결재무제표,32765719000000.0,44621568000000.0,-7730313000000.0,6809417000000.0,매출액,영업이익(손실),제 76 기,제 75 기
00164779,SK하이닉스,000660,2024,연결재무제표,66192960000000.0,32765719000000.0,23467319000000.0,-7730313000000.0,매출액,영업이익(손실),제 77 기,제 76 기
00164779,SK하이닉스,000660,2025,연결재무제표,97146675000000.0,66192960000000.0,47206319000000.0,23467319000000.0,매출액,영업이익(손실),제 78 기,제 77 기
00185046,SM C&C,048550,2023,연결재무제표,127310867881.0,157913247222.0,2085732506.0,2004857058.0,매출액,영업이익(손실),제 44 기,제 43 기
00185046,SM C&C,048550,2024,연결재무제표,109940386684.0,127310867881.0,1585436954.0,2085732506.0,매출액,영업이익(손실),제 45 기,제 44 기
00185046,SM C&C,048550,2025,연결재무제표,100478287608.0,109940386684.0,-1292562202.0,1585436954.0,매출액,영업이익,제 46 기,제 45 기
00367604,SM Life Design,063440,2023,연결재무제표,47318501515.0,40732157232.0,2685360549.0,3509202785.0,매출액,영업이익,제 25 기,제 24 기
00367604,SM Life Design,063440,2024,연결재무제표,44780387467.0,47318501515.0,3526292536.0,2685360549.0,매출액,영업이익,제 26 기,제 25 기
00367604,SM Life Design,063440,2025,연결재무제표,53324973138.0,44780387467.0,4575636524.0,3526292536.0,매출액,영업이익(손실),제 27 기,제 26 기
00134477,SNT다이내믹스,003570,2023,연결재무제표,485954273334.0,408024698269.0,41595970398.0,25764818854.0,매출액,영업이익(손실),제 61 기,제 60 기
00134477,SNT다이내믹스,003570,2024,연결재무제표,614453293151.0,485954273334.0,110508614595.0,41595970398.0,매출액,영업이익,제 62 기,제 61 기
00134477,SNT다이내믹스,003570,2025,연결재무제표,712021619474.0,614453293151.0,85457001419.0,110508614595.0,매출액,영업이익,제 63 기,제 62 기
00398792,SNT모티브,064960,2023,연결재무제표,1136280172201.0,1044860611248.0,116628673833.0,111925067671.0,수익(매출액),영업이익,제 22 기,제 21 기
00398792,SNT모티브,064960,2024,연결재무제표,968898049440.0,1136280172201.0,98128121434.0,116628673833.0,매출액,영업이익,제 23 기,제 22 기
00398792,SNT모티브,064960,2025,연결재무제표,1006373968570.0,968898049440.0,102552954912.0,98128121434.0,매출액,영업이익,제 24 기,제 23 기
00648721,SNT에너지,100840,2023,연결재무제표,321955650203.0,202878635272.0,20777120986.0,3561445020.0,매출액,영업이익(손실),제 16 기,제 15 기
00648721,SNT에너지,100840,2024,연결재무제표,294264258276.0,321955650203.0,22239479490.0,20777120986.0,매출액,영업이익(손실),제 17 기,제 16 기
00648721,SNT에너지,100840,2025,연결재무제표,606119987434.0,294264258276.0,111313927765.0,22239479490.0,매출액,영업이익,제 18 기,제 17 기
00225159,SNT홀딩스,036530,2023,연결재무제표,1895715059417.0,1629520924776.0,178996899903.0,144692982304.0,수익(매출액),영업이익(손실),제 42 기,제 41 기
00225159,SNT홀딩스,036530,2024,연결재무제표,1820513622453.0,1895715059417.0,231159021166.0,178996899903.0,수익(매출액),영업이익(손실),제 43 기,제 42 기
00225159,SNT홀딩스,036530,2025,연결재무제표,2235693848887.0,1820513622453.0,300655857307.0,231159021166.0,수익(매출액),영업이익,제 44 기,제 43 기
00399694,SOOP,067160,2023,연결재무제표,344016008889.0,289087250014.0,90309374651.0,82418820782.0,영업수익,영업이익(손실),제 28 기,제 27 기
00399694,SOOP,067160,2024,연결재무제표,413178446964.0,344016008889.0,113506476450.0,90309374651.0,영업수익,영업이익,제 29 기,제 28 기
00399694,SOOP,067160,2025,연결재무제표,466570266082.0,413178446964.0,124840445238.0,113506476450.0,영업수익,영업이익,제 30 기,제 29 기
00129387,SP삼화,000390,2023,연결재무제표,631381875774.0,646039531651.0,25826733514.0,19854394322.0,매출액,영업이익,제 77 기,제 76 기
00129387,SP삼화,000390,2024,연결재무제표,628348259134.0,631381875774.0,18981518300.0,25826733514.0,매출액,영업이익,제 78 기,제 77 기
00129387,SP삼화,000390,2025,연결재무제표,617067546154.0,628348259134.0,9549499585.0,18981518300.0,매출액,영업이익,제 79 기,제 78 기
00138297,STX,011810,2023,연결재무제표,903772000000.0,972571000000.0,-15004000000.0,-8827000000.0,영업수익,영업이익(손실),제 48 기,제 47 기
00138297,STX,011810,2024,연결재무제표,827800000000.0,894952000000.0,-8709000000.0,-14968000000.0,영업수익,영업손실,제 49 기,제 48 기
00138297,STX,011810,2025,연결재무제표,641312000000.0,827800000000.0,-61945000000.0,-8709000000.0,수익(매출액),영업이익(손실),제 50 기,제 49 기
01784394,STX그린로지스,465770,2024,연결재무제표,70543551647.0,28310433178.0,7157565667.0,1847006212.0,매출액,영업이익,제 2 기,제 1 기
01784394,STX그린로지스,465770,2025,연결재무제표,191383881379.0,70543551647.0,-12473063138.0,7157565667.0,매출액,영업이익,제 3 기,제 2 기
00480455,STX엔진,077970,2023,연결재무제표,630377000000.0,544021000000.0,18868000000.0,-8816000000.0,매출액,영업이익(손실),제 20 기,제 19 기
00480455,STX엔진,077970,2024,연결재무제표,724609807886.0,630377733998.0,42236835042.0,18868403982.0,매출액,영업이익(손실),제 21 기,제 20 기
00480455,STX엔진,077970,2025,연결재무제표,789341914687.0,724609807886.0,69592939476.0,42236835042.0,매출액,영업이익(손실),제 22 기,제 21 기
00132211,SUN&L,002820,2023,연결재무제표,441061876743.0,506691214360.0,-30185394857.0,-17708726754.0,매출액,영업이익(손실),제 66 기,제 65 기
00132211,SUN&L,002820,2024,연결재무제표,339342203215.0,441061876743.0,-5864106894.0,-30185394857.0,매출액,영업이익(손실),제 67 기,제 66 기
00132211,SUN&L,002820,2025,연결재무제표,272403719123.0,339342203215.0,-17877846785.0,-5864106894.0,영업수익,영업이익(손실),제 68 기,제 67 기
00599151,SV인베스트먼트,289080,2024,연결재무제표,29749069076.0,25360233508.0,6330845125.0,4535882740.0,영업수익,영업이익(손실),제 18 기,제 17 기
00599151,SV인베스트먼트,289080,2025,연결재무제표,21073110564.0,29749069076.0,-6054856551.0,6330845125.0,영업수익,영업이익(손실),제 19 기,제 18 기
00127042,SYTS,002170,2023,연결재무제표,179258365881.0,178800834419.0,17683937036.0,16445205668.0,수익(매출액),영업이익(손실),제 63 기,제 62 기
00127042,SYTS,002170,2024,연결재무제표,191310493294.0,179258365881.0,19991855072.0,17683937036.0,수익(매출액),영업이익(손실),제 64 기,제 63 기
00127042,SYTS,002170,2025,연결재무제표,174685073701.0,191310493294.0,18442275040.0,19991855072.0,매출액,영업이익,제 65 기,제 64 기
00199988,SY동아,041930,2023,연결재무제표,368722029928.0,349639091506.0,21636085181.0,14440946148.0,수익(매출액),영업이익(손실),제 50 기,제 49 기
00199988,SY동아,041930,2024,연결재무제표,383208579476.0,368722029928.0,18392989463.0,21636085181.0,수익(매출액),영업이익(손실),제 51 기,제 50 기
00199988,SY동아,041930,2025,연결재무제표,403410122226.0,383208579476.0,17184950683.0,18392989463.0,수익(매출액),영업이익(손실),제 52 기,제 51 기
00117300,TCC스틸,002710,2023,연결재무제표,624418627125.0,684414631381.0,11250766391.0,43983210872.0,수익(매출액),영업이익(손실),제 66 기,제 65 기
00117300,TCC스틸,002710,2024,연결재무제표,582074815373.0,624418627125.0,12272472364.0,11250766391.0,수익(매출액),영업이익(손실),제 67 기,제 66 기
00117300,TCC스틸,002710,2025,연결재무제표,611513908644.0,582074815373.0,-10909334249.0,12272472364.0,수익(매출액),영업이익(손실),제 68 기,제 67 기
00519252,THE E&M,089230,2023,연결재무제표,31702033259.0,46601511930.0,-7717794327.0,-2309018889.0,매출액,영업이익(손실),제 22 기,제 21 기
00519252,THE E&M,089230,2024,연결재무제표,22196259181.0,31702033259.0,-7472181005.0,-7661900084.0,매출액,영업이익(손실),제 23 기,제 22 기
00519252,THE E&M,089230,2025,연결재무제표,12340921889.0,22196259181.0,-8575907256.0,-7472181005.0,매출액,영업이익(손실),제 24 기,제 23 기
00201733,TJ미디어,032540,2023,연결재무제표,96398616294.0,85911499261.0,6331171872.0,4141688797.0,매출액,영업이익(손실),제 33 기,제 32 기
00201733,TJ미디어,032540,2024,연결재무제표,91871741553.0,96398616294.0,4664208620.0,6331171872.0,매출액,영업이익(손실),제 34 기,제 33 기
00201733,TJ미디어,032540,2025,연결재무제표,94434815353.0,91871741553.0,3288098329.0,4664208620.0,매출액,영업이익(손실),제 35 기,제 34 기
00154329,TP,007980,2023,연결재무제표,920175022485.0,1084607022822.0,40575172330.0,68441024827.0,수익(매출액),영업이익(손실),제 52 기,제 51 기
00154329,TP,007980,2024,연결재무제표,1064151435568.0,920175022485.0,48931866971.0,40575172330.0,수익(매출액),영업이익,제 53 기,제 52 기
00154329,TP,007980,2025,연결재무제표,1028988630596.0,1064151435568.0,62006155691.0,48931866971.0,매출액,영업이익,제 54 기,제 53 기
00108649,TPC로보틱스,048770,2023,연결재무제표,86177095415.0,94279860991.0,-5157696134.0,908602572.0,수익(매출액),영업이익(손실),제 46 기,제 45 기
00108649,TPC로보틱스,048770,2024,연결재무제표,86444286561.0,86177095415.0,-2479613149.0,-5157696134.0,수익(매출액),영업이익(손실),제 47 기,제 46 기
00108649,TPC로보틱스,048770,2025,연결재무제표,86327967145.0,86444286561.0,-2300461955.0,-2479613149.0,수익(매출액),영업이익(손실),제 48 기,제 47 기
00778235,TS인베스트먼트,246690,2023,연결재무제표,26165566670.0,27251625954.0,14300519265.0,11638045924.0,영업수익,영업이익(손실),제 16 기,제 15 기
00778235,TS인베스트먼트,246690,2024,연결재무제표,17597059268.0,26165566670.0,-3001864633.0,14300519265.0,영업수익,영업이익(손실),제 17 기,제 16 기
00778235,TS인베스트먼트,246690,2025,연결재무제표,19617531648.0,17597059268.0,9022853755.0,-3001864633.0,영업수익,영업이익(손실),제 18 기,제 17 기
01353024,TS트릴리온,317240,2023,연결재무제표,39984448895.0,62925391613.0,1226031443.0,-5813535569.0,매출액,영업이익(손실),제 5 기,제 4 기
01353024,TS트릴리온,317240,2024,연결재무제표,30757976221.0,39984448895.0,381335985.0,708439381.0,수익(매출액),영업이익(손실),제 6 기,제 5 기
01353024,TS트릴리온,317240,2025,연결재무제표,26033520171.0,29682251187.0,25672167.0,688185096.0,매출액,영업이익(손실),제 7 기,제 6 기
00117230,TYM,002900,2023,연결재무제표,836475030282.0,1166138766862.0,76461605327.0,122015643800.0,매출액,영업이익,제 64 기,제 63 기
00117230,TYM,002900,2024,연결재무제표,788790147164.0,836475030282.0,16080371733.0,76461605327.0,수익(매출액),영업이익(손실),제 65 기,제 64 기
00117230,TYM,002900,2025,연결재무제표,929360802636.0,788790147164.0,64082478673.0,16080371733.0,수익(매출액),영업이익(손실),제 66 기,제 65 기
00142865,WISCOM,024070,2023,연결재무제표,112319254509.0,125682312649.0,-2854535881.0,744304211.0,매출액,영업이익(손실),제 46 기,제 45 기
00142865,WISCOM,024070,2024,연결재무제표,98537115290.0,112319254509.0,-8862854781.0,-2854535881.0,매출액,영업이익(손실),제 47 기,제 46 기
00142865,WISCOM,024070,2025,연결재무제표,103275899079.0,98537115290.0,-697542545.0,-8862854781.0,매출액,영업이익(손실),제 48 기,제 47 기
00307222,YBM넷,057030,2023,연결재무제표,60480863497.0,62562529887.0,5121862757.0,4781298295.0,매출액,영업이익,제 24 기,제 23 기
00307222,YBM넷,057030,2024,연결재무제표,58329367193.0,60480863497.0,2793912411.0,5121862757.0,매출액,영업이익,제 25 기,제 24 기
00307222,YBM넷,057030,2025,연결재무제표,51834368698.0,58329367193.0,949990702.0,2793912411.0,매출액,영업이익,제 26 기,제 25 기
00249247,YG PLUS,037270,2023,연결재무제표,223637117243.0,140221115585.0,21247899838.0,10336906899.0,수익(매출액),영업이익(손실),제 28 기,제 27 기
00249247,YG PLUS,037270,2024,연결재무제표,184902894051.0,223637117243.0,-732390107.0,21247899838.0,매출액,영업이익(손실),제 29 기,제 28 기
00249247,YG PLUS,037270,2025,연결재무제표,236047405109.0,184902894051.0,32334952815.0,-732390107.0,매출액,영업이익(손실),제 30 기,제 29 기
00200275,YTN,040300,2023,별도재무제표,130469560840.0,152191296037.0,-9298901588.0,5310356129.0,매출액,영업이익,제 31 기,제 30 기
00200275,YTN,040300,2024,별도재무제표,131178008252.0,130469560840.0,-26675495489.0,-9298901588.0,매출액,영업이익(손실),제 32 기,제 31 기
00200275,YTN,040300,2025,별도재무제표,134193072979.0,131178008252.0,-13601524449.0,-26675495489.0,매출액,영업이익(손실),제 33 기,제 32 기
00296263,YW,051390,2023,연결재무제표,36985666180.0,20283592154.0,6475058909.0,3056402006.0,매출액,영업이익,제 29 기,제 28 기
00296263,YW,051390,2024,연결재무제표,16535952409.0,36985666180.0,5435769480.0,6475058909.0,매출액,영업이익,제 30 기,제 29 기
00296263,YW,051390,2025,연결재무제표,16537865424.0,16535952409.0,5777257381.0,5435769480.0,매출액,영업이익,제 31 기,제 30 기
00370006,iMBC,052220,2023,연결재무제표,46303655129.0,47460159206.0,1156866116.0,2558248419.0,수익(매출액),영업이익,제 24 기,제 23 기
00370006,iMBC,052220,2024,연결재무제표,45442807948.0,46303655129.0,634528436.0,1156866116.0,수익(매출액),영업이익,제 25 기,제 24 기
00370006,iMBC,052220,2025,연결재무제표,40045648499.0,45442807948.0,-7632134757.0,634528436.0,수익(매출액),영업이익(손실),제 26 기,제 25 기
00506294,가비아,079940,2023,연결재무제표,261590696584.0,239153945319.0,42602627160.0,41205974132.0,수익(매출액),영업이익(손실),제 25 기,제 24 기
00506294,가비아,079940,2024,연결재무제표,282417869366.0,261590696584.0,35109842052.0,42602627160.0,수익(매출액),영업이익(손실),제 26 기,제 25 기
00506294,가비아,079940,2025,연결재무제표,335681176239.0,282417869366.0,40485754868.0,35109842052.0,수익(매출액),영업이익(손실),제 27 기,제 26 기
00441304,가온그룹,078890,2023,연결재무제표,536374631144.0,611235272392.0,-18858458417.0,14355003664.0,매출액,영업이익,제 23 기,제 22 기
00441304,가온그룹,078890,2024,연결재무제표,489342386438.0,536374631144.0,-41889972825.0,-18858458417.0,매출액,영업이익,제 24 기,제 23 기
00441304,가온그룹,078890,2025,연결재무제표,517549509670.0,489342386438.0,12525753701.0,-41889972825.0,매출액,영업이익,제 25 기,제 24 기
00104768,가온전선,000500,2023,연결재무제표,1498606544413.0,1416454404337.0,43720038993.0,28462568691.0,매출액,영업이익,제 76 기,제 75 기
00104768,가온전선,000500,2024,연결재무제표,1727103680000.0,1498606544000.0,45011778000.0,43720039000.0,Ⅰ. 매출액,영업이익,제 77 기,제 76 기
00104768,가온전선,000500,2025,연결재무제표,2545698074000.0,1727103680000.0,79191591000.0,45011778000.0,Ⅰ. 매출액,Ⅳ. 영업이익,제 78 기,제 77 기
01364747,가온칩스,399720,2023,연결재무제표,63597349804.0,43320504880.0,4351646460.0,3899765486.0,매출액,영업이익(손실),제 12 기,제 11 기
01364747,가온칩스,399720,2024,연결재무제표,96492001688.0,63597349804.0,3524912928.0,4351646460.0,매출액,영업이익(손실),제 13 기,제 12 기
01364747,가온칩스,399720,2025,연결재무제표,68510181008.0,96492001688.0,-16721496228.0,3524912928.0,매출액,영업이익(손실),제 14 기,제 13 기
00261009,감성코퍼레이션,036620,2023,별도재무제표,177948652720.0,117401158387.0,32243349866.0,16247551642.0,매출액,영업이익(손실),제 30 기,제 29 기
00261009,감성코퍼레이션,036620,2024,별도재무제표,220396656168.0,177948652720.0,36053423698.0,32243349866.0,매출액,영업이익(손실),제 31 기,제 30 기
00261009,감성코퍼레이션,036620,2025,별도재무제표,250195090117.0,220396656168.0,44631054064.0,36053423698.0,매출액,영업이익(손실),제 32 기,제 31 기
00100939,강남제비스코,000860,2023,연결재무제표,638789180998.0,673166188482.0,23167970906.0,4405118561.0,매출액,영업이익(손실),제 72 기,제 71 기
00100939,강남제비스코,000860,2024,연결재무제표,643137092555.0,638789180998.0,20529999372.0,23167970906.0,매출액,영업이익(손실),제 73 기,제 72 기
00100939,강남제비스코,000860,2025,연결재무제표,598552862276.0,643137092555.0,8294746283.0,20529999372.0,매출액,영업이익,제 74 기,제 73 기
01032583,강동씨앤엘,198440,2023,별도재무제표,50522976679.0,69904737333.0,-17209786249.0,-12631266830.0,수익(매출액),영업이익(손실),제 10 기,제 9 기
01032583,강동씨앤엘,198440,2024,별도재무제표,47382972250.0,50522976679.0,5550285074.0,-17209786249.0,수익(매출액),영업이익(손실),제 11 기,제 10 기
01032583,강동씨앤엘,198440,2025,별도재무제표,71843117330.0,47382972250.0,7401631346.0,5550285074.0,수익(매출액),영업이익(손실),제 12 기,제 11 기
01025644,강스템바이오텍,217730,2023,연결재무제표,12704101187.0,16300572670.0,-22777439977.0,-20558498336.0,매출액,영업손실,제 14 기,제 13 기
01025644,강스템바이오텍,217730,2024,별도재무제표,7745823635.0,5912667181.0,-14842348178.0,-19658231710.0,매출액,영업손실,제 15 기,제 14 기
01025644,강스템바이오텍,217730,2025,연결재무제표,3572463936.0,7745823635.0,-17668125114.0,-14842348178.0,매출액,영업손실,제 16 기,제 15 기
00255619,강원랜드,035250,2023,연결재무제표,1388572378274.0,1270685819109.0,282263014860.0,217565214200.0,수익(매출액),영업이익(손실),제 26 기,제 25 기
00255619,강원랜드,035250,2024,연결재무제표,1426862781802.0,1388572378274.0,285790454716.0,282263014860.0,수익(매출액),영업이익(손실),제 27 기,제 26 기
00255619,강원랜드,035250,2025,연결재무제표,1476727048701.0,1426862781802.0,235311359166.0,285790454716.0,수익(매출액),영업이익(손실),제 28 기,제 27 기
00100601,강원에너지,114190,2023,연결재무제표,139211241785.0,71379940397.0,6927849462.0,2618432436.0,수익(매출액),영업이익(손실),제 49 기,제 48 기
00100601,강원에너지,114190,2024,연결재무제표,224422425036.0,139211241785.0,6771969120.0,6927849462.0,수익(매출액),영업이익(손실),제 50 기,제 49 기
00100601,강원에너지,114190,2025,연결재무제표,212251840367.0,224422425036.0,-6095759149.0,6771969120.0,수익(매출액),영업이익(손실),제 51 기,제 50 기
00587457,갤럭시아머니트리,094480,2023,연결재무제표,132389824802.0,112286441928.0,9240639992.0,8597547351.0,수익(매출액),영업이익(손실),제 30 기,제 29 기
00587457,갤럭시아머니트리,094480,2024,연결재무제표,128772392051.0,132389824802.0,13220798774.0,9240639992.0,수익(매출액),영업이익(손실),제 31 기,제 30 기
00587457,갤럭시아머니트리,094480,2025,연결재무제표,129700193187.0,128772392051.0,18393923568.0,13220798774.0,매출액,영업이익,제 32 기,제 31 기
00129554,갤럭시아에스엠,011420,2023,별도재무제표,32950221500.0,30093883441.0,4582163761.0,4174665075.0,수익(매출액),영업이익(손실),제 49 기,제 48 기
00129554,갤럭시아에스엠,011420,2024,별도재무제표,32486740470.0,32950221500.0,3225224444.0,4582163761.0,수익(매출액),영업이익(손실),제 50 기,제 49 기
00129554,갤럭시아에스엠,011420,2025,별도재무제표,40343683157.0,32486740470.0,3987722438.0,3225224444.0,수익(매출액),영업이익(손실),제 51 기,제 50 기
00101257,경남기업,000800,2023,별도재무제표,487981283496.0,355462813293.0,19344100193.0,12784181183.0,매출액,영업이익,제 73 기,제 72 기
00101257,경남기업,000800,2024,별도재무제표,540356210287.0,487981283496.0,28609460774.0,19344100193.0,매출액,영업이익,제 74 기,제 73 기
00101257,경남기업,000800,2025,별도재무제표,394516845880.0,493212006302.0,62577106608.0,38041248373.0,매출액,영업이익(손실),제 75 기,제 74 기
00206039,경남스틸,039240,2023,별도재무제표,390306288912.0,415312784536.0,10725528763.0,11396109298.0,수익(매출액),영업이익(손실),제 34 기,제 33 기
00206039,경남스틸,039240,2024,별도재무제표,395490089089.0,390306288912.0,9448034025.0,10725528763.0,수익(매출액),영업이익(손실),제 35 기,제 34 기
00206039,경남스틸,039240,2025,별도재무제표,357139177502.0,395490089089.0,5957941620.0,9448034025.0,수익(매출액),영업이익(손실),제 36 기,제 35 기
00307028,경남제약,053950,2023,연결재무제표,68445262603.0,59000422763.0,-6744931922.0,-3391107888.0,매출,영업이익(손실),제 26 기,제 25 기
00307028,경남제약,053950,2024,연결재무제표,60792073200.0,59303484058.0,-942820720.0,-3586713557.0,매출,영업이익(손실),제 27 기,제 26 기
00307028,경남제약,053950,2025,별도재무제표,55944199110.0,60792073200.0,-1731949461.0,-942820720.0,매출,영업이익(손실),제 28 기,제 27 기
00101433,경농,002100,2023,연결재무제표,347407788945.0,361604573086.0,25209888376.0,40975101750.0,매출액,영업이익,제 67 기,제 66 기
00101433,경농,002100,2024,연결재무제표,325185752782.0,347407788945.0,26720336645.0,25209888376.0,매출액,영업이익,제 68 기,제 67 기
00101433,경농,002100,2025,연결재무제표,339236756604.0,325185752782.0,28697544624.0,26720336645.0,매출액,영업이익,제 69 기,제 68 기
00101488,경동나비엔,009450,2023,연결재무제표,1204312871752.0,1160860788602.0,105910537855.0,59770841498.0,매출액,영업이익(손실),제 51 기,제 50 기
00101488,경동나비엔,009450,2024,연결재무제표,1353879442184.0,1204312871752.0,132576050452.0,105910537855.0,매출액,영업이익,제 52 기,제 51 기
00101488,경동나비엔,009450,2025,연결재무제표,1502239729157.0,1353879442184.0,143376893533.0,132576050452.0,매출액,영업이익,제 53 기,제 52 기
01208885,경동도시가스,267290,2023,연결재무제표,1799453797857.0,2304945009655.0,28284881618.0,25271267744.0,매출액,영업이익,제 7 기,제 6 기
01208885,경동도시가스,267290,2024,연결재무제표,1791907870026.0,1799453797857.0,26974142734.0,28284881618.0,수익(매출액),영업이익,제 8 기,제 7 기
01208885,경동도시가스,267290,2025,연결재무제표,1759465296335.0,1791907870026.0,33045868447.0,26974142734.0,수익(매출액),영업이익,제 9 기,제 8 기
00143527,경동인베스트,012320,2023,연결재무제표,312540940712.0,275539561544.0,21204924146.0,14709420695.0,수익(매출액),영업이익(손실),제 47 기,제 46 기
00143527,경동인베스트,012320,2024,연결재무제표,293711565765.0,305344704976.0,24395160375.0,21717931861.0,수익(매출액),영업이익(손실),제 48 기,제 47 기
00143527,경동인베스트,012320,2025,연결재무제표,276162998109.0,293711565765.0,18821483046.0,24395160375.0,영업수익,영업이익(손실),제 49 기,제 48 기
00101549,경동제약,011040,2023,연결재무제표,162674098953.0,182718157223.0,-24954556706.0,8312028513.0,매출액,영업이익(손실),제 48 기,제 47 기
00101549,경동제약,011040,2024,연결재무제표,193936297352.0,162674098953.0,2623604977.0,-24954556706.0,매출액,영업이익(손실),제 49 기,제 48 기
00101549,경동제약,011040,2025,연결재무제표,196273042787.0,193936297352.0,7666156975.0,2623604977.0,매출액,영업이익(손실),제 50 기,제 49 기
00101628,경방,000050,2023,연결재무제표,393518958996.0,389227582838.0,15968826403.0,31895306272.0,매출액,영업이익(손실),제 139 기,제 138 기
00101628,경방,000050,2024,연결재무제표,397276756397.0,393518958996.0,33449462550.0,15968826403.0,매출액,영업손익,제 140 기,제 139 기
00101628,경방,000050,2025,연결재무제표,412475877463.0,397276756397.0,45993453219.0,33449462550.0,매출액,영업손익,제 141 기,제 140 기
00101664,경보제약,214390,2023,별도재무제표,216357481796.0,196264902088.0,5544771906.0,1392651796.0,매출액,영업이익(손실),제 37 기,제 36 기
00101664,경보제약,214390,2024,별도재무제표,238556125924.0,216357481796.0,10453728086.0,5544771906.0,매출액,영업이익(손실),제 38 기,제 37 기
00101664,경보제약,214390,2025,별도재무제표,264104056811.0,238556125924.0,3518577342.0,10453728086.0,매출액,영업이익(손실),제 39 기,제 38 기
00102113,경인양행,012610,2023,연결재무제표,345408240080.0,402637341238.0,-2247161467.0,28060459106.0,수익(매출액),영업이익(손실),제 47 기,제 46 기
00102113,경인양행,012610,2024,연결재무제표,374231082201.0,345408240080.0,24226048531.0,-2247161467.0,수익(매출액),영업이익(손실),제 48 기,제 47 기
00102113,경인양행,012610,2025,연결재무제표,379701831841.0,374231082201.0,16266027114.0,24226048531.0,수익(매출액),영업이익(손실),제 49 기,제 48 기
00102140,경인전자,009140,2023,연결재무제표,21136261743.0,20057915796.0,215548051.0,110384573.0,수익(매출액),영업이익(손실),제 51 기,제 50 기
00102140,경인전자,009140,2024,연결재무제표,22942422096.0,21136261743.0,-1271401075.0,215548051.0,수익(매출액),영업이익(손실),제 52 기,제 51 기
00102140,경인전자,009140,2025,연결재무제표,36073854759.0,22942422096.0,1024070598.0,-1271401075.0,수익(매출액),영업이익(손실),제 53 기,제 52 기
00102353,경창산업,024910,2023,연결재무제표,667253963817.0,615579626824.0,21036204670.0,19184253102.0,수익(매출액),영업이익(손실),제 47 기,제 46 기
00102353,경창산업,024910,2024,연결재무제표,638045034346.0,667253963817.0,9641239878.0,21036204670.0,수익(매출액),영업이익(손실),제 48 기,제 47 기
00102353,경창산업,024910,2025,연결재무제표,705339667803.0,638045034346.0,7343548529.0,9641239878.0,매출액,영업이익,제 49 기,제 48 기
00102432,계룡건설산업,013580,2023,연결재무제표,2977005044488.0,2949680250000.0,100697392316.0,132836469827.0,매출액,영업이익(손실),제 57 기,제 56 기
00102432,계룡건설산업,013580,2024,연결재무제표,3169362271108.0,2977005044488.0,97717241740.0,100697392316.0,매출액,영업이익(손실),제 58 기,제 57 기
00102432,계룡건설산업,013580,2025,연결재무제표,2887440609690.0,3127054733663.0,166870229835.0,87143166001.0,매출액,영업이익(손실),제 59 기,제 58 기
00102618,계양전기,012200,2023,연결재무제표,381634129995.0,365075103182.0,-3894777764.0,-10631134052.0,매출액,영업이익,제 47 기,제 46 기
00102618,계양전기,012200,2024,연결재무제표,369125242685.0,381634129995.0,-15260824259.0,-3894777764.0,매출액,영업이익(손실),제 48 기,제 47 기
00102618,계양전기,012200,2025,연결재무제표,389798757593.0,369125242685.0,-27100264773.0,-15260824259.0,매출액,영업이익(손실),제 49 기,제 48 기
00102751,고려산업,002140,2023,연결재무제표,319058618654.0,278370677242.0,7989269786.0,4854823595.0,매출액,영업이익(손실),제 68 기,제 67 기
00102751,고려산업,002140,2024,연결재무제표,307656378676.0,319058618654.0,14269657884.0,7989269786.0,매출액,영업이익(손실),제 69 기,제 68 기
00102751,고려산업,002140,2025,연결재무제표,297322291052.0,307656378676.0,13748324066.0,14269657884.0,매출액,영업이익(손실),제 70 기,제 69 기
00336297,고려신용정보,049720,2023,연결재무제표,158214357320.0,146766810274.0,13070357375.0,11990816137.0,수익(매출액),영업이익(손실),제 33 기,제 32 기
00336297,고려신용정보,049720,2024,연결재무제표,171309350127.0,158214357320.0,15310219206.0,13070357375.0,수익(매출액),영업이익(손실),제 34 기,제 33 기
00336297,고려신용정보,049720,2025,연결재무제표,178029909590.0,171309350127.0,16740742506.0,15310219206.0,수익(매출액),영업이익(손실),제 35 기,제 34 기
00102858,고려아연,010130,2023,연결재무제표,9704521343024.0,11219358600107.0,659935424598.0,919171130822.0,Ⅰ.매출액,Ⅴ.영업이익,제 50 기,제 49 기
00102858,고려아연,010130,2024,연결재무제표,12052918410249.0,9704521343024.0,723472208523.0,659935424598.0,Ⅰ.매출액,Ⅴ.영업이익,제 51 기,제 50 기
00102858,고려아연,010130,2025,연결재무제표,16587850779912.0,12052918410249.0,1231926775791.0,723472208523.0,매출액,Ⅴ.영업이익,제 52 기,제 51 기
00103006,고려제강,002240,2023,연결재무제표,1788877688439.0,2072550223138.0,56316856694.0,133503465388.0,매출액,영업이익(손실),제 66 기,제 65 기
00103006,고려제강,002240,2024,연결재무제표,1739609163820.0,1788877688439.0,26107109844.0,56316856694.0,매출액,영업이익(손실),제 67 기,제 66 기
00103006,고려제강,002240,2025,연결재무제표,1809183329321.0,1739609163820.0,40722957585.0,26107109844.0,매출액,영업이익(손실),제 68 기,제 67 기
00103015,고려제약,014570,2023,별도재무제표,81374983430.0,79984056441.0,18025892026.0,14329019414.0,매출액,영업이익,제 44 기,제 43 기
00103015,고려제약,014570,2024,별도재무제표,73001424478.0,81374983430.0,9138456105.0,18025892026.0,매출액,영업이익,제 45 기,제 44 기
00103015,고려제약,014570,2025,별도재무제표,62508834676.0,73001424478.0,6913176836.0,9138456105.0,매출액,영업이익,제 46 기,제 45 기
01399071,고바이오랩,348150,2023,연결재무제표,33138037063.0,11605576680.0,-18458047336.0,-20291548073.0,매출액,영업손실,제 10 기,제 9 기
01399071,고바이오랩,348150,2024,연결재무제표,68358643666.0,33138037063.0,-6905195709.0,-18458047336.0,매출액,영업손실,제 11 기,제 10 기
01399071,고바이오랩,348150,2025,연결재무제표,69291602991.0,68358643666.0,-9651442284.0,-6905195709.0,매출액,영업손실,제 12 기,제 11 기
01416235,고스트스튜디오,950190,2023,연결재무제표,75939360.0,75943773.0,19235312.0,22710788.0,매출액,영업이익(손실),제 8 기,제 7 기
01416235,고스트스튜디오,950190,2024,연결재무제표,62865926.0,75939360.0,11300257.0,19235312.0,매출액,영업이익(손실),제 9 기,제 8 기
01416235,고스트스튜디오,950190,2025,연결재무제표,79118339.0,62865926.0,10778553.0,11300257.0,매출액,영업이익(손실),제 10 기,제 9 기
00579999,고영,098460,2023,연결재무제표,225630691398.0,275359587202.0,20372226090.0,44258682098.0,매출액,영업이익,제 22 기,제 21 기
00579999,고영,098460,2024,연결재무제표,202538127214.0,225630691398.0,3322352718.0,20372226090.0,매출액,영업이익,제 23 기,제 22 기
00579999,고영,098460,2025,연결재무제표,232647218656.0,202538127214.0,17342338477.0,3322352718.0,매출액,영업이익,제 24 기,제 23 기
00249502,골드앤에스,035290,2023,별도재무제표,9949791745.0,9488858046.0,-1365862741.0,-1144159584.0,매출액,영업손익,제 30 기,제 29 기
00249502,골드앤에스,035290,2024,별도재무제표,9593956706.0,9949791745.0,-486243638.0,-1365862741.0,매출액,영업손익,제 31 기,제 30 기
00249502,골드앤에스,035290,2025,별도재무제표,9019704769.0,9593956706.0,-1877853222.0,-486243638.0,매출액,영업손익,제 32 기,제 31 기
01067516,골프존,215000,2023,연결재무제표,685111033775.0,617513986929.0,114549134545.0,148679447295.0,매출액,영업이익,제 9 기,제 8 기
01067516,골프존,215000,2024,연결재무제표,619981380425.0,685111033775.0,95827273929.0,114549134545.0,매출액,영업이익,제 10 기,제 9 기
01067516,골프존,215000,2025,연결재무제표,483261063779.0,619981380425.0,68070895156.0,95827273929.0,매출액,영업이익,제 11 기,제 10 기
00674498,골프존홀딩스,121440,2023,연결재무제표,427096092866.0,488754684014.0,53112519604.0,94445934139.0,수익(매출액),영업이익,제 24 기,제 23 기
00674498,골프존홀딩스,121440,2024,연결재무제표,386190069709.0,424121965576.0,39446585365.0,53670695585.0,매출액,영업이익,제 25 기,제 24 기
00674498,골프존홀딩스,121440,2025,연결재무제표,354319476689.0,386190069709.0,28026301927.0,39446585365.0,매출액,영업이익,제 26 기,제 25 기
00103592,광동제약,009290,2023,연결재무제표,1514454148123.0,1431545255139.0,42069819369.0,38244441686.0,매출액,영업이익,제 51 기,제 50 기
00103592,광동제약,009290,2024,연결재무제표,1640718849226.0,1514454148123.0,30097355344.0,42069819369.0,매출액,영업이익,제 52 기,제 51 기
00103592,광동제약,009290,2025,연결재무제표,1659512457700.0,1640718849226.0,31045848005.0,30097355344.0,매출액,영업이익,제 53 기,제 52 기
00523176,광동헬스바이오,086220,2023,별도재무제표,80157299287.0,63917218053.0,2629689709.0,1564939202.0,매출액,영업이익(손실),제 31 기,제 30 기
00523176,광동헬스바이오,086220,2024,별도재무제표,65500847033.0,80157299287.0,-996316213.0,2629689709.0,매출액,영업이익(손실),제 32 기,제 31 기
00523176,광동헬스바이오,086220,2025,별도재무제표,66979543438.0,65500847033.0,900067416.0,-996316213.0,매출액,영업이익(손실),제 33 기,제 32 기
00103635,광림,014200,2023,연결재무제표,182141667058.0,206957469626.0,10407620783.0,22030179468.0,매출,영업이익(손실),제 45 기,제 44 기
00103635,광림,014200,2024,별도재무제표,92187272245.0,133831380993.0,6043715799.0,13288158296.0,매출,영업이익(손실),제 46 기,제 45 기
00103635,광림,014200,2025,연결재무제표,77311049839.0,92187272245.0,1246695104.0,6043715799.0,매출,영업이익(손실),제 47 기,제 46 기
00103662,광명전기,017040,2023,연결재무제표,161220121788.0,138239355910.0,-2273334035.0,4635070783.0,수익(매출액),영업이익(손실),제 43 기,제 42 기
00103662,광명전기,017040,2024,별도재무제표,142406269452.0,161220121788.0,-8771158218.0,-2273334035.0,수익(매출액),영업이익(손실),제 44 기,제 43 기
00103662,광명전기,017040,2025,별도재무제표,95869088214.0,142406269452.0,-9968236835.0,-8771158218.0,수익(매출액),영업이익(손실),제 45 기,제 44 기
00186452,광무,029480,2023,연결재무제표,24240060004.0,78221398794.0,-2607263511.0,2375618399.0,매출액,영업이익(손실),제 33 기,제 32 기
00186452,광무,029480,2024,연결재무제표,6526887723.0,24240060004.0,-4708785371.0,-2607263511.0,매출액,영업이익(손실),제 34 기,제 33 기
00186452,광무,029480,2025,연결재무제표,7572016042.0,6526887723.0,-4228353350.0,-4708785371.0,매출액,영업이익(손실),제 35 기,제 34 기
00152729,광전자,017900,2023,연결재무제표,125705279635.0,152201072028.0,-4405094540.0,5837058369.0,매출,영업이익(손실),제 40 기,제 39 기
00152729,광전자,017900,2024,연결재무제표,130189190329.0,125705279635.0,1473042384.0,-4405094540.0,매출,영업이익(손실),제 41 기,제 40 기
00152729,광전자,017900,2025,연결재무제표,132685277641.0,130189190329.0,1204703470.0,1473042384.0,매출액,영업이익(손실),제 42 기,제 41 기
00220561,광주신세계,037710,2023,별도재무제표,179586817869.0,184873955252.0,54901376689.0,65584851127.0,매출액,영업이익,제 29 기,제 28 기
00220561,광주신세계,037710,2024,별도재무제표,183575423411.0,179586817869.0,52327661202.0,54901376689.0,수익(매출액),영업이익(손실),제 30 기,제 29 기
00220561,광주신세계,037710,2025,별도재무제표,184210548361.0,183575423411.0,52472202633.0,52327661202.0,수익(매출액),영업이익(손실),제 31 기,제 30 기
00104120,광진실업,026910,2023,연결재무제표,53679071672.0,59139993833.0,-7043841565.0,585221907.0,수익(매출액),영업이익(손실),제 47 기,제 46 기
00104120,광진실업,026910,2024,연결재무제표,58527388505.0,53679071672.0,-7323446508.0,-7043841565.0,수익(매출액),영업이익(손실),제 48 기,제 47 기
00104120,광진실업,026910,2025,연결재무제표,56888193408.0,58527388505.0,-4251787340.0,-7323446508.0,수익(매출액),영업이익(손실),제 49 기,제 48 기
01760640,교보14호기업인수목적,456490,2024,별도재무제표,0.0,0.0,-53329950.0,-46964250.0,영업수익,영업이익(손실),제 2 기,제 1 기
01760640,교보14호기업인수목적,456490,2025,별도재무제표,0.0,0.0,-56237840.0,-53329950.0,영업수익,영업이익(손실),제 3 기,제 2 기
01781847,교보15호스팩,465320,2024,별도재무제표,0.0,0.0,-44928500.0,-33384540.0,영업수익,영업이익(손실),제 2 기,제 1 기
01781847,교보15호스팩,465320,2025,별도재무제표,0.0,0.0,-86900080.0,-44928500.0,영업수익,영업이익(손실),제 3 기,제 2 기
01845701,교보16호스팩,482520,2025,별도재무제표,0.0,0.0,-97173940.0,-56214417.0,영업수익,영업이익(손실),제 2 기,제 1 기
01866528,교보17호스팩,489210,2025,별도재무제표,0.0,0.0,-47067980.0,-36294340.0,영업수익,영업이익(손실),제 2 기,제 1 기
00113359,교보증권,030610,2023,연결재무제표,3743018931529.0,4065850269135.0,70278210960.0,51650690828.0,I.영업수익,III.영업이익(손실),제 79 기,제 78 기
00113359,교보증권,030610,2024,연결재무제표,3166321957747.0,3743018931529.0,113926120400.0,70278210960.0,I.영업수익,III.영업이익(손실),제 80 기,제 79 기
00113359,교보증권,030610,2025,연결재무제표,4506795230000.0,3166321957000.0,190443426000.0,113926120000.0,영업수익,영업이익,제 81 기,제 80 기
00453284,교촌에프앤비,339770,2023,연결재무제표,444950940517.0,517457457887.0,24838126050.0,8840657464.0,매출액,영업이익(손실),제 25 기,제 24 기
00453284,교촌에프앤비,339770,2024,연결재무제표,480810378812.0,444950940517.0,15437454339.0,24838126050.0,매출액,영업이익(손실),제 26 기,제 25 기
00453284,교촌에프앤비,339770,2025,연결재무제표,517353492006.0,480810378812.0,35038002910.0,15437454339.0,매출액,영업이익,제 27 기,제 26 기
00202060,구영테크,053270,2023,연결재무제표,357438435431.0,274207754755.0,28953283159.0,7695775160.0,매출액,영업이익(손실),제 35 기,제 34 기
00202060,구영테크,053270,2024,연결재무제표,377361299120.0,357438435431.0,28853581117.0,28953283159.0,매출액,영업이익(손실),제 36 기,제 35 기
00202060,구영테크,053270,2025,연결재무제표,426181253496.0,377361299120.0,24310734730.0,28853581117.0,매출액,영업이익,제 37 기,제 36 기
00104388,국도화학,007690,2023,연결재무제표,1311776360252.0,1601774176672.0,19152808086.0,96930520486.0,매출액,영업이익,제 52 기,제 51 기
00104388,국도화학,007690,2024,연결재무제표,1305775130486.0,1311776360252.0,25333558032.0,19152808086.0,매출액,영업이익(손실),제 53 기,제 52 기
00104388,국도화학,007690,2025,연결재무제표,1395556194366.0,1305775130486.0,53170435543.0,25333558032.0,매출액,영업이익(손실),제 54 기,제 53 기
00104519,국보,001140,2023,연결재무제표,47384485455.0,58834597898.0,-12080295470.0,-10102055060.0,수익(매출액),영업이익(손실),제 70 기,제 69 기
00104519,국보,001140,2024,연결재무제표,40641437841.0,47384485455.0,-7753996792.0,-12080295470.0,수익(매출액),영업이익(손실),제 71 기,제 70 기
00104519,국보,001140,2025,연결재무제표,4081102301.0,40641437841.0,-5572542829.0,-7753996792.0,수익(매출액),영업이익(손실),제 72 기,제 71 기
00253985,국보디자인,066620,2023,연결재무제표,401268154696.0,378387843965.0,32409587505.0,28764824075.0,수익(매출액),영업이익(손실),제 36 기,제 35 기
00253985,국보디자인,066620,2024,연결재무제표,421641298281.0,401268154696.0,41699899386.0,32409587505.0,수익(매출액),영업이익(손실),제 37 기,제 36 기
00253985,국보디자인,066620,2025,연결재무제표,438886977675.0,421641298281.0,45761779944.0,41699899386.0,매출액,영업이익,제 38 기,제 37 기
00256715,국순당,043650,2023,연결재무제표,70483966911.0,74619184834.0,4464546772.0,9145079697.0,수익(매출액),영업이익(손실),제 41 기,제 40 기
00256715,국순당,043650,2024,연결재무제표,68818650537.0,70483966911.0,-2278660878.0,4464546772.0,수익(매출액),영업이익(손실),제 42 기,제 41 기
00256715,국순당,043650,2025,연결재무제표,67498883797.0,68818650537.0,-831886128.0,-2278660878.0,수익(매출액),영업이익(손실),제 43 기,제 42 기
00104537,국영지앤엠,006050,2023,별도재무제표,76640521220.0,63599420068.0,942168843.0,2121316409.0,수익(매출액),영업이익(손실),제 55 기,제 54 기
00104537,국영지앤엠,006050,2024,별도재무제표,75411207520.0,76640521220.0,902779810.0,942168843.0,수익(매출액),영업이익(손실),제 56 기,제 55 기
00104537,국영지앤엠,006050,2025,별도재무제표,60198966693.0,75411207520.0,929319448.0,902779810.0,수익(매출액),영업이익(손실),제 57 기,제 56 기
00203847,국일신동,060480,2023,별도재무제표,19639701107.0,26883136547.0,-2191984516.0,385392950.0,수익(매출액),영업이익(손실),제 31 기,제 30 기
00203847,국일신동,060480,2024,별도재무제표,31397800162.0,19639701107.0,-1696267519.0,-2191984516.0,수익(매출액),영업이익(손실),제 32 기,제 31 기
00203847,국일신동,060480,2025,별도재무제표,36286194700.0,31397800162.0,-209964265.0,-1696267519.0,수익(매출액),영업이익(손실),제 33 기,제 32 기
00104573,국일제지,078130,2023,연결재무제표,80712561700.0,112499512605.0,-7440382730.0,-11050253296.0,수익(매출액),영업이익(손실),제 46 기,제 45 기
00104573,국일제지,078130,2024,연결재무제표,56365160891.0,53135778290.0,-1288922457.0,-1607027274.0,수익(매출액),영업이익(손실),제 47 기,제 46 기
00104573,국일제지,078130,2025,연결재무제표,67784821286.0,56365160891.0,-495084519.0,-1288922457.0,수익(매출액),영업이익(손실),제 48 기,제 47 기
01329957,국전,307750,2023,연결재무제표,121997885408.0,103710827977.0,6498831883.0,3509148953.0,수익(매출액),영업이익(손실),제 6 기,제 5 기
01329957,국전,307750,2024,연결재무제표,136467647880.0,121997885408.0,368251990.0,6498831883.0,수익(매출액),영업이익(손실),제 7 기,제 6 기
01329957,국전,307750,2025,연결재무제표,131039398700.0,136467647880.0,-2575730706.0,368251990.0,매출액,영업이익(손실),제 8 기,제 7 기
00104722,국제약품,002720,2023,연결재무제표,135372690530.0,126583402933.0,-1989142940.0,5272527164.0,매출액,영업이익(손실),제 66 기,제 65 기
00104722,국제약품,002720,2024,연결재무제표,156462822664.0,135372690530.0,6701642414.0,-1989142940.0,매출액,영업이익(손실),제 67 기,제 66 기
00104722,국제약품,002720,2025,연결재무제표,175496223500.0,156462822664.0,6184872347.0,6701642414.0,매출액,영업이익(손실),제 68 기,제 67 기
00244561,그래디언트,035080,2023,연결재무제표,3423866580408.0,3584845793132.0,2909640608.0,14581382704.0,매출액,영업이익(손실),제 27 기,제 26 기
00244561,그래디언트,035080,2024,연결재무제표,3317910394761.0,3423866580408.0,-5512716880.0,2909640608.0,매출액,영업이익,제 28 기,제 27 기
00244561,그래디언트,035080,2025,연결재무제표,3061593068748.0,3317910394761.0,-29581406856.0,-5512716880.0,매출액,영업이익(손실),제 29 기,제 28 기
01565054,그래피,318060,2025,연결재무제표,20532799353.0,16124504289.0,-11053753180.0,-9170305465.0,수익(매출액),영업이익(손실),제 9 기,제 8 기
01299203,그리드위즈,453450,2024,연결재무제표,124674395185.0,131870602109.0,-4342600272.0,1591501114.0,매출액,영업이익(손실),제 12 기,제 11 기
01299203,그리드위즈,453450,2025,연결재무제표,125608613271.0,124674395185.0,816318926.0,-4342600272.0,매출액,영업이익(손실),제 13 기,제 12 기
00671978,그리티,204020,2023,연결재무제표,176102433452.0,143116381797.0,11123087525.0,2873864446.0,매출액,영업이익(손실),제 25 기,제 24 기
00671978,그리티,204020,2024,연결재무제표,194740127235.0,176102433452.0,12310141430.0,11123087525.0,매출액,영업이익(손실),제 26 기,제 25 기
00671978,그리티,204020,2025,연결재무제표,201717579283.0,194740127235.0,7852792954.0,12310141430.0,매출액,영업이익(손실),제 27 기,제 26 기
01370863,그린리소스,402490,2023,연결재무제표,16501343055.0,25084703170.0,3268355911.0,3730726683.0,수익(매출액),영업이익(손실),제 13 기,제 12 기
01370863,그린리소스,402490,2024,연결재무제표,18498939484.0,16501343055.0,1071726412.0,3268355911.0,수익(매출액),영업이익(손실),제 14 기,제 13 기
01370863,그린리소스,402490,2025,연결재무제표,102155379135.0,18498939484.0,6032761230.0,1071726412.0,수익(매출액),영업이익(손실),제 15 기,제 14 기
00532059,그린생명과학,114450,2023,별도재무제표,22369480277.0,36504906975.0,-4643025625.0,-3958046716.0,수익(매출액),영업이익(손실),제 19 기,제 18 기
00532059,그린생명과학,114450,2024,별도재무제표,24860636227.0,22369480277.0,376909432.0,-4643025625.0,수익(매출액),영업이익(손실),제 20 기,제 19 기
00532059,그린생명과학,114450,2025,별도재무제표,40339622036.0,24860636227.0,204292480.0,376909432.0,수익(매출액),영업이익(손실),제 21 기,제 20 기
00454946,그린케미칼,083420,2023,별도재무제표,282345762196.0,324927356354.0,4952176367.0,17219652079.0,매출액,영업이익,제 21 기,제 20 기
00454946,그린케미칼,083420,2024,별도재무제표,330339365530.0,282345762196.0,10686734198.0,4952176367.0,매출액,영업이익,제 22 기,제 21 기
00454946,그린케미칼,083420,2025,별도재무제표,304057102221.0,330339365530.0,10149397773.0,10686734198.0,수익(매출액),영업이익(손실),제 23 기,제 22 기
00602279,그린플러스,186230,2023,연결재무제표,58874226647.0,83007100959.0,-8208007400.0,3596836213.0,수익(매출액),영업이익(손실),제 27 기,제 26 기
00602279,그린플러스,186230,2024,연결재무제표,87683082859.0,58874226647.0,2486072224.0,-8208007400.0,수익(매출액),영업이익(손실),제 28 기,제 27 기
00602279,그린플러스,186230,2025,연결재무제표,105715000362.0,87683082859.0,-952225545.0,2486072224.0,수익(매출액),영업이익(손실),제 29 기,제 28 기
00105156,극동유화,014530,2023,연결재무제표,1157998807210.0,1242475835454.0,27841803020.0,30590826516.0,수익(매출액),영업이익(손실),제 44 기,제 43 기
00105156,극동유화,014530,2024,연결재무제표,1062833512172.0,1157998807210.0,22878631372.0,27841803020.0,수익(매출액),영업이익(손실),제 45 기,제 44 기
00105156,극동유화,014530,2025,연결재무제표,1021727866612.0,1062833512172.0,15446578571.0,22878631372.0,매출액,영업이익,제 46 기,제 45 기
00783246,글로벌에스엠,900070,2023,연결재무제표,602118826.0,645931626.0,19571603.0,42754480.0,수익(매출액),영업이익(손실),제 16 기,제 15 기
00783246,글로벌에스엠,900070,2024,연결재무제표,90355041.0,85019177.0,4099798.0,2763510.0,수익(매출액),영업이익(손실),제 17 기,제 16 기
00783246,글로벌에스엠,900070,2025,연결재무제표,90947338.0,90355041.0,5838640.0,4099798.0,수익(매출액),영업이익(손실),제 18 기,제 17 기
01042711,글로벌텍스프리,204620,2023,연결재무제표,93373547015.0,41967340578.0,14776893088.0,-3568066672.0,영업수익,영업이익(손실),제 10 기,제 9 기
01042711,글로벌텍스프리,204620,2024,연결재무제표,129729725356.0,81675692376.0,21771465088.0,9812485992.0,영업수익,영업이익(손실),제 11 기,제 10 기
01042711,글로벌텍스프리,204620,2025,연결재무제표,154056520360.0,108359046176.0,28985101394.0,21584089077.0,영업수익,영업이익,제 12 기,제 11 기
00159731,글로본,019660,2023,별도재무제표,20311948431.0,18479329687.0,-3991779002.0,-4089214506.0,매출액,영업이익(손실),제 39 기,제 38 기
00159731,글로본,019660,2024,별도재무제표,17329300244.0,20311948431.0,244425383.0,-3991779002.0,수익(매출액),영업이익(손실),제 40 기,제 39 기
00159731,글로본,019660,2025,별도재무제표,12948120906.0,17329300244.0,-4830188254.0,244425383.0,수익(매출액),영업이익(손실),제 41 기,제 40 기
00105299,금강공업,014280,2023,연결재무제표,856892700510.0,728931700430.0,66582089210.0,34368944960.0,매출액,영업이익,제 45 기,제 44 기
00105299,금강공업,014280,2024,연결재무제표,801352012454.0,856892700510.0,33048202059.0,66582089210.0,수익(매출액),영업이익(손실),제 46 기,제 45 기
00105299,금강공업,014280,2025,연결재무제표,802156014802.0,801352012454.0,10497395028.0,33048202059.0,수익(매출액),영업이익(손실),제 47 기,제 46 기
00105475,금강철강,053260,2023,연결재무제표,225362561244.0,244220990730.0,5290275022.0,4891451957.0,영업수익,영업이익(손실),제 47 기,제 46 기
00105475,금강철강,053260,2024,연결재무제표,201084686267.0,225362561244.0,3808766502.0,5290275022.0,영업수익,영업이익(손실),제 48 기,제 47 기
00105475,금강철강,053260,2025,연결재무제표,177224131863.0,201084686267.0,1502892079.0,3808766502.0,영업수익,영업이익(손실),제 49 기,제 48 기
00168401,금비,008870,2023,연결재무제표,250958272033.0,234952392835.0,5890125995.0,-6480775.0,매출액,영업이익(손실),제 51 기,제 50 기
00168401,금비,008870,2024,연결재무제표,259456804269.0,250958272033.0,12361949538.0,5890125995.0,매출액,영업이익(손실),제 52 기,제 51 기
00168401,금비,008870,2025,연결재무제표,252403803067.0,259456804269.0,3369257142.0,12361949538.0,매출액,영업이익,제 53 기,제 52 기
00106119,금양,001570,2023,연결재무제표,152030952048.0,202836313078.0,-14608343494.0,7924631740.0,매출액,영업이익(손실),제 69 기,제 68 기
00106119,금양,001570,2024,연결재무제표,153730068660.0,152030952048.0,-56002221720.0,-14608343494.0,수익(매출액),영업이익(손실),제 70 기,제 69 기
00106119,금양,001570,2025,연결재무제표,102780898535.0,153730068660.0,-44660871685.0,-56002221720.0,영업수익,영업이익(손실),제 71 기,제 70 기
00872656,금양그린파워,282720,2023,연결재무제표,238857679141.0,230598444583.0,6051854924.0,10709399057.0,매출액,영업이익(손실),제 31 기,제 30 기
00872656,금양그린파워,282720,2024,연결재무제표,243169597848.0,238857679141.0,-17128386918.0,6051854924.0,매출액,영업이익(손실),제 32 기,제 31 기
00872656,금양그린파워,282720,2025,연결재무제표,264778674601.0,243169597848.0,427286876.0,-17128386918.0,매출액,영업이익(손실),제 33 기,제 32 기
00106313,금호건설,002990,2023,연결재무제표,2217626015573.0,2048507174841.0,21804193710.0,55946616129.0,수익(매출액),영업이익,제 52 기,제 51 기
00106313,금호건설,002990,2024,연결재무제표,1914191087195.0,2217626015573.0,-181828149572.0,21804193710.0,매출,영업이익,제 53 기,제 52 기
00106313,금호건설,002990,2025,연결재무제표,2018488470870.0,1914191087195.0,47084246190.0,-181828149572.0,매출,영업이익,제 54 기,제 53 기
00106368,금호석유화학,011780,2023,연결재무제표,6322528187782.0,7975625981021.0,358961881960.0,1147312056499.0,매출액,영업이익,제 47 기,제 46 기
00106368,금호석유화학,011780,2024,연결재무제표,7155003786012.0,6322528187782.0,272804307588.0,358961881960.0,매출액,영업이익,제 48 기,제 47 기
00106368,금호석유화학,011780,2025,연결재무제표,6915145099921.0,7155003786012.0,271828509546.0,272804307588.0,매출액,영업이익,제 49 기,제 48 기
00105606,금호에이치티,214330,2023,연결재무제표,364320450865.0,277770353237.0,10773829072.0,9292103935.0,매출액,영업이익(손실),제 36 기,제 35 기
00105606,금호에이치티,214330,2024,연결재무제표,444874773913.0,364320450865.0,11887771514.0,10773829072.0,매출액,영업이익(손실),제 37 기,제 36 기
00105606,금호에이치티,214330,2025,연결재무제표,385404440556.0,444874773913.0,6247101974.0,11887771514.0,매출액,영업이익,제 38 기,제 37 기
00106395,금호전기,001210,2023,연결재무제표,53372993650.0,46015093156.0,-8228668329.0,-11787966654.0,수익(매출액),영업이익(손실),제 70 기,제 69 기
00106395,금호전기,001210,2024,연결재무제표,53171559352.0,53372993650.0,-4957267533.0,-8228668329.0,수익(매출액),영업이익(손실),제 71 기,제 70 기
00106395,금호전기,001210,2025,연결재무제표,44337718233.0,53171559352.0,-1183567764.0,-4957267533.0,수익(매출액),영업이익(손실),제 72 기,제 71 기
00481454,금호타이어,073240,2023,연결재무제표,4041412157685.0,3559158461842.0,411010498490.0,23135670517.0,수익(매출액),영업이익(손실),제 21 기,제 20 기
00481454,금호타이어,073240,2024,연결재무제표,4532177923979.0,4041412157685.0,588591711860.0,411010498490.0,매출액,영업이익,제 22 기,제 21 기
00481454,금호타이어,073240,2025,연결재무제표,4701282075494.0,4532177923979.0,575859298284.0,588591711860.0,매출액,영업이익,제 23 기,제 22 기
00176516,금화피에스시,036190,2023,연결재무제표,337610294221.0,248347893901.0,43458261238.0,27900351420.0,수익(매출액),영업이익(손실),제 43 기,제 42 기
00176516,금화피에스시,036190,2024,연결재무제표,340226854764.0,337610294221.0,36198289191.0,43458261238.0,수익(매출액),영업이익(손실),제 44 기,제 43 기
00176516,금화피에스시,036190,2025,연결재무제표,423433500797.0,340226854764.0,43801481164.0,36198289191.0,수익(매출액),영업이익(손실),제 45 기,제 44 기
00377018,기가레인,049080,2023,연결재무제표,44294520242.0,54726444533.0,-11774175563.0,-7101225896.0,매출액,영업이익(손실),제 24 기,제 23 기
00377018,기가레인,049080,2024,연결재무제표,41689699551.0,44294520242.0,-7351590541.0,-11774175563.0,매출액,영업이익(손실),제 25 기,제 24 기
00377018,기가레인,049080,2025,연결재무제표,40331425989.0,41689699551.0,-12476369703.0,-7351590541.0,매출액,영업이익(손실),제 26 기,제 25 기
00765569,기가비스,420770,2023,별도재무제표,91422516772.0,99727656934.0,35013634833.0,33825685615.0,수익(매출액),영업이익(손실),제 20 기,제 19 기
00765569,기가비스,420770,2024,별도재무제표,26133336219.0,91422516772.0,-1786928658.0,35013634833.0,수익(매출액),영업이익(손실),제 21 기,제 20 기
00765569,기가비스,420770,2025,연결재무제표,52434995936.0,26133336219.0,12100818200.0,-1786928658.0,수익(매출액),영업이익(손실),제 22 기,제 21 기
00258421,기산텔레콤,035460,2023,연결재무제표,73884674502.0,67802637797.0,4410201203.0,4615718774.0,수익(매출액),영업이익(손실),제 30 기,제 29 기
00258421,기산텔레콤,035460,2024,연결재무제표,93077993766.0,73884674502.0,4946654869.0,4410201203.0,수익(매출액),영업이익(손실),제 31 기,제 30 기
00258421,기산텔레콤,035460,2025,연결재무제표,99473228556.0,93077993766.0,8077508374.0,4946654869.0,수익(매출액),영업이익(손실),제 32 기,제 31 기
00106614,기신정기,092440,2023,연결재무제표,144440857401.0,131329892496.0,6417822420.0,9642345481.0,매출액,영업이익(손실),제 35 기,제 34 기
00106614,기신정기,092440,2024,연결재무제표,137860488679.0,144440857401.0,2498092901.0,6417822420.0,매출액,영업이익(손실),제 36 기,제 35 기
00106614,기신정기,092440,2025,연결재무제표,131315525932.0,137860488679.0,1018157936.0,2498092901.0,매출액,영업이익(손실),제 37 기,제 36 기
00106641,기아,000270,2023,연결재무제표,99808420000000.0,86559029000000.0,11607873000000.0,7233120000000.0,매출액,영업이익,제 80 기,제 79 기
00106641,기아,000270,2024,연결재무제표,107448752000000.0,99808420000000.0,12667139000000.0,11607873000000.0,매출액,영업이익,제 81 기,제 80 기
00106641,기아,000270,2025,연결재무제표,114140919000000.0,107448752000000.0,9078148000000.0,12667139000000.0,매출액,영업이익,제 82 기,제 81 기
00149646,기업은행,024110,2023,연결재무제표,196338000000.0,187242000000.0,3432281000000.0,3646989000000.0,기타영업수익,영업이익,제 63 기,제 62 기
00149646,기업은행,024110,2024,연결재무제표,328767000000.0,196338000000.0,3594087000000.0,3432281000000.0,기타영업수익,영업이익,제 64 기,제 63 기
00149646,기업은행,024110,2025,연결재무제표,312573000000.0,328767000000.0,3655589000000.0,3594087000000.0,기타영업수익,영업이익,제 65 기,제 64 기
00129420,까뮤이앤씨,013700,2023,연결재무제표,278827953382.0,195140487261.0,6651260920.0,-15897800139.0,수익(매출액),영업이익(손실),제 45 기,제 44 기
00129420,까뮤이앤씨,013700,2024,연결재무제표,260379672451.0,278827953382.0,-18097320062.0,6651260920.0,수익(매출액),영업이익(손실),제 46 기,제 45 기
00129420,까뮤이앤씨,013700,2025,연결재무제표,297453436886.0,260379672451.0,23846813274.0,-18097320062.0,수익(매출액),영업이익(손실),제 47 기,제 46 기
00113492,깨끗한나라,004540,2023,연결재무제표,514854128376.0,606453743473.0,-18914851966.0,3754759313.0,매출,영업이익(손실),제 59 기,제 58 기
00113492,깨끗한나라,004540,2024,연결재무제표,537049885546.0,514854128376.0,-902193220.0,-18914851966.0,매출,영업이익(손실),제 60 기,제 59 기
00113492,깨끗한나라,004540,2025,연결재무제표,508201414888.0,537049885546.0,-22638049505.0,-902193220.0,매출,영업이익(손실),제 61 기,제 60 기
01586455,꿈비,407400,2023,연결재무제표,28927922420.0,27181744152.0,-2635913686.0,1133307231.0,매출액,영업이익(손실),제 10 기,제 9 기
01586455,꿈비,407400,2024,연결재무제표,39492542361.0,28927922420.0,402701555.0,-2635913686.0,매출액,영업이익(손실),제 11 기,제 10 기
01586455,꿈비,407400,2025,연결재무제표,86393559485.0,39492542361.0,-4247887533.0,402701555.0,매출액,영업이익(손실),제 12 기,제 11 기
00994994,나노,187790,2023,연결재무제표,88076437797.0,66804959543.0,1622778490.0,-3548846665.0,수익(매출액),영업손익,제 11 기,제 10 기
00994994,나노,187790,2024,연결재무제표,88600534688.0,88076437797.0,1657604767.0,1622778490.0,매출,영업이익,제 12 기,제 11 기
00994994,나노,187790,2025,연결재무제표,85676337440.0,88600534688.0,5526387704.0,1657604767.0,매출,영업이익,제 13 기,제 12 기
00439965,나노신소재,121600,2023,연결재무제표,83170197743.0,79912146327.0,11892080207.0,16822813569.0,수익(매출액),영업이익(손실),제 24 기,제 23 기
00439965,나노신소재,121600,2024,연결재무제표,87767284001.0,83170197743.0,2987662289.0,11892080207.0,수익(매출액),영업이익(손실),제 25 기,제 24 기
00439965,나노신소재,121600,2025,연결재무제표,111745369751.0,87767284001.0,4681087390.0,2987662289.0,매출액,영업이익,제 26 기,제 25 기
01136001,나노실리칸첨단소재,286750,2023,연결재무제표,6459076533.0,7139299058.0,-2482020008.0,-3593951350.0,매출액,영업이익(손실),제 17 기,제 16 기
01136001,나노실리칸첨단소재,286750,2024,연결재무제표,5278777668.0,6459076533.0,-3439815714.0,-2482020008.0,매출액,영업이익(손실),제 18 기,제 17 기
01136001,나노실리칸첨단소재,286750,2025,연결재무제표,5976639350.0,5278777668.0,-6580662725.0,-3439815714.0,수익(매출액),영업이익(손실),제 19 기,제 18 기
00660459,나노씨엠에스,247660,2023,별도재무제표,4582873462.0,7409764202.0,-3162385769.0,554960715.0,수익(매출액),영업이익(손실),제 21 기,제 20 기
00660459,나노씨엠에스,247660,2024,별도재무제표,4649686964.0,4582873462.0,-8858163812.0,-3162385769.0,수익(매출액),영업이익(손실),제 22 기,제 21 기
00660459,나노씨엠에스,247660,2025,별도재무제표,5289045322.0,4649686964.0,-1993106002.0,-8858163812.0,수익(매출액),영업이익(손실),제 23 기,제 22 기
00230425,나노엔텍,039860,2023,연결재무제표,26836556528.0,35200667312.0,-2229194130.0,4380965003.0,매출액,영업이익(손실),제 37 기,제 36 기
00230425,나노엔텍,039860,2024,연결재무제표,30464019321.0,26836556528.0,620865224.0,-2229194130.0,매출액,영업이익(손실),제 38 기,제 37 기
00230425,나노엔텍,039860,2025,연결재무제표,38130262567.0,30464019321.0,1101528344.0,620865224.0,매출액,영업이익(손실),제 39 기,제 38 기
01524118,나노팀,417010,2023,연결재무제표,47190666523.0,38456611049.0,5444341870.0,3030381755.0,수익(매출액),영업이익(손실),제 8 기,제 7 기
01524118,나노팀,417010,2024,연결재무제표,32391708805.0,47190666523.0,-3762315186.0,5444341870.0,수익(매출액),영업이익(손실),제 9 기,제 8 기
01524118,나노팀,417010,2025,연결재무제표,40323638066.0,32391708805.0,-501486673.0,-3762315186.0,수익(매출액),영업이익(손실),제 10 기,제 9 기
01021639,나라셀라,405920,2023,연결재무제표,85325300237.0,107162501611.0,196480866.0,11957918054.0,매출액,영업이익,제 34 기,제 33 기
01021639,나라셀라,405920,2024,연결재무제표,82707219799.0,85325300237.0,-3478071657.0,196480866.0,매출액,영업이익,제 35 기,제 34 기
01021639,나라셀라,405920,2025,연결재무제표,82108561843.0,82707219799.0,984309945.0,-3478071657.0,매출액,영업이익,제 36 기,제 35 기
01787355,나라스페이스테크놀로지,478340,2025,별도재무제표,13236859805.0,4299000437.0,-5460961314.0,-4432875706.0,매출액,영업이익(손실),제 11 기,제 10 기
00297095,나라엠앤디,051490,2023,연결재무제표,231000548728.0,218222444013.0,10711609456.0,10540207687.0,수익(매출액),영업이익(손실),제 25 기,제 24 기
00297095,나라엠앤디,051490,2024,연결재무제표,203815719224.0,231000548728.0,4980741468.0,10711609456.0,수익(매출액),영업이익(손실),제 26 기,제 25 기
00297095,나라엠앤디,051490,2025,연결재무제표,184633171553.0,203815719224.0,-79792483.0,4980741468.0,수익(매출액),영업이익(손실),제 27 기,제 26 기
00362122,나래나노텍,137080,2023,연결재무제표,52925517541.0,88040460887.0,-14991082577.0,1956020616.0,매출액,영업이익(손실),제 29 기,제 28 기
00362122,나래나노텍,137080,2024,연결재무제표,40425966058.0,52925517541.0,-22108083244.0,-14991082577.0,매출액,영업이익(손실),제 30 기,제 29 기
00362122,나래나노텍,137080,2025,연결재무제표,54497281414.0,40425966058.0,-8838370335.0,-22108083244.0,수익(매출액),영업이익(손실),제 31 기,제 30 기
00819374,나무가,190510,2023,연결재무제표,365609176662.0,519342981244.0,22724926461.0,32376700042.0,매출액,영업이익(손실),제 20 기,제 19 기
00819374,나무가,190510,2024,연결재무제표,450363058954.0,365609176662.0,20949015522.0,22724926461.0,매출액,영업이익,제 21 기,제 20 기
00819374,나무가,190510,2025,연결재무제표,459879687266.0,450363058954.0,28185264560.0,20949015522.0,수익(매출액),영업이익(손실),제 22 기,제 21 기
01136348,나무에이엑스,242040,2023,연결재무제표,90558433590.0,106218514270.0,-749823439.0,2178471444.0,수익(매출액),영업이익(손실),제 8 기,제 7 기
01136348,나무에이엑스,242040,2024,연결재무제표,91419341397.0,90558433590.0,-2227398114.0,-749823439.0,수익(매출액),영업이익(손실),제 9 기,제 8 기
01136348,나무에이엑스,242040,2025,연결재무제표,102273238233.0,91419341397.0,2251203375.0,-2227398114.0,수익(매출액),영업이익(손실),제 10 기,제 9 기
00651017,나우IB,293580,2023,연결재무제표,26697697608.0,22344185768.0,2455449314.0,11111930414.0,영업수익,영업이익,제 17 기,제 16 기
00651017,나우IB,293580,2024,연결재무제표,31417158257.0,26697697608.0,9011096930.0,2455449314.0,영업수익,영업이익,제 18 기,제 17 기
00651017,나우IB,293580,2025,연결재무제표,29156196744.0,31417158257.0,7301339438.0,9011096930.0,영업수익,영업이익,제 19 기,제 18 기
01594791,나우로보틱스,459510,2025,별도재무제표,12526033167.0,12059591829.0,-8206292816.0,-2856450125.0,I. 매출액,IV. 영업이익(손실),제 10 기,제 9 기
00425254,나우코스,257990,2023,연결재무제표,52740481732.0,42348411765.0,1376574398.0,-1473313570.0,매출액,영업이익(손실),제 24 기,제 23 기
00425254,나우코스,257990,2024,연결재무제표,62032174624.0,52740481732.0,1268354832.0,1376574398.0,수익(매출액),영업이익(손실),제 25 기,제 24 기
00425254,나우코스,257990,2025,연결재무제표,69544503906.0,62032174624.0,3101716434.0,1268354832.0,수익(매출액),영업이익(손실),제 26 기,제 25 기
00767628,나이벡,138610,2023,별도재무제표,15703946248.0,21670439547.0,-2230481871.0,645669182.0,매출액,영업이익(손실),제 20 기,제 19 기
00767628,나이벡,138610,2024,별도재무제표,24550141599.0,15703946248.0,-4926541320.0,-2230481871.0,매출액,영업이익(손실),제 21 기,제 20 기
00767628,나이벡,138610,2025,별도재무제표,32718793376.0,24550141599.0,5025830136.0,-4926541320.0,매출액,영업이익(손실),제 22 기,제 21 기
00606293,나이스디앤비,130580,2023,연결재무제표,87910545223.0,92189888726.0,14191689686.0,15496053408.0,영업수익,영업이익(손실),제 22 기,제 21 기
00606293,나이스디앤비,130580,2024,연결재무제표,89663934603.0,87910545223.0,15782733685.0,14191689686.0,영업수익,영업이익(손실),제 23 기,제 22 기
00606293,나이스디앤비,130580,2025,연결재무제표,91363378272.0,89663934603.0,15432002768.0,15782733685.0,영업수익,영업이익(손실),제 24 기,제 23 기
00264945,나이스정보통신,036800,2023,연결재무제표,891628591940.0,804861396536.0,36733568866.0,48081669001.0,매출액,영업이익,제 36 기,제 35 기
00264945,나이스정보통신,036800,2024,연결재무제표,975137479129.0,891628591940.0,39874639225.0,36733568866.0,매출액,영업이익,제 37 기,제 36 기
00264945,나이스정보통신,036800,2025,연결재무제표,1094683988076.0,975137479129.0,55292809712.0,39874639225.0,수익(매출액),영업이익,제 38 기,제 37 기
01307335,나인앤컴퍼니,366030,2023,별도재무제표,53009477352.0,58686880114.0,10512863283.0,12661735582.0,매출액,영업이익(손실),제 18 기,제 17 기
01307335,나인앤컴퍼니,366030,2024,연결재무제표,49860402968.0,53009477352.0,8102118530.0,10512863283.0,매출액,영업이익(손실),제 19 기,제 18 기
01307335,나인앤컴퍼니,366030,2025,연결재무제표,45044252491.0,49860402968.0,6804511850.0,8102118530.0,매출액,영업이익(손실),제 20 기,제 19 기
01208849,나인테크,267320,2023,연결재무제표,123048379274.0,88818411489.0,-3097720350.0,5224708721.0,매출액,영업이익(손실),제 7 기,제 6 기
01208849,나인테크,267320,2024,연결재무제표,197219777077.0,123048379274.0,4629401862.0,-3097720350.0,매출액,영업이익(손실),제 8 기,제 7 기
01208849,나인테크,267320,2025,연결재무제표,82368729078.0,197219777077.0,-8923627485.0,4629401862.0,매출액,영업이익(손실),제 9 기,제 8 기
00107066,남광토건,001260,2023,연결재무제표,547683547225.0,450379452331.0,4346983076.0,11115819532.0,매출액,영업이익(손실),제 70 기,제 69 기
00107066,남광토건,001260,2024,연결재무제표,504249000325.0,547683547225.0,7304140896.0,4346983076.0,매출액,영업이익(손실),제 71 기,제 70 기
00107066,남광토건,001260,2025,연결재무제표,357445671000.0,504249000000.0,11440484000.0,7304141000.0,수익(매출액),영업이익(손실),제 72 기,제 71 기
00107224,남선알미늄,008350,2023,연결재무제표,310499187506.0,255740299974.0,6445968577.0,-2490017943.0,수익(매출액),영업이익(손실),제 51 기,제 50 기
00107224,남선알미늄,008350,2024,연결재무제표,289539027472.0,310499187506.0,4824753722.0,6445968577.0,수익(매출액),영업이익(손실),제 52 기,제 51 기
00107224,남선알미늄,008350,2025,연결재무제표,258921909120.0,289539027472.0,-3265896897.0,4824753722.0,매출액,영업이익(손실),제 53 기,제 52 기
00172185,남성,004270,2023,연결재무제표,69674672020.0,98137172439.0,-6078155000.0,2539944499.0,수익(매출액),영업이익(손실),제 60 기,제 59 기
00172185,남성,004270,2024,연결재무제표,74577816567.0,69674672020.0,-1809506052.0,-6078155000.0,수익(매출액),영업이익(손실),제 61 기,제 60 기
00172185,남성,004270,2025,연결재무제표,77541223156.0,74577816567.0,187996496.0,-1809506052.0,매출액,영업이익(손실),제 62 기,제 61 기
00107598,남양유업,003920,2023,연결재무제표,996763358982.0,964660006375.0,-72354443617.0,-86806775040.0,매출,영업이익(손실),제 60 기,제 59 기
00107598,남양유업,003920,2024,연결재무제표,952794199365.0,996763358982.0,-9807235105.0,-71504518261.0,수익(매출액),영업이익(손실),제 61 기,제 60 기
00107598,남양유업,003920,2025,연결재무제표,914148968157.0,952794199365.0,5173833371.0,-9807235105.0,수익(매출액),영업이익(손실),제 62 기,제 61 기
00107987,남해화학,025860,2023,연결재무제표,1588078324797.0,2169565870526.0,11053225204.0,62590109179.0,매출액,영업이익(손실),제 50 기,제 49 기
00107987,남해화학,025860,2024,연결재무제표,1519109111887.0,1588078324797.0,36263869903.0,11053225204.0,매출액,영업이익,제 51 기,제 50 기
00107987,남해화학,025860,2025,연결재무제표,1604420884203.0,1519109111887.0,43128612586.0,36263869903.0,매출액,영업이익,제 52 기,제 51 기
00245694,남화산업,111710,2023,별도재무제표,24670582732.0,30435802726.0,11794142261.0,17721459369.0,영업수익,영업이익(손실),제 34 기,제 33 기
00245694,남화산업,111710,2024,별도재무제표,20703099096.0,24670582732.0,8010834824.0,11794142261.0,영업수익,영업이익(손실),제 35 기,제 34 기
00245694,남화산업,111710,2025,별도재무제표,16771010459.0,20703099096.0,4093920849.0,8010834824.0,영업수익,영업이익(손실),제 36 기,제 35 기
00108001,남화토건,091590,2023,연결재무제표,71796422978.0,90791512388.0,-4374625832.0,4468708150.0,수익(매출액),영업이익(손실),제 65 기,제 64 기
00108001,남화토건,091590,2024,연결재무제표,56667089060.0,71796422978.0,-2000605756.0,-4374625832.0,수익(매출액),영업이익(손실),제 66 기,제 65 기
00108001,남화토건,091590,2025,연결재무제표,72692437385.0,56667089060.0,3750421857.0,-2000605756.0,수익(매출액),영업이익(손실),제 67 기,제 66 기
00923792,내츄럴엔도텍,168330,2023,연결재무제표,18790261455.0,13950826981.0,-4081101947.0,-8437324446.0,매출액,영업이익(손실),제 23 기,제 22 기
00923792,내츄럴엔도텍,168330,2024,연결재무제표,22263243100.0,18790261455.0,-3768292469.0,-4081101947.0,수익(매출액),영업이익(손실),제 24 기,제 23 기
00923792,내츄럴엔도텍,168330,2025,연결재무제표,22226566086.0,22263243100.0,-3294850349.0,-3768292469.0,수익(매출액),영업이익(손실),제 25 기,제 24 기
00599106,네오리진,094860,2023,연결재무제표,25511836781.0,26086111649.0,-2588390404.0,-1158370741.0,수익(매출액),영업이익(손실),제 17 기,제 16 기
00599106,네오리진,094860,2024,연결재무제표,35116032831.0,18516075845.0,-5843392748.0,-2578618080.0,수익(매출액),영업이익(손실),제 18 기,제 17 기
00599106,네오리진,094860,2025,연결재무제표,31047398409.0,34966200761.0,-4614678656.0,-5981300341.0,수익(매출액),영업이익(손실),제 19 기,제 18 기
01170865,네오셈,253590,2023,연결재무제표,100931226581.0,74673208045.0,8086678336.0,8364613367.0,매출액,영업이익(손실),제 8 기,제 7 기
01170865,네오셈,253590,2024,연결재무제표,105237088617.0,100931226581.0,16466717035.0,8086678336.0,매출액,영업이익(손실),제 9 기,제 8 기
01170865,네오셈,253590,2025,연결재무제표,63936752061.0,105237088617.0,4055388266.0,16466717035.0,매출액,영업이익(손실),제 10 기,제 9 기
00876865,네오오토,212560,2023,별도재무제표,198227864842.0,164034089080.0,10381323003.0,7969615246.0,매출액,영업이익,제 14 기,제 13 기
00876865,네오오토,212560,2024,별도재무제표,218567206244.0,198227864842.0,12640985758.0,10381323003.0,매출액,영업이익,제 15 기,제 14 기
00876865,네오오토,212560,2025,별도재무제표,232116353603.0,218567206244.0,13666239562.0,12640985758.0,수익(매출액),영업이익(손실),제 16 기,제 15 기
00628860,네오위즈,095660,2023,연결재무제표,365593726744.0,294567075580.0,31593317823.0,19559295517.0,영업수익,영업이익,제 17 기,제 16 기
00628860,네오위즈,095660,2024,연결재무제표,366812592730.0,365593726744.0,32919979176.0,31593317823.0,영업수익,영업이익,제 18 기,제 17 기
00628860,네오위즈,095660,2025,연결재무제표,432726157539.0,366812592730.0,59980135346.0,32919979176.0,영업수익,영업이익,제 19 기,제 18 기
00266952,네오위즈홀딩스,042420,2023,연결재무제표,366584640067.0,297977284307.0,17377536173.0,7005408342.0,영업수익,영업이익,제 27 기,제 26 기
00266952,네오위즈홀딩스,042420,2024,연결재무제표,368058340152.0,366584640067.0,20412125520.0,17377536173.0,영업수익,영업이익,제 28 기,제 27 기
00266952,네오위즈홀딩스,042420,2025,연결재무제표,436800978752.0,368058340152.0,55244001359.0,20412125520.0,영업수익,영업이익,제 29 기,제 28 기
01511558,네오이뮨텍,950220,2023,연결재무제표,0.0,0.0,-42605742.0,-45034317.0,영업수익,영업손실,제 10 기,제 9 기
01511558,네오이뮨텍,950220,2024,연결재무제표,124917.0,0.0,-29352453.0,-42605742.0,영업수익,영업손실,제 11 기,제 10 기
01511558,네오이뮨텍,950220,2025,연결재무제표,66673.0,124917.0,-17732754.0,-29352453.0,영업수익,영업손실,제 12 기,제 11 기
01219155,네오크레마,311390,2023,연결재무제표,24866771855.0,26702893112.0,278868999.0,1420451374.0,매출액,영업이익(손실),제 17 기,제 16 기
01219155,네오크레마,311390,2024,연결재무제표,40313599873.0,24866771855.0,-690734776.0,278868999.0,매출액,영업이익(손실),제 18 기,제 17 기
01219155,네오크레마,311390,2025,연결재무제표,81943689101.0,40313599873.0,5408789313.0,-690734776.0,매출액,영업이익(손실),제 19 기,제 18 기
00447928,네오티스,085910,2023,연결재무제표,58471916067.0,80372128697.0,-741768503.0,11682036856.0,매출액,영업이익(손실),제 24 기,제 23 기
00447928,네오티스,085910,2024,연결재무제표,54287070069.0,54292213091.0,3178608125.0,-83770015.0,매출액,영업이익(손실),제 25 기,제 24 기
00447928,네오티스,085910,2025,연결재무제표,68676858572.0,54287070069.0,7780052272.0,3178608125.0,매출액,영업이익(손실),제 26 기,제 25 기
00551920,네오팜,092730,2023,연결재무제표,97104890499.0,85033138232.0,25307304739.0,21438790396.0,매출액,영업이익(손실),제 24 기,제 23 기
00551920,네오팜,092730,2024,연결재무제표,119013743695.0,97104890499.0,24653414365.0,25307304739.0,매출액,영업이익(손실),제 25 기,제 24 기
00551920,네오팜,092730,2025,연결재무제표,132184096288.0,119013743695.0,28774569366.0,24653414365.0,매출액,영업이익(손실),제 26 기,제 25 기
00842585,네이블,153460,2023,별도재무제표,13443862679.0,18298809095.0,-2100774254.0,3361839487.0,매출액,영업이익(손실),제 21 기,제 20 기
00842585,네이블,153460,2024,별도재무제표,17200064065.0,13443862679.0,385146720.0,-2100774254.0,매출액,영업이익(손실),제 22 기,제 21 기
00842585,네이블,153460,2025,별도재무제표,19189105647.0,17200064065.0,2612476125.0,385146720.0,매출액,영업이익(손실),제 23 기,제 22 기
00117276,네이처셀,007390,2023,연결재무제표,19350887029.0,21252018179.0,-10272984987.0,-8913289852.0,수익(매출액),영업이익(손실),제 53 기,제 52 기
00117276,네이처셀,007390,2024,연결재무제표,32333908156.0,19350887029.0,597518893.0,-10272984987.0,수익(매출액),영업이익(손실),제 54 기,제 53 기
00117276,네이처셀,007390,2025,연결재무제표,20734613571.0,32333908156.0,-3646243657.0,597518893.0,수익(매출액),영업이익(손실),제 55 기,제 54 기
00227333,네패스,033640,2023,연결재무제표,480111639417.0,588039209962.0,-70002734472.0,-6714005791.0,수익(매출액),영업이익(손실),제 34 기,제 33 기
00227333,네패스,033640,2024,연결재무제표,464331506206.0,468982672122.0,3401796348.0,10069328909.0,수익(매출액),영업이익(손실),제 35 기,제 34 기
00227333,네패스,033640,2025,연결재무제표,521439287008.0,464331506206.0,23761125843.0,3401796348.0,매출액,영업이익(손실),제 36 기,제 35 기
01368354,네패스아크,330860,2023,별도재무제표,126089387410.0,153861205199.0,-6915791712.0,22528425096.0,수익(매출액),영업이익(손실),제 5 기,제 4 기
01368354,네패스아크,330860,2024,별도재무제표,119261518573.0,122932866272.0,-2633901614.0,683870579.0,수익(매출액),영업이익(손실),제 6 기,제 5 기
01368354,네패스아크,330860,2025,별도재무제표,114089898549.0,119261518573.0,4755777221.0,-2633901614.0,매출액,영업이익(손실),제 7 기,제 6 기
01440153,넥사다이내믹스,351320,2023,연결재무제표,16178824956.0,32943720401.0,-8559622625.0,-158617123.0,수익(매출액),영업이익(손실),제 4 기,제 3 기
01440153,넥사다이내믹스,351320,2024,연결재무제표,8568180572.0,16178824956.0,-8402343029.0,-8559622625.0,수익(매출액),영업이익(손실),제 5 기,제 4 기
01440153,넥사다이내믹스,351320,2025,연결재무제표,13012868322.0,8530280572.0,-9464402135.0,-6372753338.0,수익(매출액),영업이익(손실),제 6 기,제 5 기
00167192,넥센,005720,2023,연결재무제표,3036061854464.0,3003950006220.0,221038045467.0,-22542977056.0,수익(매출액),영업이익(손실),제 56 기,제 55 기
00167192,넥센,005720,2024,연결재무제표,3214304005061.0,3036061854464.0,209664273178.0,221038045467.0,매출액,영업이익(손실),제 57 기,제 56 기
00167192,넥센,005720,2025,연결재무제표,3586518022664.0,3214304005061.0,204209668629.0,209664273178.0,매출액,영업이익,제 58 기,제 57 기
00173874,넥센타이어,002350,2023,연결재무제표,2701720151279.0,2597424486492.0,186991098059.0,-54253533449.0,수익(매출액),영업이익(손실),제 66 기,제 65 기
00173874,넥센타이어,002350,2024,연결재무제표,2847925036412.0,2701720151279.0,172136969776.0,186991098059.0,수익(매출액),영업이익(손실),제 67 기,제 66 기
00173874,넥센타이어,002350,2025,연결재무제표,3189610448781.0,2847925036412.0,170297371324.0,172136969776.0,수익(매출액),영업이익(손실),제 68 기,제 67 기
00977696,넥스쳐,194510,2023,연결재무제표,74627613173.0,74889849189.0,13429162912.0,15457197818.0,영업수익,영업이익(손실),제 13 기,제 12 기
00977696,넥스쳐,194510,2024,연결재무제표,76984330229.0,74627613173.0,14012730741.0,13429162912.0,영업수익,영업이익(손실),제 14 기,제 13 기
00977696,넥스쳐,194510,2025,연결재무제표,80753324403.0,76984330229.0,15355046772.0,14012730741.0,영업수익,영업이익(손실),제 15 기,제 14 기
00416414,넥스턴앤롤코리아,089140,2023,연결재무제표,41257657896.0,23463259048.0,1267041584.0,-3605569718.0,수익(매출액),영업이익(손실),제 24 기,제 23 기
00416414,넥스턴앤롤코리아,089140,2024,연결재무제표,31640413075.0,41257657896.0,-1245982417.0,1267041584.0,수익(매출액),영업이익(손실),제 25 기,제 24 기
00416414,넥스턴앤롤코리아,089140,2025,연결재무제표,70440930511.0,31640413075.0,2281825045.0,-1245982417.0,매출액,영업이익(손실),제 26 기,제 25 기
01385050,넥스트바이오메디컬,389650,2024,별도재무제표,9542630855.0,4882232877.0,-3574731246.0,-5226499523.0,매출액,영업이익(손실),제 11 기,제 10 기
01385050,넥스트바이오메디컬,389650,2025,별도재무제표,16476802680.0,9542630855.0,-719540988.0,-3574731246.0,매출액,영업이익(손실),제 12 기,제 11 기
00614593,넥스트아이,137940,2023,연결재무제표,17749092561.0,32196308607.0,-12168438546.0,-4699065279.0,매출액,영업이익(손실),제 26 기,제 25 기
00614593,넥스트아이,137940,2024,연결재무제표,52034758443.0,17749092561.0,-5478121968.0,-12168438546.0,매출액,영업이익(손실),제 27 기,제 26 기
00614593,넥스트아이,137940,2025,연결재무제표,120063298601.0,52034758443.0,-35580611103.0,-5478121968.0,매출액,영업이익(손실),제 28 기,제 27 기
01515864,넥스트칩,396270,2023,별도재무제표,16154132649.0,12869167162.0,-22516720475.0,-27399489329.0,수익(매출액),영업이익(손실),제 5 기,제 4 기
01515864,넥스트칩,396270,2024,별도재무제표,32252135197.0,16154132649.0,-18439060319.0,-22516720475.0,수익(매출액),영업이익(손실),제 6 기,제 5 기
01515864,넥스트칩,396270,2025,별도재무제표,39653511990.0,32252135197.0,-12936402244.0,-18439060319.0,수익(매출액),영업이익(손실),제 7 기,제 6 기
01080252,넥스틴,348210,2023,연결재무제표,87930571023.0,114942873898.0,36165536410.0,56503520126.0,수익(매출액),영업이익(손실),제 14 기,제 13 기
01080252,넥스틴,348210,2024,연결재무제표,113719875873.0,87930571023.0,46974727733.0,36165536410.0,수익(매출액),영업이익(손실),제 15 기,제 14 기
01080252,넥스틴,348210,2025,연결재무제표,66914327141.0,113719875873.0,-1160803724.0,46974727733.0,수익(매출액),영업이익(손실),제 16 기,제 15 기
00220613,넥스틸,092790,2023,연결재무제표,619052056916.0,668403649813.0,157337247358.0,181300504021.0,수익(매출액),영업이익(손실),제 34 기,제 33 기
00220613,넥스틸,092790,2024,연결재무제표,552365337649.0,619052056916.0,63204878400.0,157337247358.0,수익(매출액),영업이익(손실),제 35 기,제 34 기
00220613,넥스틸,092790,2025,연결재무제표,550992457557.0,552365337649.0,39942217349.0,63204878400.0,수익(매출액),영업이익(손실),제 36 기,제 35 기
01096341,넥슨게임즈,225570,2023,연결재무제표,193272169533.0,132374925965.0,12013961586.0,5155194997.0,영업수익,영업이익(손실),제 9 기,제 8 기
01096341,넥슨게임즈,225570,2024,연결재무제표,256071097561.0,193272169533.0,38733545039.0,12013961586.0,영업수익,영업이익(손실),제 10 기,제 9 기
01096341,넥슨게임즈,225570,2025,연결재무제표,179316825078.0,256071097561.0,-60239594834.0,38733545039.0,영업수익,영업이익(손실),제 11 기,제 10 기
01042429,넥써쓰,205500,2023,연결재무제표,5460260915.0,5759731909.0,-16159833315.0,-15115249647.0,영업수익,영업이익(손실),제 10 기,제 9 기
01042429,넥써쓰,205500,2024,연결재무제표,7551040419.0,5460260915.0,-8937199488.0,-16159833315.0,영업수익,영업이익(손실),제 11 기,제 10 기
01042429,넥써쓰,205500,2025,연결재무제표,36722406111.0,7551040419.0,1392536492.0,-8937199488.0,영업수익,영업이익(손실),제 12 기,제 11 기
01067808,넵튠,217270,2023,연결재무제표,99746932814.0,29467097300.0,2155714673.0,-28668824982.0,영업수익,영업이익(손실),제 9 기,제 8 기
01067808,넵튠,217270,2024,연결재무제표,121600718535.0,99746932814.0,9605576935.0,2155714673.0,영업수익,영업이익(손실),제 10 기,제 9 기
01067808,넵튠,217270,2025,연결재무제표,122530715081.0,121600718535.0,2492318946.0,9605576935.0,영업수익,영업이익,제 11 기,제 10 기
00904672,넷마블,251270,2023,연결재무제표,2502055599771.0,2673408275832.0,-68468184309.0,-108688598689.0,Ⅰ.영업수익,Ⅲ.영업이익(손실),제 13 기,제 12 기
00904672,넷마블,251270,2024,연결재무제표,2663783169910.0,2502055599771.0,215627215188.0,-68468184309.0,Ⅰ.영업수익,Ⅲ.영업이익(손실),제 14 기,제 13 기
00904672,넷마블,251270,2025,연결재무제표,2835074411896.0,2663783169910.0,352478352483.0,215627215188.0,Ⅰ.영업수익,Ⅲ.영업손익,제 15 기,제 14 기
01328170,노드메이슨,317860,2023,연결재무제표,19488557236.0,16324671805.0,-3588338302.0,-3299506436.0,매출액,영업이익(손실),제 11 기,제 10 기
01328170,노드메이슨,317860,2024,연결재무제표,21482889038.0,19488557236.0,-190143795.0,-3588338302.0,매출액,영업이익(손실),제 12 기,제 11 기
01328170,노드메이슨,317860,2025,연결재무제표,21134187903.0,21482889038.0,-1707738161.0,-190143795.0,매출액,영업이익(손실),제 13 기,제 12 기
00632845,노랑풍선,104620,2023,연결재무제표,98612582467.0,22004644714.0,6616430893.0,-20911540681.0,영업수익,영업이익(손실),제 23 기,제 22 기
00632845,노랑풍선,104620,2024,연결재무제표,131914391956.0,98612582467.0,-6546408621.0,6616430893.0,영업수익,영업이익(손실),제 24 기,제 23 기
00632845,노랑풍선,104620,2025,연결재무제표,119704117734.0,131914391956.0,2238783517.0,-6546408621.0,영업수익,영업이익(손실),제 25 기,제 24 기
00583442,노루페인트,090350,2023,연결재무제표,780507251019.0,747090556280.0,41882595839.0,25746794042.0,매출액,영업이익(손실),제 18 기,제 17 기
00583442,노루페인트,090350,2024,연결재무제표,793847292349.0,780366686993.0,43664633269.0,42270366554.0,영업수익,영업이익(손실),제 19 기,제 18 기
00583442,노루페인트,090350,2025,연결재무제표,771052153523.0,793847292349.0,30180700861.0,43664633269.0,매출액,영업이익(손실),제 20 기,제 19 기
00113508,노루홀딩스,000320,2023,연결재무제표,1214616529837.0,1031734916590.0,67435854564.0,29622458735.0,매출액,영업이익,제 78 기,제 77 기
00113508,노루홀딩스,000320,2024,연결재무제표,1247877697168.0,1214475965811.0,72554697963.0,67823625279.0,매출액,영업이익,제 79 기,제 78 기
00113508,노루홀딩스,000320,2025,연결재무제표,1239267844107.0,1247877697168.0,64507992759.0,72554697963.0,매출액,영업이익(손실),제 80 기,제 79 기
01703849,노머스,473980,2024,연결재무제표,68912539631.0,42299611094.0,8181458723.0,-204482173.0,매출액,영업이익,제 6 기,제 5 기
01703849,노머스,473980,2025,연결재무제표,75725779285.0,68912539631.0,12339888114.0,8181458723.0,매출액,영업이익,제 7 기,제 6 기
00811372,노바렉스,194700,2023,연결재무제표,302167304022.0,281675201330.0,25499956005.0,25186032306.0,매출액,영업이익(손실),제 16 기,제 15 기
00811372,노바렉스,194700,2024,연결재무제표,297725280736.0,302167304022.0,23189361844.0,25499956005.0,매출액,영업이익(손실),제 17 기,제 16 기
00811372,노바렉스,194700,2025,연결재무제표,404259788627.0,297725280736.0,43050063787.0,23189361844.0,수익(매출액),영업이익(손실),제 18 기,제 17 기
01259232,노바텍,285490,2023,연결재무제표,92421026753.0,110494315651.0,25608083180.0,26470752477.0,매출액,영업이익(손실),제 17 기,제 16 기
01259232,노바텍,285490,2024,연결재무제표,65812403810.0,92421026753.0,12611340935.0,25608083180.0,매출액,영업이익(손실),제 18 기,제 17 기
01259232,노바텍,285490,2025,연결재무제표,55589851496.0,65812403810.0,6700053223.0,12611340935.0,매출액,영업이익(손실),제 19 기,제 18 기
00305941,노브랜드,145170,2024,연결재무제표,546244869159.0,459102124440.0,17574240012.0,10483622528.0,수익(매출액),영업이익(손실),제 31 기,제 30 기
00305941,노브랜드,145170,2025,연결재무제표,602167956744.0,546244869159.0,13339654120.0,17574240012.0,수익(매출액),영업이익(손실),제 32 기,제 31 기
00536329,노블엠앤비,106520,2023,연결재무제표,5308014219.0,14950055919.0,-11324453377.0,-5591610781.0,매출액,영업손실,제 24 기,제 23 기
00536329,노블엠앤비,106520,2024,연결재무제표,3928791980.0,5308014219.0,-6832893090.0,-11324453377.0,매출액,영업손실,제 25 기,제 24 기
00536329,노블엠앤비,106520,2025,연결재무제표,3817338332.0,3928791980.0,-2673516392.0,-6832893090.0,매출액,영업손실,제 26 기,제 25 기
01494118,노을,376930,2023,연결재무제표,2733841254.0,541878769.0,-16138745065.0,-15632236504.0,수익(매출액),영업이익(손실),제 9 기,제 8 기
01494118,노을,376930,2024,연결재무제표,1601464029.0,2733841254.0,-22794691591.0,-16138745065.0,수익(매출액),영업이익(손실),제 10 기,제 9 기
01494118,노을,376930,2025,연결재무제표,5121885655.0,1601464029.0,-20079383873.0,-22794691591.0,매출액,영업이익(손실),제 11 기,제 10 기
01810477,노타,486990,2025,연결재무제표,13100933426.0,8437471458.0,-15279286074.0,-12019173242.0,수익 합계,영업이익(손실),제 11 기,제 10 기
00129679,녹십자,006280,2023,연결재무제표,1626643815820.0,1711312739533.0,34436169536.0,81263665843.0,매출액,영업이익,제 55 기,제 54 기
00129679,녹십자,006280,2024,연결재무제표,1679891941477.0,1626643815820.0,32107347889.0,34436169536.0,매출액,영업이익,제 56 기,제 55 기
00129679,녹십자,006280,2025,연결재무제표,1991279093821.0,1679891941477.0,69149857151.0,32107347889.0,매출액,영업이익,제 57 기,제 56 기
00513948,녹십자엠에스,142280,2023,연결재무제표,94010675488.0,113109118702.0,1800722614.0,-1262531609.0,매출액,영업이익(손실),제 21 기,제 20 기
00513948,녹십자엠에스,142280,2024,연결재무제표,103852287192.0,94010675488.0,2334698730.0,1800722614.0,매출액,영업이익(손실),제 22 기,제 21 기
00513948,녹십자엠에스,142280,2025,연결재무제표,108413453299.0,103852287192.0,2887175599.0,2334698730.0,매출액,영업이익(손실),제 23 기,제 22 기
01135057,녹십자웰빙,234690,2023,별도재무제표,120534664952.0,109729116676.0,10457190802.0,8395933914.0,매출액,영업이익(손실),제 20 기,제 19 기
01135057,녹십자웰빙,234690,2024,연결재무제표,133804572383.0,120534664952.0,12963520153.0,10457190802.0,매출액,영업이익(손실),제 21 기,제 20 기
01135057,녹십자웰빙,234690,2025,연결재무제표,164680042293.0,133804572383.0,17294018774.0,12963520153.0,매출액,영업이익(손실),제 22 기,제 21 기
00108135,녹십자홀딩스,005250,2023,연결재무제표,2057935704611.0,2079559970740.0,-16437917061.0,71961626472.0,매출액,영업이익,제 58 기,제 57 기
00108135,녹십자홀딩스,005250,2024,연결재무제표,2204855223217.0,2057935704611.0,-10716124374.0,-16437917061.0,매출액,영업이익(손실),제 59 기,제 58 기
00108135,녹십자홀딩스,005250,2025,연결재무제표,2451476280927.0,2204855223217.0,36227417620.0,-10716124374.0,매출액,영업손익,제 60 기,제 59 기
00108241,농심,004370,2023,연결재무제표,3410559367259.0,3129065208087.0,212064743455.0,112172856716.0,매출액,영업이익(손실),제 60 기,제 59 기
00108241,농심,004370,2024,연결재무제표,3438730857998.0,3410559367259.0,163073931930.0,212064743455.0,매출액,영업이익(손실),제 61 기,제 60 기
00108241,농심,004370,2025,연결재무제표,3514315500097.0,3438730857998.0,183933032197.0,163073931930.0,매출액,영업이익(손실),제 62 기,제 61 기
00459871,농심홀딩스,072710,2023,연결재무제표,769496371794.0,674579201408.0,75309845521.0,52812907521.0,매출액,영업이익,제 21 기,제 20 기
00459871,농심홀딩스,072710,2024,연결재무제표,798272530395.0,769496371794.0,86638898915.0,75309845521.0,매출액,영업이익,제 22 기,제 21 기
00459871,농심홀딩스,072710,2025,연결재무제표,858816121290.0,798272530395.0,81116780194.0,86638898915.0,매출액,영업이익,제 23 기,제 22 기
00410997,누리플랜,069140,2023,연결재무제표,122181435860.0,131152943054.0,-24645655286.0,-6062774385.0,매출액,영업이익(손실),제 30 기,제 29 기
00410997,누리플랜,069140,2024,연결재무제표,116059214572.0,122181435860.0,4129750521.0,-24645655286.0,매출액,영업이익(손실),제 31 기,제 30 기
00410997,누리플랜,069140,2025,연결재무제표,117635132082.0,116059214572.0,4820589569.0,4129750521.0,매출액,영업이익(손실),제 32 기,제 31 기
00269889,누리플렉스,040160,2023,연결재무제표,132719404842.0,124719605117.0,1980004088.0,10395532523.0,수익(매출액),영업이익(손실),제 30 기,제 29 기
00269889,누리플렉스,040160,2024,연결재무제표,129314325926.0,132719404842.0,-8153266432.0,1980004088.0,수익(매출액),영업이익(손실),제 31 기,제 30 기
00269889,누리플렉스,040160,2025,연결재무제표,101571127227.0,129314325926.0,-6086630452.0,-8153266432.0,수익(매출액),영업이익(손실),제 32 기,제 31 기
01394669,누보,332290,2023,연결재무제표,82156943249.0,73028453524.0,-2277203205.0,-3308038580.0,수익(매출액),영업이익(손실),제 5 기,제 4 기
01394669,누보,332290,2024,연결재무제표,99022099930.0,82156943249.0,3670848605.0,-2277203205.0,수익(매출액),영업이익(손실),제 6 기,제 5 기
01394669,누보,332290,2025,연결재무제표,104182653188.0,99022099930.0,4118169007.0,3670848605.0,수익(매출액),영업이익(손실),제 7 기,제 6 기
01336461,뉴로메카,348340,2023,연결재무제표,13742971105.0,9754641463.0,-14825326473.0,-7798121485.0,매출액,영업이익(손실),제 11 기,제 10 기
01336461,뉴로메카,348340,2024,연결재무제표,25269404825.0,13742971105.0,-19015005988.0,-14825326473.0,매출액,영업이익(손실),제 12 기,제 11 기
01336461,뉴로메카,348340,2025,연결재무제표,18954203205.0,25269404825.0,-14856577614.0,-19015005988.0,매출액,영업이익(손실),제 13 기,제 12 기
01782004,뉴로핏,380550,2025,연결재무제표,2615085161.0,2216206143.0,-16549206057.0,-14648713537.0,영업수익,영업손실,제 10 기,제 9 기
00351375,뉴보텍,060260,2023,연결재무제표,48892913831.0,45983827244.0,-703531470.0,714798738.0,수익(매출액),영업이익(손실),제 33 기,제 32 기
00351375,뉴보텍,060260,2024,연결재무제표,43364851572.0,48855457031.0,2638884305.0,-116483140.0,수익(매출액),영업이익(손실),제 34 기,제 33 기
00351375,뉴보텍,060260,2025,별도재무제표,43479893003.0,43306470933.0,1298999718.0,2627583346.0,수익(매출액),영업이익(손실),제 35 기,제 34 기
01639508,뉴엔AI,463020,2025,별도재무제표,18819000000.0,19716000000.0,-1109000000.0,429000000.0,수익(매출액),영업이익(손실),제 22 기,제 21 기
00809429,뉴온,123840,2023,연결재무제표,4821046542.0,6907587085.0,-10481415137.0,-7955817362.0,수익(매출액),영업이익(손실),제 14 기,제 13 기
00809429,뉴온,123840,2024,연결재무제표,16947296982.0,4390132542.0,-11684045292.0,-9119978782.0,수익(매출액),영업이익(손실),제 15 기,제 14 기
00809429,뉴온,123840,2025,연결재무제표,48163918636.0,10474118116.0,-13377903124.0,-9819048009.0,수익(매출액),영업이익(손실),제 16 기,제 15 기
00105040,뉴인텍,012340,2023,연결재무제표,79095170753.0,75321857688.0,-11092591218.0,-8215725104.0,매출액,영업손실,제 47 기,제 46 기
00105040,뉴인텍,012340,2024,연결재무제표,79500274284.0,79095170753.0,-5858956128.0,-11092591218.0,매출액,영업손실,제 48 기,제 47 기
00105040,뉴인텍,012340,2025,연결재무제표,82799344609.0,79500274284.0,-7227647056.0,-5858956128.0,매출액,영업손실,제 49 기,제 48 기
01467503,뉴키즈온,462310,2025,연결재무제표,49034721544.0,50378041900.0,723884290.0,4542430836.0,매출액,영업손익,제 13 기,제 12 기
01214248,뉴트리,270870,2023,연결재무제표,151377308327.0,185285942302.0,10523447198.0,4438879980.0,매출액,영업이익(손실),제 23 기,제 22 기
01214248,뉴트리,270870,2024,연결재무제표,121972837610.0,151377308327.0,4932707984.0,10523447198.0,매출액,영업이익(손실),제 24 기,제 23 기
01214248,뉴트리,270870,2025,연결재무제표,101087982676.0,121972837610.0,-2268458829.0,4932707984.0,매출액,영업이익(손실),제 25 기,제 24 기
00521390,뉴파워프라즈마,144960,2023,연결재무제표,350666770950.0,352878764242.0,16088546345.0,14124593851.0,매출액,영업이익,제 25 기,제 24 기
00521390,뉴파워프라즈마,144960,2024,연결재무제표,519836396500.0,350666770950.0,26128372234.0,16088546345.0,매출액,영업이익,제 26 기,제 25 기
00521390,뉴파워프라즈마,144960,2025,연결재무제표,577990393724.0,519836396500.0,28669170685.0,26128372234.0,매출액,영업이익,제 27 기,제 26 기
00493510,뉴프렉스,085670,2023,연결재무제표,195106479561.0,260296708056.0,10326596687.0,17899112577.0,매출액,영업이익(손실),제 24 기,제 23 기
00493510,뉴프렉스,085670,2024,연결재무제표,175942140361.0,195106479561.0,14641487232.0,10326596687.0,매출액,영업이익(손실),제 25 기,제 24 기
00493510,뉴프렉스,085670,2025,연결재무제표,154135605019.0,175942140361.0,9232969756.0,14641487232.0,매출액,영업이익,제 26 기,제 25 기
00389970,다날,064260,2023,연결재무제표,295468234107.0,294948282762.0,3497746253.0,-2755768464.0,영업수익,영업이익(손실),제 27 기,제 26 기
00389970,다날,064260,2024,연결재무제표,260936633962.0,295468234107.0,1393329346.0,3497746253.0,영업수익,영업이익(손실),제 28 기,제 27 기
00389970,다날,064260,2025,연결재무제표,225377154221.0,260936633962.0,2312158591.0,1393329346.0,영업수익,영업이익,제 29 기,제 28 기
01416642,다보링크,340360,2023,별도재무제표,75369137413.0,64859341705.0,-907830665.0,-2938832229.0,매출액,영업이익(손실),제 5 기,제 4 기
01416642,다보링크,340360,2024,별도재무제표,65921266384.0,75369137413.0,-1651019238.0,-907830665.0,매출액,영업이익(손실),제 6 기,제 5 기
01416642,다보링크,340360,2025,연결재무제표,63202011258.0,65921266384.0,-1900705989.0,-1651019238.0,수익(매출액),영업이익(손실),제 7 기,제 6 기
00268251,다산네트웍스,039560,2023,연결재무제표,92292591370.0,80714212760.0,-1251908380.0,-565053588.0,매출액,영업이익(손실),제 32 기,제 31 기
00268251,다산네트웍스,039560,2024,연결재무제표,337610735908.0,92292591370.0,-8280861429.0,-1251908380.0,매출액,영업이익(손실),제 33 기,제 32 기
00268251,다산네트웍스,039560,2025,연결재무제표,541777680410.0,337595735908.0,38479275179.0,-8120377575.0,매출액,영업이익(손실),제 34 기,제 33 기
01084364,다산디엠씨,208860,2023,별도재무제표,4941175060.0,3493950585.0,-2990583502.0,-5245703773.0,영업수익,영업이익(손실),제 26 기,제 25 기
01084364,다산디엠씨,208860,2024,별도재무제표,11214636407.0,4941175060.0,1789120145.0,-2990583502.0,수익(매출액),영업이익(손실),제 27 기,제 26 기
01084364,다산디엠씨,208860,2025,연결재무제표,113733785377.0,11214636407.0,2762848941.0,1789120145.0,수익(매출액),영업이익(손실),제 28 기,제 27 기
00624518,다산솔루에타,154040,2023,연결재무제표,158770415307.0,157872423305.0,-149102626.0,5668516677.0,매출액,영업이익(손실),제 21 기,제 20 기
00624518,다산솔루에타,154040,2024,별도재무제표,35436409241.0,31308829664.0,1995265453.0,-4966024754.0,매출액,영업이익(손실),제 22 기,제 21 기
00624518,다산솔루에타,154040,2025,별도재무제표,31399403970.0,35436409241.0,1712414431.0,1995265453.0,매출액,영업이익(손실),제 23 기,제 22 기
00353878,다스코,058730,2023,연결재무제표,378093139375.0,378481455313.0,22478733426.0,11548783311.0,매출액,영업이익(손실),제 28 기,제 27 기
00353878,다스코,058730,2024,연결재무제표,312011404043.0,378093139375.0,-1754716494.0,22478733426.0,매출액,영업이익(손실),제 29 기,제 28 기
00353878,다스코,058730,2025,연결재무제표,273192825187.0,312011404043.0,2070051014.0,-1754716494.0,매출액,영업이익(손실),제 30 기,제 29 기
00156859,다올투자증권,030210,2023,연결재무제표,1508370888138.0,1841963668280.0,-62004542741.0,106957340322.0,I. 영업수익,III. 영업이익(손실),제 44 기,제 43 기
00156859,다올투자증권,030210,2024,연결재무제표,1442566582864.0,1508370888138.0,-74930396986.0,-62004542741.0,I. 영업수익,III. 영업이익(손실),제 45 기,제 44 기
00156859,다올투자증권,030210,2025,연결재무제표,1714450686727.0,1442566582864.0,33723214189.0,-74930396986.0,I. 영업수익,III. 영업이익(손실),제 46 기,제 45 기
00176914,다우기술,023590,2023,연결재무제표,9855141797134.0,9210610313082.0,639880017159.0,718687487393.0,매출액,영업이익,제 38 기,제 37 기
00176914,다우기술,023590,2024,연결재무제표,11625798455732.0,9855141797134.0,1174681942719.0,639880017159.0,매출액,영업이익,제 39 기,제 38 기
00176914,다우기술,023590,2025,연결재무제표,17495003836308.0,11625798455732.0,1559283728269.0,1174681942719.0,매출액,영업이익,제 40 기,제 39 기
00238782,다우데이타,032190,2023,연결재무제표,10334025110546.0,9747210930928.0,667942798550.0,776695601049.0,매출액,영업이익(손실),제 32 기,제 31 기
00238782,다우데이타,032190,2024,연결재무제표,12136122777332.0,10334025110546.0,1205869585426.0,667942798550.0,매출액,영업이익,제 33 기,제 32 기
00238782,다우데이타,032190,2025,연결재무제표,18051961355773.0,12136122777332.0,1599880586198.0,1205869585426.0,매출액,영업이익,제 34 기,제 33 기
01344363,다원넥스뷰,323350,2024,별도재무제표,18702143953.0,10653525632.0,1279144925.0,-640963410.0,매출액,영업손익,제 16 기,제 15 기
01344363,다원넥스뷰,323350,2025,별도재무제표,26936831479.0,18702143953.0,4029710027.0,1279144925.0,매출액,영업손익,제 17 기,제 16 기
00523307,다원시스,068240,2023,연결재무제표,357843609890.0,209188579520.0,19270866071.0,-159266398763.0,매출액,영업이익,제 28 기,제 27 기
00523307,다원시스,068240,2024,연결재무제표,301518095516.0,357843609890.0,7647289177.0,19270866071.0,매출액,영업이익,제 29 기,제 28 기
00523307,다원시스,068240,2025,연결재무제표,112089010367.0,301518095516.0,-120677503877.0,7647289177.0,매출액,영업이익,제 30 기,제 29 기
00453488,다이나믹디자인,145210,2023,연결재무제표,67116106722.0,58198972428.0,-8774713386.0,-7232016459.0,매출액,영업이익(손실),제 25 기,제 24 기
00453488,다이나믹디자인,145210,2024,연결재무제표,62573691835.0,56959416321.0,-2548257698.0,-8044669138.0,매출액,영업이익(손실),제 26 기,제 25 기
00453488,다이나믹디자인,145210,2025,연결재무제표,80189664538.0,62573691835.0,-570058827.0,-2548257698.0,매출액,영업이익(손실),제 27 기,제 26 기
01246034,다이나믹솔루션,290660,2023,연결재무제표,26613904786.0,26201602583.0,-1778204164.0,-7537255487.0,매출,영업이익(손실),제 14 기,제 13 기
01246034,다이나믹솔루션,290660,2024,연결재무제표,21111727666.0,26613904786.0,-2412192624.0,-1778204164.0,매출,영업이익(손실),제 15 기,제 14 기
01246034,다이나믹솔루션,290660,2025,연결재무제표,16052919041.0,17274593958.0,-2902477230.0,-3406610231.0,매출,영업이익(손실),제 16 기,제 15 기
01649204,달바글로벌,483650,2024,연결재무제표,309062616157.0,200802470160.0,59844712688.0,32445933395.0,매출,영업이익,제 9 기,제 8 기
01649204,달바글로벌,483650,2025,연결재무제표,519735447906.0,309062616157.0,101469415203.0,59844712688.0,매출액,영업이익,제 10 기,제 9 기
01605282,닷밀,464580,2024,별도재무제표,23630302177.0,18780047895.0,1023815806.0,809377781.0,매출액,영업이익(손실),제 9 기,제 8 기
01605282,닷밀,464580,2025,별도재무제표,33841306055.0,23630302177.0,122524497.0,1023815806.0,매출액,영업이익(손실),제 10 기,제 9 기
00108913,대교,019680,2023,연결재무제표,659740743270.0,683076343749.0,-27779172712.0,-49959384890.0,매출액,영업이익,제 37 기,제 36 기
00108913,대교,019680,2024,연결재무제표,663501743801.0,656216984016.0,-1562689521.0,-27827895913.0,매출액,영업손실,제 38 기,제 37 기
00108913,대교,019680,2025,연결재무제표,650004579114.0,663501743801.0,-3399512029.0,-1562689521.0,매출액,영업손익,제 39 기,제 38 기
00108977,대구백화점,006370,2023,연결재무제표,67645316949.0,75899713355.0,-15147326554.0,-16303455665.0,영업수익,영업이익(손실),제 55 기,제 54 기
00108977,대구백화점,006370,2024,연결재무제표,59871280257.0,67645316949.0,-14996437410.0,-15147326554.0,영업수익,영업이익(손실),제 56 기,제 55 기
00108977,대구백화점,006370,2025,연결재무제표,53086953606.0,59871280257.0,-14972843698.0,-14996437410.0,영업수익,영업이익(손실),제 57 기,제 56 기
00109189,대덕,008060,2023,연결재무제표,1279256573243.0,1661906969216.0,31327712975.0,196865725672.0,매출액,영업이익(손실),제 52 기,제 51 기
00109189,대덕,008060,2024,연결재무제표,1267194760967.0,1279256573243.0,8416757822.0,31327712975.0,매출액,영업이익(손실),제 53 기,제 52 기
00109189,대덕,008060,2025,연결재무제표,1384989854344.0,1267194760967.0,11312935746.0,8416757822.0,매출액,영업이익(손실),제 54 기,제 53 기
01478712,대덕전자,353200,2023,연결재무제표,909651486895.0,1316163420252.0,23732043885.0,232523019093.0,매출액,영업이익,제 4 기,제 3 기
01478712,대덕전자,353200,2024,연결재무제표,892135903752.0,909651486895.0,11259489061.0,23732043885.0,매출액,영업이익(손실),제 5 기,제 4 기
01478712,대덕전자,353200,2025,연결재무제표,1065294559811.0,892135903752.0,49061483387.0,11259489061.0,매출액,영업이익(손실),제 6 기,제 5 기
00109286,대동,000490,2023,연결재무제표,1433390777280.0,1463737929724.0,65403445106.0,88279120517.0,매출액,영업이익(손실),제 77 기,제 76 기
00109286,대동,000490,2024,연결재무제표,1415582422216.0,1433390777280.0,18456574878.0,65403445106.0,영업수익,영업이익(손실),제 78 기,제 77 기
00109286,대동,000490,2025,연결재무제표,1484722098136.0,1415582422216.0,31224606429.0,18456574878.0,매출액,영업이익(손실),제 79 기,제 78 기
00191287,대동금속,020400,2023,별도재무제표,133065161759.0,146930756753.0,1301329207.0,2335666701.0,수익(매출액),영업이익(손실),제 36 기,제 35 기
00191287,대동금속,020400,2024,별도재무제표,99514130970.0,133065161759.0,-6503287192.0,1301329207.0,수익(매출액),영업이익(손실),제 37 기,제 36 기
00191287,대동금속,020400,2025,별도재무제표,101817187819.0,99514130970.0,100414709.0,-6503287192.0,수익(매출액),영업이익(손실),제 38 기,제 37 기
00109310,대동기어,008830,2023,별도재무제표,281237511057.0,242097571788.0,8088469997.0,7589541408.0,매출액,영업이익(손실),제 51 기,제 50 기
00109310,대동기어,008830,2024,별도재무제표,257057008425.0,281237511057.0,4464399985.0,8088469997.0,매출액,영업이익(손실),제 52 기,제 51 기
00109310,대동기어,008830,2025,별도재무제표,220939401126.0,257057008425.0,162438986.0,4464399985.0,수익(매출액),영업이익(손실),제 53 기,제 52 기
00109268,대동스틸,048470,2023,별도재무제표,137634680158.0,182452648537.0,-2423860142.0,-6081345442.0,수익(매출액),영업이익(손실),제 51 기,제 50 기
00109268,대동스틸,048470,2024,별도재무제표,139702827183.0,137634680158.0,-1950830458.0,-2423860142.0,수익(매출액),영업이익(손실),제 52 기,제 51 기
00109268,대동스틸,048470,2025,별도재무제표,119163920715.0,139702827183.0,-1166249453.0,-1950830458.0,수익(매출액),영업이익(손실),제 53 기,제 52 기
00157104,대동전자,008110,2023,연결재무제표,41282867445.0,43621572191.0,2198585499.0,2208813280.0,매출액,영업이익(손실),제 51 기,제 50 기
00157104,대동전자,008110,2024,연결재무제표,29025438345.0,41282867445.0,4874951054.0,2198585499.0,매출액,영업이익(손실),제 52 기,제 51 기
00157104,대동전자,008110,2025,연결재무제표,30074181636.0,29025438345.0,6793893912.0,4874951054.0,매출액,영업이익(손실),제 53 기,제 52 기
00109587,대륙제관,004780,2023,별도재무제표,271101699009.0,275979619835.0,15623149185.0,9675110380.0,수익(매출액),영업이익(손실),제 57 기,제 56 기
00109587,대륙제관,004780,2024,별도재무제표,274659400896.0,271101699009.0,15817274927.0,15623149185.0,수익(매출액),영업이익(손실),제 58 기,제 57 기
00109587,대륙제관,004780,2025,별도재무제표,266562442241.0,274659400896.0,10302316583.0,15817274927.0,매출액,영업이익,제 59 기,제 58 기
00109754,대림바스,005750,2023,연결재무제표,266280932560.0,253490953035.0,4059070397.0,1454990634.0,매출액,영업이익(손실),제 56 기,제 55 기
00109754,대림바스,005750,2024,연결재무제표,281054583692.0,266280932560.0,10096692649.0,4059070397.0,매출액,영업이익(손실),제 57 기,제 56 기
00109754,대림바스,005750,2025,연결재무제표,300567542574.0,281054583692.0,18617067031.0,10096692649.0,매출액,영업이익,제 58 기,제 57 기
00109781,대림제지,017650,2023,연결재무제표,164383300566.0,187353234547.0,21826803766.0,29197579672.0,매출액,영업이익,제 40 기,제 39 기
00109781,대림제지,017650,2024,연결재무제표,166263916267.0,164383300566.0,9834883741.0,21826803766.0,매출액,영업이익,제 41 기,제 40 기
00109781,대림제지,017650,2025,연결재무제표,168837382045.0,166263916267.0,5280796436.0,9834883741.0,매출액,영업이익(손실),제 42 기,제 41 기
00109824,대림통상,006570,2023,연결재무제표,145721236338.0,174112262391.0,-4932768955.0,6951768177.0,매출액,영업이익(손실),제 54 기,제 53 기
00109824,대림통상,006570,2024,연결재무제표,136965965065.0,145721236338.0,-3414516400.0,-4932768955.0,매출액,영업이익(손실),제 55 기,제 54 기
00109824,대림통상,006570,2025,연결재무제표,126171254752.0,136965965065.0,-9566103074.0,-3414516400.0,매출액,영업이익(손실),제 56 기,제 55 기
01150515,대명에너지,389260,2023,연결재무제표,61640473408.0,87994198408.0,16741316162.0,25586563219.0,수익(매출액),영업이익(손실),제 24 기,제 23 기
01150515,대명에너지,389260,2024,연결재무제표,67761578359.0,61640473408.0,9705106323.0,16741316162.0,수익(매출액),영업이익(손실),제 25 기,제 24 기
01150515,대명에너지,389260,2025,연결재무제표,130971472403.0,67761578359.0,16798712496.0,9705106323.0,수익(매출액),영업이익(손실),제 26 기,제 25 기
00450995,대모,317850,2023,연결재무제표,44410624430.0,54799709139.0,-378452195.0,2133866331.0,수익(매출액),영업이익(손실),제 35 기,제 34 기
00450995,대모,317850,2024,연결재무제표,41319031078.0,44410624430.0,116803828.0,-378452195.0,수익(매출액),영업이익(손실),제 36 기,제 35 기
00450995,대모,317850,2025,연결재무제표,40730717139.0,41319031078.0,1910158830.0,116803828.0,수익(매출액),영업이익(손실),제 37 기,제 36 기
01259418,대보마그네틱,290670,2023,연결재무제표,39999530917.0,108560097334.0,126782002.0,26508416585.0,수익(매출액),영업이익(손실),제 29 기,제 28 기
01259418,대보마그네틱,290670,2024,연결재무제표,28393852143.0,39999530917.0,-9797081300.0,126782002.0,수익(매출액),영업이익(손실),제 30 기,제 29 기
01259418,대보마그네틱,290670,2025,연결재무제표,26147290618.0,28393852143.0,-10443217543.0,-9797081300.0,수익(매출액),영업이익(손실),제 31 기,제 30 기
00442826,대봉엘에스,078140,2023,연결재무제표,87622205173.0,93504353114.0,3800763406.0,8174396525.0,수익(매출액),영업이익(손실),제 38 기,제 37 기
00442826,대봉엘에스,078140,2024,연결재무제표,93953561154.0,87622205173.0,9053878830.0,3800763406.0,수익(매출액),영업이익(손실),제 39 기,제 38 기
00442826,대봉엘에스,078140,2025,연결재무제표,102063530166.0,93953561154.0,7331523353.0,9053878830.0,수익(매출액),영업이익(손실),제 40 기,제 39 기
00390860,대산F&B,065150,2023,연결재무제표,128819482459000.0,121302188368000.0,-634869097000.0,-4018213545000.0,매출액,영업이익(손실),제 29 기,제 28 기
00390860,대산F&B,065150,2024,연결재무제표,102878853186.0,117429565709.0,-820612174.0,756965202.0,수익(매출액),영업이익(손실),제 30 기,제 29 기
00390860,대산F&B,065150,2025,연결재무제표,110864610083.0,99398650136.0,4554449774.0,-758637729.0,수익(매출액),영업이익(손실),제 31 기,제 30 기
00121941,대상,001680,2023,연결재무제표,4107493943805.0,4084090277577.0,123716647215.0,139998990821.0,수익(매출액),영업이익(손실),제 70 기,제 69 기
00121941,대상,001680,2024,연결재무제표,4255134757567.0,4107493943805.0,176941145485.0,123716647215.0,매출액,영업이익,제 71 기,제 70 기
00121941,대상,001680,2025,연결재무제표,4401305371276.0,4255134757567.0,169282317428.0,176941145485.0,매출액,영업이익,제 72 기,제 71 기
00539274,대상홀딩스,084690,2023,연결재무제표,5259400430149.0,5226659820074.0,114614891500.0,143809242039.0,수익(매출액),영업이익(손실),제 19 기,제 18 기
00539274,대상홀딩스,084690,2024,연결재무제표,5357890370159.0,5259400430149.0,184029822016.0,114614891500.0,수익(매출액),영업이익(손실),제 20 기,제 19 기
00539274,대상홀딩스,084690,2025,연결재무제표,5628798766399.0,5357890370159.0,199828484303.0,184029822016.0,수익(매출액),영업이익(손실),제 21 기,제 20 기
00110307,대선조선,031990,2023,별도재무제표,275224775837.0,278817732540.0,-160377513009.0,-28585813530.0,I. 매출액,V. 영업이익(손실),제 69 기,제 68 기
00110307,대선조선,031990,2024,별도재무제표,322513320291.0,275224775837.0,-5546719894.0,-160377513009.0,I. 매출액,V. 영업이익(손실),제 70 기,제 69 기
00110307,대선조선,031990,2025,별도재무제표,201749943134.0,322513320291.0,-2369354118.0,-5546719894.0,I. 매출액,V. 영업이익(손실),제 71 기,제 70 기
00177320,대성미생물,036480,2023,별도재무제표,25562323134.0,25500064652.0,-689011929.0,-327522927.0,Ⅰ.매출액,Ⅴ.영업이익(손실),제 58 기,제 57 기
00177320,대성미생물,036480,2024,별도재무제표,23803929086.0,25562323134.0,-1551719611.0,-689011929.0,Ⅰ.매출액,Ⅴ.영업손실,제 59 기,제 58 기
00177320,대성미생물,036480,2025,별도재무제표,25988810012.0,23803929086.0,714269442.0,-1551719611.0,Ⅰ.매출액,Ⅴ.영업이익(손실),제 60 기,제 59 기
00828789,대성산업,128820,2023,연결재무제표,1608088520653.0,1871305784976.0,29449898866.0,48301486163.0,매출액,영업이익(손실),제 14 기,제 13 기
00828789,대성산업,128820,2024,연결재무제표,1476772033939.0,1608088520653.0,21781127161.0,29449898866.0,매출액,영업이익(손실),제 15 기,제 14 기
00828789,대성산업,128820,2025,연결재무제표,1565923441453.0,1476772033939.0,10832731125.0,21781127161.0,매출액,영업이익(손실),제 16 기,제 15 기
00787376,대성에너지,117580,2023,연결재무제표,999533749249.0,1020936453937.0,20391954237.0,938738843.0,매출액,영업이익(손실),제 15 기,제 14 기
00787376,대성에너지,117580,2024,연결재무제표,995129899139.0,999533749249.0,20476271942.0,20391954237.0,매출액,영업이익,제 16 기,제 15 기
00787376,대성에너지,117580,2025,별도재무제표,1017938768125.0,995129899139.0,30348573111.0,20476271942.0,매출액,영업이익,제 17 기,제 16 기
00109037,대성창투,027830,2023,별도재무제표,12363265555.0,13656850879.0,2052559665.0,1018910881.0,영업수익,영업이익(손실),제 37 기,제 36 기
00109037,대성창투,027830,2024,별도재무제표,20088466445.0,12363265555.0,10238452840.0,2052559665.0,영업수익,영업이익(손실),제 38 기,제 37 기
00109037,대성창투,027830,2025,별도재무제표,9251631072.0,20088466445.0,796603028.0,10238452840.0,영업수익,영업이익(손실),제 39 기,제 38 기
00577335,대성하이텍,129920,2023,연결재무제표,92797688898.0,128372242344.0,-6581048283.0,11477824071.0,수익(매출액),영업이익(손실),제 23 기,제 22 기
00577335,대성하이텍,129920,2024,연결재무제표,92831306875.0,92797688898.0,-13136615453.0,-6581048283.0,수익(매출액),영업이익(손실),제 24 기,제 23 기
00577335,대성하이텍,129920,2025,연결재무제표,95216185446.0,92831306875.0,-2295340664.0,-13136615453.0,수익(매출액),영업이익(손실),제 25 기,제 24 기
00108940,대성홀딩스,016710,2023,연결재무제표,1216816669863.0,1253169917697.0,9963570964.0,6984420659.0,매출액,영업이익,제 41 기,제 40 기
00108940,대성홀딩스,016710,2024,연결재무제표,1212354718188.0,1216816669863.0,23297613824.0,9963570964.0,매출액,영업이익,제 42 기,제 41 기
00108940,대성홀딩스,016710,2025,연결재무제표,1222634175867.0,1212354718188.0,28063138263.0,23297613824.0,매출액,영업이익,제 43 기,제 42 기
01845534,대신밸런스제19호스팩,482690,2025,별도재무제표,0.0,0.0,-38943610.0,-25112931.0,수익(매출액),영업이익(손실),제 2 기,제 1 기
00110875,대신정보통신,020180,2023,별도재무제표,228487621631.0,180570933137.0,4175255751.0,2283442332.0,수익(매출액),영업이익(손실),제 36 기,제 35 기
00110875,대신정보통신,020180,2024,별도재무제표,256790690611.0,228487621631.0,8839861270.0,4175255751.0,수익(매출액),영업이익(손실),제 37 기,제 36 기
00110875,대신정보통신,020180,2025,별도재무제표,202861487817.0,255122447363.0,9099047769.0,9215588861.0,수익(매출액),영업이익(손실),제 38 기,제 37 기
00110893,대신증권,003540,2023,연결재무제표,3854590575000.0,4231331899000.0,161317426000.0,253461884000.0,영업수익,영업이익,제 63 기,제 62 기
00110893,대신증권,003540,2024,연결재무제표,4093862748000.0,3854590575000.0,83593035000.0,161317426000.0,영업수익,영업이익,제 64 기,제 63 기
00110893,대신증권,003540,2025,연결재무제표,5063889973000.0,4093862748000.0,301402464000.0,83593035000.0,영업수익,영업이익,제 65 기,제 64 기
00318316,대아티아이,045390,2023,연결재무제표,112334976960.0,105547717079.0,3561685564.0,9547831795.0,매출액,영업이익,제 29 기,제 28 기
00318316,대아티아이,045390,2024,연결재무제표,149149155214.0,112334976960.0,7908744652.0,3561685564.0,매출액,영업이익,제 30 기,제 29 기
00318316,대아티아이,045390,2025,연결재무제표,153189348670.0,149149155214.0,7559496321.0,7800058243.0,매출액,영업이익,제 31 기,제 30 기
00111111,대양금속,009190,2023,별도재무제표,200969628514.0,239479973130.0,-2500237161.0,13725697078.0,수익(매출액),영업이익(손실),제 51 기,제 50 기
00111111,대양금속,009190,2024,별도재무제표,215563338886.0,200969628514.0,1889596749.0,-2500237161.0,수익(매출액),영업이익(손실),제 52 기,제 51 기
00111111,대양금속,009190,2025,연결재무제표,223485344976.0,215563338886.0,5620557046.0,1889596749.0,수익(매출액),영업이익(손실),제 53 기,제 52 기
00111193,대양전기공업,108380,2023,연결재무제표,154347176318.0,130396027254.0,3734425846.0,-9885634582.0,매출액,영업이익(손실),제 36 기,제 35 기
00111193,대양전기공업,108380,2024,연결재무제표,196278875513.0,154347176318.0,15686295738.0,3734425846.0,매출액,영업이익(손실),제 37 기,제 36 기
00111193,대양전기공업,108380,2025,연결재무제표,230094825180.0,196278875513.0,27060476082.0,15686295738.0,매출액,영업이익(손실),제 38 기,제 37 기
00111227,대양제지공업,006580,2023,연결재무제표,150194757687.0,123341096051.0,-2030592190.0,-6819166436.0,매출액,영업이익(손실),제 54 기,제 53 기
00111227,대양제지공업,006580,2024,연결재무제표,151231188273.0,150194757687.0,-6769954282.0,-2030592190.0,매출액,영업이익(손실),제 55 기,제 54 기
00111227,대양제지공업,006580,2025,연결재무제표,150547919980.0,151231188273.0,-6645989169.0,-6769954282.0,매출액,영업이익(손실),제 56 기,제 55 기
00111458,대영포장,014160,2023,별도재무제표,283462475670.0,302554046399.0,11078018260.0,11909475247.0,수익(매출액),영업이익(손실),제 45 기,제 44 기
00111458,대영포장,014160,2024,별도재무제표,280835222931.0,283462475670.0,923321701.0,11078018260.0,수익(매출액),영업이익(손실),제 46 기,제 45 기
00111458,대영포장,014160,2025,별도재무제표,283702207867.0,280835222931.0,881634489.0,923321701.0,수익(매출액),영업이익(손실),제 47 기,제 46 기
00124540,대우건설,047040,2023,연결재무제표,11647800864690.0,10419213132139.0,662517552616.0,760006514642.0,매출액,영업이익(손실),제 24 기,제 23 기
00124540,대우건설,047040,2024,연결재무제표,10503609086034.0,11647800864690.0,403125613881.0,662517552616.0,매출액,영업이익(손실),제 25 기,제 24 기
00124540,대우건설,047040,2025,연결재무제표,8054627137857.0,10503609086034.0,-815431279791.0,403125613881.0,매출액,영업이익(손실),제 26 기,제 25 기
00111810,대웅,003090,2023,연결재무제표,1813841462124.0,1697338482580.0,195606282852.0,207334242877.0,영업수익,영업이익(손실),제 64 기,제 63 기
00111810,대웅,003090,2024,연결재무제표,1936916852599.0,1813841462124.0,281913080239.0,195606282852.0,영업수익,영업이익(손실),제 65 기,제 64 기
00111810,대웅,003090,2025,연결재무제표,2068370455244.0,1936916852599.0,261793894978.0,281913080239.0,영업수익,영업이익(손실),제 66 기,제 65 기
00427483,대웅제약,069620,2023,연결재무제표,1375328744877.0,1280091851013.0,122591949287.0,95797148532.0,매출,영업이익(손실),제 22 기,제 21 기
00427483,대웅제약,069620,2024,연결재무제표,1422683296380.0,1375328744877.0,147942198476.0,122591949287.0,수익(매출액),영업이익(손실),제 23 기,제 22 기
00427483,대웅제약,069620,2025,연결재무제표,1570891005329.0,1422683296380.0,196782415375.0,147942198476.0,수익(매출액),영업이익(손실),제 24 기,제 23 기
00111838,대원,007680,2023,연결재무제표,436092001499.0,358311814798.0,-62074519921.0,17849130270.0,매출액,영업이익(손실),제 52 기,제 51 기
00111838,대원,007680,2024,연결재무제표,277180783733.0,436092001499.0,195470402.0,-61997670665.0,매출액,영업이익(손실),제 53 기,제 52 기
00111838,대원,007680,2025,연결재무제표,112122269871.0,277180783733.0,-13753624316.0,198437423.0,매출액,영업이익(손실),제 54 기,제 53 기
00111847,대원강업,000430,2023,연결재무제표,1106756862193.0,1024450498787.0,59171860226.0,22056715849.0,매출액,영업이익(손실),제 77 기,제 76 기
00111847,대원강업,000430,2024,연결재무제표,1367585047000.0,1106756862000.0,22564927000.0,59171860000.0,수익(매출액),영업이익(손실),제 78 기,제 77 기
00111847,대원강업,000430,2025,연결재무제표,1599072177000.0,1367585047000.0,47006630000.0,22564927000.0,수익(매출액),영업이익(손실),제 79 기,제 78 기
00351807,대원미디어,048910,2023,연결재무제표,316061909775.0,303453855521.0,13806865689.0,14269892845.0,매출액,영업이익,제 46 기,제 45 기
00351807,대원미디어,048910,2024,연결재무제표,256364073040.0,316061909775.0,1616163472.0,13806865689.0,매출액,영업이익,제 47 기,제 46 기
00351807,대원미디어,048910,2025,연결재무제표,342849675064.0,256364073040.0,9950399426.0,1616163472.0,매출액,영업이익,제 48 기,제 47 기
00111874,대원산업,005710,2023,연결재무제표,778642594157.0,737040613357.0,47307118109.0,31395680385.0,매출액,영업이익,제 56 기,제 55 기
00111874,대원산업,005710,2024,연결재무제표,931473122460.0,777688827197.0,74982105084.0,47240755346.0,매출액,영업이익,제 57 기,제 56 기
00111874,대원산업,005710,2025,연결재무제표,1058925866620.0,931473122460.0,70753680001.0,74982105084.0,수익(매출액),영업이익,제 58 기,제 57 기
00260392,대원전선,006340,2023,연결재무제표,515401908392.0,562428058271.0,13130113478.0,1346085446.0,수익(매출액),영업이익(손실),제 55 기,제 54 기
00260392,대원전선,006340,2024,연결재무제표,552777321378.0,515401908392.0,14338544095.0,13130113478.0,수익(매출액),영업이익(손실),제 56 기,제 55 기
00260392,대원전선,006340,2025,연결재무제표,624542487406.0,552777321378.0,9351244955.0,14338544095.0,수익(매출액),영업이익(손실),제 57 기,제 56 기
00111999,대원제약,003220,2023,연결재무제표,526952045065.0,478884656361.0,32232798510.0,43006376510.0,매출액,영업이익,제 63 기,제 62 기
00111999,대원제약,003220,2024,연결재무제표,598162352613.0,526952045065.0,28220453539.0,32232798510.0,매출액,영업이익,제 64 기,제 63 기
00111999,대원제약,003220,2025,연결재무제표,605434719615.0,598162352613.0,3483326321.0,28220453539.0,수익(매출액),영업이익,제 65 기,제 64 기
00112022,대원화성,024890,2023,연결재무제표,122178457757.0,146805183509.0,-6436352452.0,-7401035956.0,수익(매출액),영업이익(손실),제 50 기,제 49 기
00112022,대원화성,024890,2024,연결재무제표,125949848451.0,121150507007.0,-6113989337.0,-5921762010.0,수익(매출액),영업이익(손실),제 51 기,제 50 기
00112022,대원화성,024890,2025,연결재무제표,126424447644.0,125949848451.0,870720813.0,-6113989337.0,수익(매출액),영업이익(손실),제 52 기,제 51 기
00384948,대유,290380,2023,별도재무제표,30475572097.0,35354061535.0,-542004373.0,4518664293.0,수익(매출액),영업이익(손실),제 48 기,제 47 기
00384948,대유,290380,2024,별도재무제표,33938514136.0,30475572097.0,2233637646.0,-542004373.0,수익(매출액),영업이익(손실),제 49 기,제 48 기
00384948,대유,290380,2025,별도재무제표,33680578831.0,33938514136.0,2827907878.0,2233637646.0,매출액,영업이익(손실),제 50 기,제 49 기
00250997,대정화금,120240,2023,별도재무제표,93282650935.0,96607882674.0,10995939901.0,11592433055.0,매출액,영업이익,제 38 기,제 37 기
00250997,대정화금,120240,2024,별도재무제표,92304424167.0,93282650935.0,8480140876.0,10995939901.0,매출액,영업이익,제 39 기,제 38 기
00250997,대정화금,120240,2025,별도재무제표,108081231529.0,92304424167.0,11182354393.0,8480140876.0,매출액,영업이익,제 40 기,제 39 기
00112457,대주산업,003310,2023,연결재무제표,105014557386.0,99235803613.0,7684213963.0,5525217122.0,매출액,영업이익(손실),제 62 기,제 61 기
00112457,대주산업,003310,2024,연결재무제표,106038654753.0,105014557386.0,10025103418.0,7684213963.0,매출,영업이익(손실),제 63 기,제 62 기
00112457,대주산업,003310,2025,연결재무제표,100983295727.0,106038654753.0,10635427841.0,10025103418.0,매출액,영업이익(손실),제 64 기,제 63 기
00177816,대주전자재료,078600,2023,연결재무제표,184988881822.0,174098407326.0,6208941102.0,11970916445.0,매출액,영업이익,제 43 기,제 42 기
00177816,대주전자재료,078600,2024,연결재무제표,219316249770.0,184988881822.0,29353571296.0,6208941102.0,수익(매출액),영업이익,제 44 기,제 43 기
00177816,대주전자재료,078600,2025,연결재무제표,254613180231.0,219316249770.0,20686125141.0,29353571296.0,매출액,영업이익,제 45 기,제 44 기
01549472,대진첨단소재,393970,2024,연결재무제표,88992921600.0,64645726523.0,5988654548.0,987270023.0,수익(매출액),영업이익(손실),제 6 기,제 5 기
01549472,대진첨단소재,393970,2025,연결재무제표,84513320058.0,88992921600.0,-20362494152.0,5988654548.0,수익(매출액),영업이익(손실),제 7 기,제 6 기
00112651,대창,012800,2023,연결재무제표,1323045955936.0,1441272496006.0,-9266044241.0,9088699355.0,매출액,영업이익(손실),제 47 기,제 46 기
00112651,대창,012800,2024,연결재무제표,1336870975857.0,1323045955936.0,31349006736.0,-9266044241.0,매출액,영업이익(손실),제 48 기,제 47 기
00112651,대창,012800,2025,연결재무제표,1470237029200.0,1336870975857.0,51527830529.0,31349006736.0,매출액,영업이익(손실),제 49 기,제 48 기
00112679,대창단조,015230,2023,연결재무제표,372122590244.0,421497657834.0,46442960961.0,49857119260.0,매출액,영업이익(손실),제 43 기,제 42 기
00112679,대창단조,015230,2024,연결재무제표,322237329620.0,372122590244.0,30073913587.0,46442960961.0,매출액,영업이익(손실),제 44 기,제 43 기
00112679,대창단조,015230,2025,연결재무제표,346267051157.0,322237329620.0,38033603172.0,30073913587.0,수익(매출액),영업이익(손실),제 45 기,제 44 기
00177870,대창솔루션,096350,2023,연결재무제표,71715102822.0,52756099362.0,5596489348.0,-4741415531.0,수익(매출액),영업이익(손실),제 47 기,제 46 기
00177870,대창솔루션,096350,2024,연결재무제표,61398550420.0,71715102822.0,436761175.0,5596489348.0,수익(매출액),영업이익(손실),제 48 기,제 47 기
00177870,대창솔루션,096350,2025,연결재무제표,59877251686.0,61398550420.0,-143752494.0,436761175.0,수익(매출액),영업이익(손실),제 49 기,제 48 기
00112721,대창스틸,140520,2023,연결재무제표,419753133733.0,398516324784.0,5729081726.0,5069913564.0,매출액,영업이익(손실),제 44 기,제 43 기
00112721,대창스틸,140520,2024,연결재무제표,402449365609.0,419753133733.0,2965845039.0,5729081726.0,매출액,영업이익(손실),제 45 기,제 44 기
00112721,대창스틸,140520,2025,연결재무제표,398574191699.0,402449365609.0,3355298284.0,2965845039.0,매출액,영업이익(손실),제 46 기,제 45 기
00608316,대한과학,131220,2023,연결재무제표,73702238899.0,72279688057.0,6167121379.0,7224466955.0,매출액,영업이익(손실),제 31 기,제 30 기
00608316,대한과학,131220,2024,연결재무제표,71694370061.0,73702238899.0,4225309258.0,6167121379.0,매출액,영업이익(손실),제 32 기,제 31 기
00608316,대한과학,131220,2025,연결재무제표,81117767870.0,71694370061.0,5530676716.0,4225309258.0,매출액,영업이익(손실),제 33 기,제 32 기
00113261,대한광통신,010170,2023,연결재무제표,180262763737.0,190108508492.0,-23223251446.0,3461490495.0,수익(매출액),영업이익(손실),제 50 기,제 49 기
00113261,대한광통신,010170,2024,연결재무제표,152717431829.0,180262763737.0,-29704722792.0,-23223251446.0,수익(매출액),영업이익(손실),제 51 기,제 50 기
00113261,대한광통신,010170,2025,연결재무제표,139446734970.0,152717431829.0,-21410712591.0,-29704722792.0,수익(매출액),영업이익(손실),제 52 기,제 51 기
00207375,대한뉴팜,054670,2023,별도재무제표,204222610934.0,197957348852.0,18809277041.0,27577625403.0,매출액,영업이익(손실),제 40 기,제 39 기
00207375,대한뉴팜,054670,2024,별도재무제표,202186716840.0,204222610934.0,18665072068.0,18809277041.0,매출액,영업이익(손실),제 41 기,제 40 기
00207375,대한뉴팜,054670,2025,별도재무제표,202401496497.0,202186716840.0,11724632183.0,18665072068.0,수익(매출액),영업이익(손실),제 42 기,제 41 기
00112970,대한방직,001070,2023,연결재무제표,149403981153.0,191519691272.0,-1812481976.0,-3886402441.0,매출액,영업이익(손실),제 71 기,제 70 기
00112970,대한방직,001070,2024,연결재무제표,133909117274.0,149403981153.0,2418669755.0,-1812481976.0,매출액,영업이익(손실),제 72 기,제 71 기
00112970,대한방직,001070,2025,연결재무제표,158285867181.0,133909117274.0,696690065.0,2418669755.0,매출액,영업이익(손실),제 73 기,제 72 기
00113128,대한약품,023910,2023,별도재무제표,195911458889.0,184267548195.0,35795371698.0,32968049140.0,매출액,영업이익(손실),제 60 기,제 59 기
00113128,대한약품,023910,2024,별도재무제표,204194880322.0,195911458889.0,38080510688.0,35795371698.0,수익(매출액),영업이익(손실),제 61 기,제 60 기
00113128,대한약품,023910,2025,별도재무제표,208614118262.0,204194880322.0,31185733351.0,38080510688.0,수익(매출액),영업이익(손실),제 62 기,제 61 기
00260383,대한유화,006650,2023,연결재무제표,2499972627941.0,2222070977921.0,-62321327716.0,-214640345650.0,매출액,영업이익(손실),제 55 기,제 54 기
00260383,대한유화,006650,2024,연결재무제표,2800102662159.0,2499972627941.0,-59892625042.0,-62321327716.0,매출액,영업이익(손실),제 56 기,제 55 기
00260383,대한유화,006650,2025,연결재무제표,3347821791902.0,2800102662159.0,52668902480.0,-59892625042.0,매출액,영업이익(손실),제 57 기,제 56 기
00113207,대한전선,001440,2023,연결재무제표,2843980012000.0,2450545975000.0,79823888000.0,48173734000.0,매출액,영업이익,제 69 기,제 68 기
00113207,대한전선,001440,2024,연결재무제표,3291299375000.0,2843980012000.0,115169757000.0,79823888000.0,수익(매출액),영업이익(손실),제 70 기,제 69 기
00113207,대한전선,001440,2025,연결재무제표,3636018215712.0,3291299374607.0,128613046536.0,115169757365.0,수익(매출액),영업이익(손실),제 71 기,제 70 기
00113225,대한제강,084010,2023,연결재무제표,1447832026434.0,2141616301745.0,109934599541.0,215379902495.0,매출액,영업이익(손실),제 71 기,제 70 기
00113225,대한제강,084010,2024,연결재무제표,1224534509948.0,1447832026434.0,10317146497.0,109934599541.0,매출액,영업이익,제 72 기,제 71 기
00113225,대한제강,084010,2025,연결재무제표,1247058624052.0,1224534509948.0,-2872504765.0,10317146497.0,매출액,영업이익,제 73 기,제 72 기
00113234,대한제당,001790,2023,연결재무제표,1332349884000.0,1378075519000.0,47216910000.0,38051122000.0,수익(매출액),영업이익(손실),제 68 기,제 67 기
00113234,대한제당,001790,2024,연결재무제표,1373829105000.0,1332349884000.0,36996731000.0,47216910000.0,매출액,영업이익(손실),제 69 기,제 68 기
00113234,대한제당,001790,2025,연결재무제표,1356276028000.0,1373829105000.0,56555932000.0,36996731000.0,매출액,영업이익(손실),제 70 기,제 69 기
00113243,대한제분,001130,2023,연결재무제표,1441458547512.0,1368170051431.0,54859482247.0,43274283090.0,수익(매출액),영업이익(손실),제 73 기,제 72 기
00113243,대한제분,001130,2024,연결재무제표,1374735359151.0,1441458547512.0,72306706525.0,54859482247.0,매출액,영업이익,제 74 기,제 73 기
00113243,대한제분,001130,2025,연결재무제표,1375199649054.0,1374735359151.0,62256836691.0,72306706525.0,매출액,영업이익,제 75 기,제 74 기
00182696,대한조선,439260,2025,연결재무제표,1228128117609.0,1075312196238.0,294102888541.0,158060123106.0,매출액,영업이익,제 39 기,제 38 기
00113526,대한항공,003490,2023,연결재무제표,16111796106147.0,14096094819146.0,1790089190805.0,2830586753727.0,매출,영업이익(손실),제 62 기,제 61 기
00113526,대한항공,003490,2024,연결재무제표,17870718495804.0,16111796106147.0,2110200077994.0,1790089190805.0,영업수익,영업이익(손실),제 63 기,제 62 기
00113526,대한항공,003490,2025,연결재무제표,25225542379502.0,17870718495804.0,1113589428051.0,2110200077994.0,매출,영업이익,제 64 기,제 63 기
00113535,대한해운,005880,2023,연결재무제표,1397365391874.0,1612014464184.0,249957270562.0,267671830651.0,매출액,영업이익(손실),제 57 기,제 56 기
00113535,대한해운,005880,2024,연결재무제표,1747186595917.0,1397365391874.0,328635127660.0,249957270562.0,매출액,영업이익(손실),제 58 기,제 57 기
00113535,대한해운,005880,2025,연결재무제표,1276968118509.0,1747186595917.0,207164410184.0,328635127660.0,매출액,영업이익(손실),제 59 기,제 58 기
00113544,대한화섬,003830,2023,별도재무제표,134407371795.0,150864212264.0,2392490401.0,6382961691.0,매출액,영업이익,제 61 기,제 60 기
00113544,대한화섬,003830,2024,별도재무제표,123785673930.0,134407371795.0,-1542476290.0,2392490401.0,매출액,영업이익,제 62 기,제 61 기
00113544,대한화섬,003830,2025,별도재무제표,108225676813.0,123785673930.0,-7255414926.0,-1542476290.0,매출액,영업이익,제 63 기,제 62 기
00113614,대현,016090,2023,별도재무제표,295303511096.0,319305279593.0,21331953277.0,30195181973.0,매출,영업이익,제 42 기,제 41 기
00113614,대현,016090,2024,별도재무제표,259284732061.0,295303511096.0,14372512461.0,21331953277.0,매출,영업이익,제 43 기,제 42 기
00113614,대현,016090,2025,별도재무제표,240544349714.0,259284732061.0,7078190153.0,14372512461.0,매출,영업이익,제 44 기,제 43 기
00428729,대호에이엘,069460,2023,별도재무제표,181568717221.0,174036740741.0,8359024150.0,9340386983.0,수익(매출액),영업이익(손실),제 22 기,제 21 기
00428729,대호에이엘,069460,2024,별도재무제표,168532831254.0,181568717221.0,5826923476.0,8359024150.0,수익(매출액),영업이익(손실),제 23 기,제 22 기
00428729,대호에이엘,069460,2025,연결재무제표,215642472961.0,168532831254.0,3471899198.0,5826923476.0,수익(매출액),영업이익(손실),제 24 기,제 23 기
00166175,대호특수강,021040,2023,별도재무제표,300559957997.0,306845564412.0,1660919750.0,901712482.0,수익(매출액),영업이익(손실),제 36 기,제 35 기
00166175,대호특수강,021040,2024,연결재무제표,296390570520.0,300559957997.0,2667939267.0,1660919750.0,수익(매출액),영업이익(손실),제 37 기,제 36 기
00166175,대호특수강,021040,2025,연결재무제표,277424948980.0,296390570520.0,2371277694.0,2667939267.0,수익(매출액),영업이익(손실),제 38 기,제 37 기
00210740,대화제약,067080,2023,연결재무제표,141359215372.0,131911692836.0,1963837396.0,5848093540.0,수익(매출액),영업이익(손실),제 40 기,제 39 기
00210740,대화제약,067080,2024,연결재무제표,149409212217.0,141359215372.0,6713011646.0,1963837396.0,수익(매출액),영업이익(손실),제 41 기,제 40 기
00210740,대화제약,067080,2025,연결재무제표,143060002187.0,149409212217.0,3162277476.0,6713011646.0,수익(매출액),영업이익(손실),제 42 기,제 41 기
01214743,더네이쳐홀딩스,298540,2023,연결재무제표,548443577367.0,497852449325.0,66951645379.0,90782683462.0,수익(매출액),영업이익(손실),제 20 기,제 19 기
01214743,더네이쳐홀딩스,298540,2024,연결재무제표,516897055775.0,548443577367.0,30093846387.0,66951645379.0,매출액,영업이익,제 21 기,제 20 기
01214743,더네이쳐홀딩스,298540,2025,연결재무제표,477521854058.0,516897055775.0,6968044892.0,30093846387.0,매출액,영업이익,제 22 기,제 21 기
00205687,더라미,032860,2023,별도재무제표,50977133773.0,62566412210.0,-3542638080.0,-3179470531.0,매출,영업이익(손실),제 39 기,제 38 기
00205687,더라미,032860,2024,별도재무제표,69776981093.0,50977133773.0,1617984206.0,-3542638080.0,매출,영업이익(손실),제 40 기,제 39 기
00205687,더라미,032860,2025,별도재무제표,50919669504.0,69776981093.0,-1720450576.0,1617984206.0,매출,영업이익(손실),제 41 기,제 40 기
00968607,더본코리아,475560,2024,연결재무제표,464151201512.0,410657834107.0,36023906701.0,25593781484.0,매출액,영업이익,제 31 기,제 30 기
00968607,더본코리아,475560,2025,연결재무제표,361238529222.0,464151201512.0,-23678680069.0,36023906701.0,매출액,영업이익(손실),제 32 기,제 31 기
01010110,더블유게임즈,192080,2023,연결재무제표,582333575007.0,617262019515.0,213292020378.0,183857429569.0,영업수익,영업이익,제 12 기,제 11 기
01010110,더블유게임즈,192080,2024,연결재무제표,633474235686.0,582333575007.0,248734053740.0,213292020378.0,영업수익,영업이익,제 13 기,제 12 기
01010110,더블유게임즈,192080,2025,연결재무제표,719897452508.0,633474235686.0,232134020348.0,248734053740.0,영업수익,영업이익,제 14 기,제 13 기
01291317,더블유씨피,393890,2023,연결재무제표,304986337193.0,257451425430.0,46391318239.0,58027154917.0,매출,영업이익,제 8 기,제 7 기
01291317,더블유씨피,393890,2024,연결재무제표,322073352106.0,304986337193.0,-70938111834.0,46391318239.0,수익(매출액),영업이익(손실),제 9 기,제 8 기
01291317,더블유씨피,393890,2025,연결재무제표,110812962474.0,322073352106.0,-127642966602.0,-70938111834.0,수익(매출액),영업이익(손실),제 10 기,제 9 기
01318261,더블유에스아이,299170,2023,연결재무제표,30877345387.0,27128845288.0,3342668803.0,3684173156.0,수익(매출액),영업이익(손실),제 6 기,제 5 기
01318261,더블유에스아이,299170,2024,연결재무제표,40411341295.0,30877345387.0,3850124651.0,3342668803.0,수익(매출액),영업이익(손실),제 7 기,제 6 기
01318261,더블유에스아이,299170,2025,연결재무제표,51706061278.0,40411341295.0,3915666692.0,3850124651.0,수익(매출액),영업이익(손실),제 8 기,제 7 기
00172291,더존비즈온,012510,2023,연결재무제표,353562627173.0,304302941269.0,69070239677.0,45533613298.0,매출액,영업이익,제 47 기,제 46 기
00172291,더존비즈온,012510,2024,연결재무제표,402332391243.0,354630798397.0,88064046059.0,72364961736.0,매출액,영업이익,제 48 기,제 47 기
00172291,더존비즈온,012510,2025,연결재무제표,446299245964.0,402332391243.0,127727153412.0,88064046059.0,매출액,영업이익,제 49 기,제 48 기
01563667,더즌,462860,2025,연결재무제표,59971247338.0,62657767124.0,13628015735.0,10022797774.0,수익(매출액),영업이익(손실),제 9 기,제 8 기
00530413,더코디,224060,2023,연결재무제표,20212268116.0,20111858404.0,-10401169534.0,-9020440627.0,수익(매출액),영업이익(손실),제 25 기,제 24 기
00530413,더코디,224060,2024,연결재무제표,33516116341.0,20212268116.0,-3707153690.0,-10401169534.0,수익(매출액),영업이익(손실),제 26 기,제 25 기
00530413,더코디,224060,2025,연결재무제표,25266240903.0,27133693589.0,-830924048.0,245424056.0,수익(매출액),영업이익(손실),제 27 기,제 26 기
00351454,더테크놀로지,043090,2023,연결재무제표,15894717014.0,3896571513.0,-10878883880.0,-5053807571.0,매출액,영업이익(손실),제 37 기,제 36 기
00351454,더테크놀로지,043090,2024,연결재무제표,10359147302.0,14907177717.0,-7158316595.0,-10399993294.0,매출액,영업이익(손실),제 38 기,제 37 기
00351454,더테크놀로지,043090,2025,연결재무제표,12576496826.0,10323419806.0,-3193627067.0,-7010339864.0,매출액,영업이익(손실),제 39 기,제 38 기
01138364,더핑크퐁컴퍼니,403850,2023,연결재무제표,94629881285.0,116964259597.0,-3222736589.0,3698960781.0,수익(매출액),영업이익(손실),제 14 기,제 13 기
01138364,더핑크퐁컴퍼니,403850,2024,연결재무제표,97368182311.0,87845458296.0,18811003153.0,3989403591.0,매출액,영업이익,제 15 기,제 14 기
01138364,더핑크퐁컴퍼니,403850,2025,연결재무제표,93861865441.0,97368182311.0,19362248868.0,18811003153.0,매출액,영업이익,제 16 기,제 15 기
01061558,덕산네오룩스,213420,2023,연결재무제표,163702143267.0,176677173188.0,32919649532.0,44866531676.0,매출액,영업이익,제 10 기,제 9 기
01061558,덕산네오룩스,213420,2024,연결재무제표,212252223722.0,163702143267.0,52471548274.0,32919649532.0,매출액,영업이익,제 11 기,제 10 기
01061558,덕산네오룩스,213420,2025,연결재무제표,344309797191.0,212252223722.0,60742428308.0,52471548274.0,매출액,영업이익,제 12 기,제 11 기
01021666,덕산테코피아,317330,2023,연결재무제표,94076712274.0,111005121065.0,-6225474421.0,9261039886.0,수익(매출액),영업이익(손실),제 18 기,제 17 기
01021666,덕산테코피아,317330,2024,연결재무제표,99694431512.0,94076712274.0,-30219465064.0,-6225474421.0,수익(매출액),영업이익(손실),제 19 기,제 18 기
01021666,덕산테코피아,317330,2025,연결재무제표,112078954483.0,99694431512.0,-43026410473.0,-30219465064.0,수익(매출액),영업이익(손실),제 20 기,제 19 기
00471068,덕산하이메탈,077360,2023,연결재무제표,144452975904.0,164401247778.0,-10965930533.0,-3724972959.0,수익(매출액),영업이익(손실),제 25 기,제 24 기
00471068,덕산하이메탈,077360,2024,연결재무제표,235891931037.0,144452975904.0,18638671330.0,-10965930533.0,매출액,영업이익(손실),제 26 기,제 25 기
00471068,덕산하이메탈,077360,2025,연결재무제표,236404536110.0,235891931037.0,2813023041.0,18638671330.0,수익(매출액),영업이익(손실),제 27 기,제 26 기
00114093,덕성,004830,2023,연결재무제표,107932700729.0,133297779331.0,5090066210.0,5248384446.0,매출액,영업이익(손실),제 58 기,제 57 기
00114093,덕성,004830,2024,연결재무제표,125453477601.0,107932700729.0,8910501328.0,5090066210.0,매출액,영업이익,제 59 기,제 58 기
00114093,덕성,004830,2025,연결재무제표,146476303554.0,125453477601.0,6235964595.0,8910501328.0,매출액,영업이익,제 60 기,제 59 기
00454937,덕신이피씨,090410,2023,연결재무제표,218078494407.0,201608200221.0,28946846479.0,20194992054.0,수익(매출액),영업이익(손실),제 33 기,제 32 기
00454937,덕신이피씨,090410,2024,연결재무제표,146564092289.0,218078494407.0,10727288982.0,28946846479.0,수익(매출액),영업이익(손실),제 34 기,제 33 기
00454937,덕신이피씨,090410,2025,연결재무제표,106458504421.0,146564092289.0,-103937097.0,10727288982.0,수익(매출액),영업이익(손실),제 35 기,제 34 기
00571298,덕우전자,263600,2023,연결재무제표,165129193757.0,208968711857.0,-9934811736.0,18926504841.0,수익(매출액),영업이익(손실),제 32 기,제 31 기
00571298,덕우전자,263600,2024,연결재무제표,160950428993.0,154774103033.0,-991839128.0,-8839197194.0,수익(매출액),영업이익(손실),제 33 기,제 32 기
00571298,덕우전자,263600,2025,연결재무제표,176946596890.0,160950428993.0,1578114079.0,-991839128.0,수익(매출액),영업이익(손실),제 34 기,제 33 기
01008762,데브시스터즈,194480,2023,연결재무제표,161143328758.0,214423954452.0,-47992774337.0,-19910863432.0,영업수익,영업이익(손실),제 17 기,제 16 기
01008762,데브시스터즈,194480,2024,연결재무제표,236186554886.0,161143328758.0,27185096721.0,-47992774337.0,영업수익,영업이익(손실),제 18 기,제 17 기
01008762,데브시스터즈,194480,2025,연결재무제표,295578347074.0,236186554886.0,6350198195.0,27185096721.0,영업수익,영업이익(손실),제 19 기,제 18 기
01455492,데이원컴퍼니,373160,2024,연결재무제표,127680095673.0,116589559474.0,-286759540.0,1122169574.0,영업수익,영업이익,제 8 기,제 7 기
01455492,데이원컴퍼니,373160,2025,연결재무제표,123860403525.0,127680095673.0,4571578722.0,-286759540.0,영업수익,영업이익(손실),제 9 기,제 8 기
00877819,데이타솔루션,263800,2023,별도재무제표,99260952857.0,99118758717.0,1263533953.0,2656856841.0,매출액,영업이익(손실),제 14 기,제 13 기
00877819,데이타솔루션,263800,2024,별도재무제표,110082857620.0,99260952857.0,58404986.0,1263533953.0,매출액,영업이익(손실),제 15 기,제 14 기
00877819,데이타솔루션,263800,2025,별도재무제표,103815906948.0,110082857620.0,1217275135.0,58404986.0,매출액,영업이익(손실),제 16 기,제 15 기
00112819,데코앤에프,017680,2023,별도재무제표,28144145728.0,27335544440.0,971560175.0,1958653965.0,매출액,영업이익(손실),제 39 기,제 38 기
00112819,데코앤에프,017680,2024,별도재무제표,26307758601.0,28144145728.0,-7446619242.0,971560175.0,매출액,영업이익(손실),제 40 기,제 39 기
00112819,데코앤에프,017680,2025,별도재무제표,14098385747.0,26307758601.0,1169976635.0,-7446619242.0,매출액,영업이익(손실),제 41 기,제 40 기
01021949,덱스터,206560,2023,연결재무제표,67717191460.0,65905730689.0,-41361146.0,-2512357680.0,영업수익,영업이익(손실),제 13 기,제 12 기
01021949,덱스터,206560,2024,연결재무제표,53688139351.0,67717191460.0,-8895513452.0,-41361146.0,영업수익,영업이익(손실),제 14 기,제 13 기
01021949,덱스터,206560,2025,연결재무제표,55416993715.0,53688139351.0,-6505871065.0,-8895513452.0,영업수익,영업이익(손실),제 15 기,제 14 기
01187494,덴티스,261200,2023,연결재무제표,94334674935.0,87087135928.0,428688410.0,5585567026.0,매출액,영업이익,제 8 기,제 7 기
01187494,덴티스,261200,2024,연결재무제표,114283327326.0,94334674935.0,-446195829.0,428688410.0,매출액,영업이익,제 9 기,제 8 기
01187494,덴티스,261200,2025,연결재무제표,114245201119.0,114283327326.0,-10413973139.0,-446195829.0,매출액,영업이익(손실),제 10 기,제 9 기
00526599,덴티움,145720,2023,연결재무제표,393188581139.0,355865975045.0,138279256798.0,125702600219.0,수익(매출액),영업이익(손실),제 24 기,제 23 기
00526599,덴티움,145720,2024,연결재무제표,407807117931.0,393188581139.0,98497363463.0,138279256798.0,매출액,영업이익,제 25 기,제 24 기
00526599,덴티움,145720,2025,연결재무제표,346451532721.0,407807117931.0,64110852662.0,98497363463.0,매출액,영업이익,제 26 기,제 25 기
01380578,도우인시스,484120,2025,연결재무제표,139791218651.0,141707834884.0,3384516329.0,9696133480.0,매출액,영업이익,제 16 기,제 15 기
00449379,도이치모터스,067990,2023,연결재무제표,2195954335686.0,1957078960881.0,42771890724.0,64842909912.0,매출액,영업이익,제 24 기,제 23 기
00449379,도이치모터스,067990,2024,연결재무제표,2168435353922.0,2195954335686.0,25040690515.0,42771890724.0,수익(매출액),영업이익,제 25 기,제 24 기
00449379,도이치모터스,067990,2025,연결재무제표,2549096896332.0,2168435353922.0,40785780982.0,25040690515.0,매출액,영업이익,제 26 기,제 25 기
00114552,도화엔지니어링,002150,2023,연결재무제표,574990699821.0,555824251958.0,21891969353.0,11939896822.0,영업수익,영업이익(손실),제 62 기,제 61 기
00114552,도화엔지니어링,002150,2024,연결재무제표,582786671724.0,574990699821.0,-13386874639.0,21891969353.0,영업수익,영업이익(손실),제 63 기,제 62 기
00114552,도화엔지니어링,002150,2025,연결재무제표,698474865934.0,582786671724.0,30117245820.0,-13386874639.0,영업수익,영업이익(손실),제 64 기,제 63 기
00114686,동구바이오제약,006620,2023,연결재무제표,215686305355.0,194987764745.0,14616047952.0,17039922094.0,매출액,영업이익(손실),제 41 기,제 40 기
00114686,동구바이오제약,006620,2024,연결재무제표,249274859206.0,215686305355.0,12690585871.0,14616047952.0,매출액,영업이익(손실),제 42 기,제 41 기
00114686,동구바이오제약,006620,2025,연결재무제표,242687805574.0,249274859206.0,9247532027.0,12690585871.0,매출액,영업이익,제 43 기,제 42 기
00415594,동국S&C,100130,2023,연결재무제표,398256036328.0,477142893660.0,-31751419911.0,-11395530339.0,매출액,영업이익,제 23 기,제 22 기
00415594,동국S&C,100130,2024,연결재무제표,165779489924.0,178578529292.0,-5534041323.0,-35262178928.0,매출액,영업이익(손실),제 24 기,제 23 기
00415594,동국S&C,100130,2025,연결재무제표,119684884783.0,165779489924.0,6944254857.0,-5534041323.0,매출액,영업이익(손실),제 25 기,제 24 기
00172680,동국산업,005160,2023,연결재무제표,757010071920.0,860529534483.0,-27109102145.0,1177844051.0,수익(매출액),영업이익(손실),제 57 기,제 56 기
00172680,동국산업,005160,2024,연결재무제표,790288185559.0,757010071920.0,11981654449.0,-27109102145.0,수익(매출액),영업이익(손실),제 58 기,제 57 기
00172680,동국산업,005160,2025,연결재무제표,727764317548.0,790288185559.0,7025489185.0,11981654449.0,수익(매출액),영업이익(손실),제 59 기,제 58 기
01233465,동국생명과학,303810,2024,별도재무제표,131816122285.0,120161205350.0,11916090535.0,8529558699.0,매출,영업이익,제 8 기,제 7 기
01233465,동국생명과학,303810,2025,별도재무제표,130343747512.0,131816122285.0,13045359378.0,11916090535.0,매출,영업이익,제 9 기,제 8 기
01765256,동국씨엠,460850,2024,별도재무제표,2163761368649.0,1266149070283.0,77329845672.0,26689442862.0,매출액,영업이익(손실),제 2 기,제 1 기
01765256,동국씨엠,460850,2025,연결재무제표,2768703132346.0,2163761368649.0,-38828006711.0,77329845672.0,매출액,영업이익(손실),제 3 기,제 2 기
00472890,동국알앤에스,075970,2023,연결재무제표,108390541218.0,118181742675.0,2084942034.0,4205681903.0,수익(매출액),영업이익(손실),제 20 기,제 19 기
00472890,동국알앤에스,075970,2024,연결재무제표,110359936194.0,108390541218.0,1137751280.0,2084942034.0,수익(매출액),영업이익(손실),제 21 기,제 20 기
00472890,동국알앤에스,075970,2025,연결재무제표,110734618130.0,110359936194.0,3378074057.0,1137751280.0,수익(매출액),영업이익(손실),제 22 기,제 21 기
01765265,동국제강,460860,2024,별도재무제표,3527525783006.0,2632104129307.0,102474077764.0,235489924847.0,매출액,영업이익(손실),제 2 기,제 1 기
01765265,동국제강,460860,2025,별도재무제표,3203431341223.0,3527525783006.0,59380409698.0,102474077764.0,매출액,영업이익,제 3 기,제 2 기
00114808,동국제약,086450,2023,연결재무제표,730993597323.0,661647492300.0,66873304070.0,73940574560.0,매출,영업이익,제 56 기,제 55 기
00114808,동국제약,086450,2024,연결재무제표,812166073057.0,730993597323.0,80419595222.0,66873304070.0,매출,영업이익,제 57 기,제 56 기
00114808,동국제약,086450,2025,연결재무제표,926883701823.0,812166073057.0,96553506173.0,80419595222.0,매출,영업이익,제 58 기,제 57 기
00114792,동국홀딩스,001230,2023,연결재무제표,1841113699327.0,2098912392887.0,60062636095.0,86773672399.0,매출액,영업이익(손실),제 70 기,제 69 기
00114792,동국홀딩스,001230,2024,연결재무제표,1999426088314.0,1841113699327.0,58003101705.0,60062636095.0,수익(매출액),영업이익(손실),제 71 기,제 70 기
00114792,동국홀딩스,001230,2025,연결재무제표,1985265094613.0,1999426088314.0,39456572869.0,58003101705.0,매출액,영업이익,제 72 기,제 71 기
00115065,동남합성,023450,2023,별도재무제표,166721761463.0,193400697499.0,8062686149.0,13461074816.0,매출액,영업이익(손실),제 59 기,제 58 기
00115065,동남합성,023450,2024,별도재무제표,186398920042.0,166721761463.0,8934586807.0,8062686149.0,매출액,영업이익(손실),제 60 기,제 59 기
00115065,동남합성,023450,2025,별도재무제표,194264823958.0,186398920042.0,9365331837.0,8934586807.0,매출액,영업이익(손실),제 61 기,제 60 기
00115287,동방,004140,2023,연결재무제표,767794640132.0,758533281842.0,35189702668.0,27567777416.0,매출액,영업이익,제 59 기,제 58 기
00115287,동방,004140,2024,연결재무제표,871649680262.0,767794640132.0,39038582380.0,35189702668.0,매출액,영업이익,제 60 기,제 59 기
00115287,동방,004140,2025,연결재무제표,915552774078.0,871649680262.0,31957249609.0,39038582380.0,매출액,영업이익,제 61 기,제 60 기
01073261,동방메디컬,240550,2024,연결재무제표,105113645139.0,90875105107.0,15045956736.0,16477132101.0,매출액,영업이익,제 11 기,제 10 기
01073261,동방메디컬,240550,2025,연결재무제표,113536899863.0,105113645139.0,17005218832.0,15045956736.0,매출액,영업이익,제 12 기,제 11 기
00526678,동방선기,099410,2023,별도재무제표,27307982909.0,24859836856.0,3414161413.0,1399147607.0,매출액,영업이익(손실),제 30 기,제 29 기
00526678,동방선기,099410,2024,별도재무제표,35715981658.0,27307982909.0,4081910540.0,3414161413.0,매출액,영업이익(손실),제 31 기,제 30 기
00526678,동방선기,099410,2025,별도재무제표,41878629483.0,35715981658.0,9289358838.0,4081910540.0,매출액,영업이익(손실),제 32 기,제 31 기
00115384,동방아그로,007590,2023,연결재무제표,164275326108.0,146722848606.0,13588672363.0,9337231210.0,수익(매출액),영업이익(손실),제 52 기,제 51 기
00115384,동방아그로,007590,2024,연결재무제표,170248304592.0,164275326108.0,14610574702.0,13588672363.0,수익(매출액),영업이익(손실),제 53 기,제 52 기
00115384,동방아그로,007590,2025,연결재무제표,178997455771.0,170248304592.0,12652186968.0,14610574702.0,수익(매출액),영업이익(손실),제 54 기,제 53 기
00115612,동부건설,005960,2023,연결재무제표,1899979526270.0,1461208947333.0,30156163241.0,41253381219.0,수익(매출액),영업이익(손실),제 55 기,제 54 기
00115612,동부건설,005960,2024,연결재무제표,1688369156822.0,1899979526270.0,-96940269971.0,30199216950.0,수익(매출액),영업이익(손실),제 56 기,제 55 기
00115612,동부건설,005960,2025,연결재무제표,1758625710036.0,1688369156822.0,42628317835.0,-96940269971.0,수익(매출액),영업이익(손실),제 57 기,제 56 기
00144395,동서,026960,2023,연결재무제표,489695541569.0,556486608719.0,43752486840.0,39175078067.0,매출액,영업이익,제 49 기,제 48 기
00144395,동서,026960,2024,연결재무제표,488860392545.0,489695541569.0,44476967156.0,43752486840.0,매출액,영업이익,제 50 기,제 49 기
00144395,동서,026960,2025,연결재무제표,532878500925.0,488860392545.0,45337393517.0,44476967156.0,매출액,영업이익,제 51 기,제 50 기
00116268,동성제약,002210,2023,별도재무제표,88593588700.0,93328194834.0,596402805.0,-3096985196.0,매출액,영업이익(손실),제 67 기,제 66 기
00116268,동성제약,002210,2024,별도재무제표,88448234133.0,88593588700.0,-5731935846.0,665079755.0,매출,영업이익(손실),제 68 기,제 67 기
00116268,동성제약,002210,2025,별도재무제표,87168895112.0,88448234133.0,-10118316902.0,-5731935846.0,매출,영업이익(손실),제 69 기,제 68 기
00679314,동성케미컬,102260,2023,연결재무제표,1117998853514.0,1140123619934.0,81599865964.0,55370343076.0,매출액,영업이익,제 16 기,제 15 기
00679314,동성케미컬,102260,2024,연결재무제표,1066318113144.0,993003787815.0,91029915815.0,74070573970.0,매출액,영업이익,제 17 기,제 16 기
00679314,동성케미컬,102260,2025,연결재무제표,1211599795389.0,1066318113144.0,112042532460.0,91029915815.0,매출액,영업이익,제 18 기,제 17 기
00231105,동성화인텍,033500,2023,연결재무제표,531408738039.0,434151552353.0,37339851391.0,15277453449.0,수익(매출액),영업이익(손실),제 39 기,제 38 기
00231105,동성화인텍,033500,2024,연결재무제표,597409682162.0,533761699823.0,53988814630.0,39954477175.0,매출액,영업손익,제 40 기,제 39 기
00231105,동성화인텍,033500,2025,연결재무제표,742186008411.0,597409682162.0,72558706089.0,53988814630.0,매출액,영업손익,제 41 기,제 40 기
00116408,동신건설,025950,2023,별도재무제표,82743779233.0,50301558593.0,6340785950.0,1366400188.0,수익(매출액),영업이익(손실),제 66 기,제 65 기
00116408,동신건설,025950,2024,별도재무제표,68971328816.0,82743779233.0,585892436.0,6340785950.0,수익,영업이익(손실),제 67 기,제 66 기
00116408,동신건설,025950,2025,별도재무제표,33382076965.0,68971328816.0,-2206114342.0,585892436.0,수익(매출액),영업이익(손실),제 68 기,제 67 기
00116824,동아쏘시오홀딩스,000640,2023,연결재무제표,1132002860400.0,1014860897959.0,76881723048.0,37854827137.0,Ⅰ.영업수익,Ⅲ.영업이익,제 76 기,제 75 기
00116824,동아쏘시오홀딩스,000640,2024,연결재무제표,1333229636666.0,1132002860400.0,82094664924.0,76881723048.0,매출,영업이익,제 77 기,제 76 기
00116824,동아쏘시오홀딩스,000640,2025,연결재무제표,1429766810735.0,1333229636666.0,97772974663.0,82094664924.0,매출,영업이익,제 78 기,제 77 기
00956930,동아에스티,170900,2023,연결재무제표,663980368109.0,635392682732.0,11178462374.0,16672741081.0,매출,영업이익,제 11 기,제 10 기
00956930,동아에스티,170900,2024,연결재무제표,697869071451.0,663980368109.0,-25002030853.0,11178462374.0,매출,영업이익,제 12 기,제 11 기
00956930,동아에스티,170900,2025,연결재무제표,808780057197.0,697869071451.0,623189224.0,-25002030853.0,매출,영업이익(손실),제 13 기,제 12 기
00489243,동아엘텍,088130,2023,연결재무제표,165117482966.0,213773717730.0,2242034538.0,13196346509.0,매출액,영업이익(손실),제 25 기,제 24 기
00489243,동아엘텍,088130,2024,연결재무제표,178436625705.0,165117482966.0,14730354381.0,2242034538.0,매출액,영업이익(손실),제 26 기,제 25 기
00489243,동아엘텍,088130,2025,연결재무제표,582437006389.0,178436625705.0,113231146332.0,14730354381.0,수익(매출액),영업이익(손실),제 27 기,제 26 기
00178754,동아지질,028100,2023,연결재무제표,344964131490.0,266282780286.0,7693102948.0,-30570127039.0,매출액,영업이익(손실),제 51 기,제 50 기
00178754,동아지질,028100,2024,연결재무제표,393493162674.0,344964131490.0,9611724890.0,7693102948.0,매출액,영업이익,제 52 기,제 51 기
00178754,동아지질,028100,2025,연결재무제표,467725500443.0,393493162674.0,18069010111.0,9611724890.0,수익(매출액),영업이익(손실),제 53 기,제 52 기
00117337,동양,001520,2023,연결재무제표,866327008521.0,767681537593.0,26548625914.0,7924864990.0,수익(매출액),영업이익,제 69 기,제 68 기
00117337,동양,001520,2024,연결재무제표,750408346536.0,866327008521.0,-920616899.0,26548625914.0,매출액,영업이익(손실),제 70 기,제 69 기
00117337,동양,001520,2025,연결재무제표,630627899042.0,750408346536.0,-20743807599.0,-920616899.0,매출액,영업손실,제 71 기,제 70 기
00540641,동양고속,084670,2023,연결재무제표,119970715686.0,104429014786.0,-287881125.0,-11216972073.0,수익(매출액),영업이익(손실),제 19 기,제 18 기
00540641,동양고속,084670,2024,연결재무제표,121720579912.0,119970715686.0,-1530752310.0,-287881125.0,수익(매출액),영업이익(손실),제 20 기,제 19 기
00540641,동양고속,084670,2025,연결재무제표,125183458405.0,121720579912.0,5098088145.0,-1530752310.0,수익(매출액),영업이익(손실),제 21 기,제 20 기
00117267,동양생명보험,082640,2023,연결재무제표,2119431283498.0,1982215844030.0,334329279110.0,8997676621.0,투자영업수익,영업이익(손실),제 35 기,제 34 기
00117267,동양생명보험,082640,2024,연결재무제표,2265833601837.0,2119431283498.0,368058158055.0,294252381174.0,투자영업수익,III . 영업이익(손실),제 36 기,제 35 기
00117267,동양생명보험,082640,2025,연결재무제표,2310778000000.0,2265834000000.0,198812000000.0,368058000000.0,투자영업수익,영업이익,제 37 기,제 36 기
00178851,동양에스텍,060380,2023,연결재무제표,210467132054.0,232458876752.0,5986309318.0,6761513410.0,수익(매출액),영업이익(손실),제 43 기,제 42 기
00178851,동양에스텍,060380,2024,연결재무제표,191040272513.0,210467132054.0,3153850695.0,5986309318.0,수익(매출액),영업이익(손실),제 44 기,제 43 기
00178851,동양에스텍,060380,2025,연결재무제표,197820474985.0,191040272513.0,1813014359.0,3153850695.0,수익(매출액),영업이익(손실),제 45 기,제 44 기
00178790,동양이엔피,079960,2023,연결재무제표,536914173334.0,559811298016.0,42958412627.0,27751409294.0,수익(매출액),영업이익(손실),제 37 기,제 36 기
00178790,동양이엔피,079960,2024,연결재무제표,548392783461.0,536914173334.0,51618125791.0,42958412627.0,수익(매출액),영업이익(손실),제 38 기,제 37 기
00178790,동양이엔피,079960,2025,연결재무제표,596475211237.0,548392783461.0,53617577881.0,51618125791.0,수익(매출액),영업이익,제 39 기,제 38 기
00993931,동양파일,228340,2023,별도재무제표,71057300475.0,72584619200.0,4492854477.0,5272970932.0,수익(매출액),영업이익(손실),제 11 기,제 10 기
00993931,동양파일,228340,2024,별도재무제표,56562644985.0,71057300475.0,-4415778041.0,4492854477.0,수익(매출액),영업이익(손실),제 12 기,제 11 기
00993931,동양파일,228340,2025,별도재무제표,55925560654.0,56562644985.0,-4747883002.0,-4415778041.0,수익(매출액),영업이익(손실),제 13 기,제 12 기
00228712,동우팜투테이블,088910,2023,연결재무제표,349164108766.0,336847473051.0,21126989607.0,11931138087.0,수익(매출액),영업이익(손실),제 31 기,제 30 기
00228712,동우팜투테이블,088910,2024,연결재무제표,303120132139.0,349164108766.0,-4309798679.0,21126989607.0,수익(매출액),영업이익(손실),제 32 기,제 31 기
00228712,동우팜투테이블,088910,2025,연결재무제표,325457698211.0,303120132139.0,13151439758.0,-4309798679.0,수익(매출액),영업이익(손실),제 33 기,제 32 기
00695969,동운아나텍,094170,2023,별도재무제표,111486613090.0,50138173079.0,25107570805.0,-6259568862.0,매출액,영업이익(손실),제 18 기,제 17 기
00695969,동운아나텍,094170,2024,별도재무제표,138261288524.0,111486613090.0,17468001192.0,25107570805.0,매출액,영업이익(손실),제 19 기,제 18 기
00695969,동운아나텍,094170,2025,별도재무제표,127630547202.0,138261288524.0,2418553415.0,17468001192.0,매출액,영업이익(손실),제 20 기,제 19 기
00340917,동원F&B,049770,2023,연결재무제표,4360844416713.0,4023577593976.0,166714272077.0,128699824345.0,매출액,영업이익,제 24 기,제 23 기
00340917,동원F&B,049770,2024,연결재무제표,4483613162821.0,4360844416713.0,183451642305.0,166714272077.0,매출액,영업이익,제 25 기,제 24 기
00340917,동원F&B,049770,2025,연결재무제표,4877729905705.0,4483613162821.0,193822552323.0,183451642305.0,매출,영업이익,제 26 기,제 25 기
00117966,동원개발,013120,2023,연결재무제표,736557428431.0,581504179966.0,30000134277.0,83922533356.0,수익(매출액),영업이익(손실),제 46 기,제 45 기
00117966,동원개발,013120,2024,연결재무제표,520374333203.0,736557428431.0,21010739831.0,30000134277.0,수익(매출액),영업이익(손실),제 47 기,제 46 기
00117966,동원개발,013120,2025,연결재무제표,387344571458.0,520374333203.0,17096007952.0,21010739831.0,수익(매출액),영업이익(손실),제 48 기,제 47 기
00118008,동원모빌리티,018500,2023,연결재무제표,538640239424.0,387368679807.0,35573266789.0,11747797604.0,수익(매출액),영업이익(손실),제 38 기,제 37 기
00118008,동원모빌리티,018500,2024,연결재무제표,568241480277.0,538640239424.0,35673626927.0,35573266789.0,수익(매출액),영업이익(손실),제 39 기,제 38 기
00118008,동원모빌리티,018500,2025,연결재무제표,626236089125.0,568241480277.0,41985529628.0,35673626927.0,수익(매출액),영업이익(손실),제 40 기,제 39 기
00118026,동원산업,006040,2023,연결재무제표,8948570757964.0,9026258367482.0,464733626626.0,494432749962.0,매출액,영업이익,제 55 기,제 54 기
00118026,동원산업,006040,2024,연결재무제표,8944231939726.0,8948570757964.0,501319940394.0,464733626626.0,매출액,영업이익,제 56 기,제 55 기
00118026,동원산업,006040,2025,연결재무제표,9583673896991.0,8944231939726.0,516134102432.0,501319940394.0,매출액,영업이익,제 57 기,제 56 기
00118044,동원수산,030720,2023,연결재무제표,141944902184.0,177038840956.0,-19400162561.0,5800643290.0,매출액,영업이익(손실),제 54 기,제 53 기
00118044,동원수산,030720,2024,연결재무제표,183650399305.0,141944902184.0,5324047839.0,-19400162561.0,매출액,영업이익(손실),제 55 기,제 54 기
00118044,동원수산,030720,2025,연결재무제표,172592224421.0,183650399305.0,8826336971.0,5324047839.0,매출액,영업이익(손실),제 56 기,제 55 기
00132637,동원시스템즈,014820,2023,연결재무제표,1276650646414.0,1436999451562.0,80851256459.0,91839427774.0,매출액,영업이익,제 44 기,제 43 기
00132637,동원시스템즈,014820,2024,연결재무제표,1334257031663.0,1276650646414.0,91904557765.0,80851256459.0,매출액,영업이익,제 45 기,제 44 기
00132637,동원시스템즈,014820,2025,연결재무제표,1372874325188.0,1334257031663.0,66155675299.0,91904557765.0,매출액,영업이익,제 46 기,제 45 기
00367710,동인기연,111380,2023,연결재무제표,216057247215.0,250589220895.0,28253714819.0,42653702422.0,수익(매출액),영업이익(손실),제 32 기,제 31 기
00367710,동인기연,111380,2024,연결재무제표,226691392865.0,216057247215.0,21119302102.0,28253714819.0,수익(매출액),영업이익(손실),제 33 기,제 32 기
00367710,동인기연,111380,2025,연결재무제표,244145426389.0,226691392865.0,22591344051.0,21119302102.0,수익(매출액),영업이익(손실),제 34 기,제 33 기
00939687,동일고무벨트,163560,2023,연결재무제표,357776406425.0,390439849813.0,13689300437.0,8078839374.0,매출,영업이익(손실),제 12 기,제 11 기
00939687,동일고무벨트,163560,2024,연결재무제표,336983162562.0,357776406425.0,9586743700.0,13689300437.0,매출,영업이익(손실),제 13 기,제 12 기
00939687,동일고무벨트,163560,2025,연결재무제표,364602809366.0,336983162562.0,18564940328.0,9586743700.0,매출,영업이익,제 14 기,제 13 기
00118284,동일금속,109860,2023,연결재무제표,110445489877.0,111439113384.0,12368057822.0,13932278391.0,수익(매출액),영업이익(손실),제 40 기,제 39 기
00118284,동일금속,109860,2024,연결재무제표,85984630205.0,110445489877.0,617915159.0,12368057822.0,수익(매출액),영업이익(손실),제 41 기,제 40 기
00118284,동일금속,109860,2025,연결재무제표,91706521874.0,85984630205.0,1432358491.0,617915159.0,수익(매출액),영업이익(손실),제 42 기,제 41 기
00199076,동일기연,032960,2023,연결재무제표,25234856762.0,26699392928.0,422580762.0,1101722833.0,매출액,영업이익(손실),제 38 기,제 37 기
00199076,동일기연,032960,2024,연결재무제표,24110354370.0,25234856762.0,191505571.0,422580762.0,매출액,영업이익(손실),제 39 기,제 38 기
00199076,동일기연,032960,2025,연결재무제표,21551039836.0,24110354370.0,-61855477.0,191505571.0,매출액,영업이익(손실),제 40 기,제 39 기
00172936,동일산업,004890,2023,연결재무제표,441161261164.0,498050514999.0,-4238627709.0,22590867293.0,수익(매출액),영업이익(손실),제 58 기,제 57 기
00172936,동일산업,004890,2024,연결재무제표,415796640204.0,441161261164.0,-4158725047.0,-4238627709.0,수익(매출액),영업이익(손실),제 59 기,제 58 기
00172936,동일산업,004890,2025,연결재무제표,347922351797.0,415796640204.0,-2749636572.0,-4158725047.0,수익(매출액),영업이익(손실),제 60 기,제 59 기
00172945,동일스틸럭스,023790,2023,별도재무제표,21471427299.0,32221196756.0,-3313257599.0,901676894.0,수익(매출액),영업이익(손실),제 57 기,제 56 기
00172945,동일스틸럭스,023790,2024,별도재무제표,16633409791.0,21471427299.0,-1800645491.0,-3313257599.0,수익(매출액),영업이익(손실),제 58 기,제 57 기
00172945,동일스틸럭스,023790,2025,별도재무제표,24045379541.0,16633409791.0,-2608399408.0,-1800645491.0,수익(매출액),영업손실,제 59 기,제 58 기
00118451,동일제강,002690,2023,별도재무제표,180812604441.0,196757615383.0,-2912558609.0,2456929950.0,수익(매출액),영업이익(손실),제 64 기,제 63 기
00118451,동일제강,002690,2024,별도재무제표,151116114567.0,180812604441.0,-5798526499.0,-2912558609.0,수익(매출액),영업이익(손실),제 65 기,제 64 기
00118451,동일제강,002690,2025,별도재무제표,147345604058.0,151116114567.0,-3510789127.0,-5798526499.0,수익(매출액),영업이익(손실),제 66 기,제 65 기
00118804,동진쎄미켐,005290,2023,연결재무제표,1309924437990.0,1457214808307.0,176174316058.0,216308703354.0,수익,영업이익(손실),제 51 기,제 50 기
00118804,동진쎄미켐,005290,2024,연결재무제표,1408144175958.0,1309924437990.0,208225729660.0,176174316058.0,수익,영업이익,제 52 기,제 51 기
00118804,동진쎄미켐,005290,2025,연결재무제표,1194144534567.0,1112812913021.0,172448889381.0,175412739519.0,수익,영업이익,제 53 기,제 52 기
00173032,동화기업,025900,2023,연결재무제표,963223225281.0,1100415112505.0,-16571978650.0,72435427545.0,매출,영업이익(손실),제 76 기,제 75 기
00173032,동화기업,025900,2024,연결재무제표,917976695727.0,963223225281.0,16703994005.0,-16571978650.0,수익(매출액),영업이익(손실),제 77 기,제 76 기
00173032,동화기업,025900,2025,연결재무제표,829562476098.0,842823054286.0,-13794765557.0,7536583227.0,수익(매출액),영업이익(손실),제 78 기,제 77 기
00119195,동화약품,000020,2023,연결재무제표,361108562008.0,340426327300.0,18775880121.0,29915077882.0,수익(매출액),영업이익(손실),제 95 기,제 94 기
00119195,동화약품,000020,2024,연결재무제표,464874735245.0,361108562008.0,13411192945.0,18775880121.0,수익(매출액),영업이익(손실),제 96 기,제 95 기
00119195,동화약품,000020,2025,연결재무제표,496394309778.0,464874735245.0,256752681.0,13411192945.0,매출액,영업이익,제 97 기,제 96 기
00117212,두산,000150,2023,연결재무제표,19130129881903.0,16995760103010.0,1436262204451.0,1126028726422.0,매출액,영업이익(손실),제 87 기,제 86 기
00117212,두산,000150,2024,연결재무제표,18132874000000.0,19130130000000.0,1003759000000.0,1436262000000.0,영업수익,영업이익,제 88 기,제 87 기
00117212,두산,000150,2025,연결재무제표,19784138000000.0,18132874000000.0,1062715000000.0,1003759000000.0,매출액,영업이익,제 89 기,제 88 기
00102760,두산건설,011160,2023,연결재무제표,1717496987675.0,1190565661406.0,60907875609.0,30109033607.0,매출액,영업이익(손실),제 48 기,제 47 기
00102760,두산건설,011160,2024,연결재무제표,2175315571599.0,1717496987675.0,108091804681.0,60907875609.0,매출액,영업이익(손실),제 49 기,제 48 기
00102760,두산건설,011160,2025,연결재무제표,1790109712541.0,2175315571599.0,104967046891.0,108091804681.0,매출액,영업이익,제 50 기,제 49 기
01105153,두산로보틱스,454910,2023,연결재무제표,53038372299.0,44953674400.0,-19167549522.0,-13228333085.0,매출액,영업손실,제 9 기,제 8 기
01105153,두산로보틱스,454910,2024,연결재무제표,46829943837.0,53038372299.0,-41202116246.0,-19167549522.0,매출액,영업손실,제 10 기,제 9 기
01105153,두산로보틱스,454910,2025,연결재무제표,32978338354.0,46829943837.0,-59472307590.0,-41202116246.0,매출액,영업이익(손실),제 11 기,제 10 기
01032486,두산밥캣,241560,2023,연결재무제표,7475740778.0,6673564667.0,1064722975.0,829449107.0,매출액,영업이익,제 10 기,제 9 기
01032486,두산밥캣,241560,2024,연결재무제표,6269305000.0,7475741000.0,638867000.0,1064723000.0,매출액,영업이익,제 11 기,제 10 기
01032486,두산밥캣,241560,2025,연결재무제표,6181806000.0,6269305000.0,482437000.0,638867000.0,매출액,영업이익,제 12 기,제 11 기
00159616,두산에너빌리티,034020,2023,연결재무제표,17589887709510.0,15421058082388.0,1467318338124.0,1106120868237.0,매출액,영업이익,제 61 기,제 60 기
00159616,두산에너빌리티,034020,2024,연결재무제표,16233055000000.0,17589888000000.0,1017600000000.0,1467318000000.0,매출액,영업이익,제 62 기,제 61 기
00159616,두산에너빌리티,034020,2025,연결재무제표,17057876000000.0,16233055000000.0,762712000000.0,1017600000000.0,매출액,영업이익,제 63 기,제 62 기
00563545,두산테스나,131970,2023,별도재무제표,338652254525.0,277655937555.0,60778799323.0,67169269292.0,수익(매출액),영업이익(손실),제 22 기,제 21 기
00563545,두산테스나,131970,2024,연결재무제표,373117930000.0,338652255000.0,37923282000.0,60778799000.0,수익(매출액),영업이익(손실),제 23 기,제 22 기
00563545,두산테스나,131970,2025,별도재무제표,303874072000.0,373117930000.0,-940826000.0,37923282000.0,수익(매출액),영업이익(손실),제 24 기,제 23 기
01412725,두산퓨얼셀,336260,2023,별도재무제표,260886184003.0,312148720814.0,1641793974.0,7221936175.0,매출액,영업이익,제 5 기,제 4 기
01412725,두산퓨얼셀,336260,2024,연결재무제표,411783710408.0,260886184003.0,-1729039707.0,1641793974.0,영업수익,영업이익(손실),제 6 기,제 5 기
01412725,두산퓨얼셀,336260,2025,연결재무제표,454794706613.0,411783710408.0,-105673394536.0,-1729039707.0,매출액,영업이익(손실),제 7 기,제 6 기
00119672,두올,016740,2023,연결재무제표,753135642653.0,565996038053.0,44088244906.0,13299644433.0,매출액,영업이익,제 41 기,제 40 기
00119672,두올,016740,2024,연결재무제표,773258596565.0,729863464197.0,42917631926.0,44974345930.0,매출액,영업이익,제 42 기,제 41 기
00119672,두올,016740,2025,연결재무제표,796139348935.0,773258596565.0,48595353009.0,42917631926.0,수익(매출액),영업이익(손실),제 43 기,제 42 기
00407771,듀오백,073190,2023,별도재무제표,23744735677.0,31570718625.0,-3946237673.0,-4222827583.0,수익(매출액),영업이익(손실),제 37 기,제 36 기
00407771,듀오백,073190,2024,별도재무제표,23102568838.0,23677369836.0,-3373583692.0,-3881207436.0,수익(매출액),영업이익(손실),제 38 기,제 37 기
00407771,듀오백,073190,2025,별도재무제표,20094729114.0,23102568838.0,-3019948563.0,-3373583692.0,수익(매출액),영업이익(손실),제 39 기,제 38 기
00867034,듀켐바이오,176750,2024,연결재무제표,35600990962.0,34695489500.0,5075928847.0,5256032661.0,매출액,영업이익(손실),제 22 기,제 21 기
00867034,듀켐바이오,176750,2025,연결재무제표,38572364091.0,35600990962.0,7443287746.0,5075928847.0,매출액,영업이익(손실),제 23 기,제 22 기
00230036,드래곤플라이,030350,2023,연결재무제표,16617929586.0,7096803674.0,-13327228938.0,-9596096565.0,영업수익,영업이익(손실),제 34 기,제 33 기
00230036,드래곤플라이,030350,2024,연결재무제표,25626856758.0,16617929586.0,-9649776532.0,-13327228938.0,영업수익,영업이익(손실),제 35 기,제 34 기
00230036,드래곤플라이,030350,2025,연결재무제표,15879336176.0,25626856758.0,-1944834011.0,-9649776532.0,영업수익,영업이익(손실),제 36 기,제 35 기
00249034,드림라인,035430,2023,연결재무제표,171140347948.0,171961030354.0,-3458955776.0,5369204489.0,영업수익,영업이익(손실),제 27 기,제 26 기
00249034,드림라인,035430,2024,연결재무제표,168337274996.0,171140347948.0,190417428.0,-3458955776.0,영업수익,영업이익(손실),제 28 기,제 27 기
00249034,드림라인,035430,2025,연결재무제표,168181646931.0,168337274996.0,2455240569.0,190417428.0,영업수익,영업이익(손실),제 29 기,제 28 기
01038693,드림시큐리티,203650,2023,연결재무제표,232738679548.0,224194724198.0,33279006375.0,25249946273.0,매출액,영업이익(손실),제 10 기,제 9 기
01038693,드림시큐리티,203650,2024,연결재무제표,268839122078.0,232738679548.0,25645563681.0,33279006375.0,매출액,영업이익(손실),제 11 기,제 10 기
01038693,드림시큐리티,203650,2025,연결재무제표,318850687156.0,268839122078.0,22485342269.0,25645563681.0,매출액,영업이익(손실),제 12 기,제 11 기
00916826,드림씨아이에스,223250,2023,연결재무제표,47844017772.0,38873659888.0,1587789100.0,5817566011.0,매출액,영업이익(손실),제 24 기,제 23 기
00916826,드림씨아이에스,223250,2024,연결재무제표,58653219588.0,47844017772.0,5057419117.0,1587789100.0,매출액,영업이익,제 25 기,제 24 기
00916826,드림씨아이에스,223250,2025,연결재무제표,66631382584.0,58653219588.0,5237820169.0,5057419117.0,매출액,영업이익,제 26 기,제 25 기
00364467,드림어스컴퍼니,060570,2023,연결재무제표,270330896112.0,274372337086.0,-3493557752.0,-8667349352.0,매출액,영업이익(손실),제 25 기,제 24 기
00364467,드림어스컴퍼니,060570,2024,연결재무제표,225062659788.0,228994334078.0,-3154088947.0,-3345466256.0,매출액,영업이익(손실),제 26 기,제 25 기
00364467,드림어스컴퍼니,060570,2025,연결재무제표,224997032269.0,225062659788.0,593044495.0,-3154088947.0,매출액,영업이익(손실),제 27 기,제 26 기
01492688,드림인사이트,362990,2023,별도재무제표,17374444869.0,15131063882.0,4079032132.0,3458098067.0,영업수익,영업이익(손실),제 12 기,제 11 기
01492688,드림인사이트,362990,2024,연결재무제표,18120044631.0,17374444869.0,1857644158.0,4079032132.0,수익(매출액),영업이익(손실),제 13 기,제 12 기
01492688,드림인사이트,362990,2025,연결재무제표,20018320351.0,18120044631.0,-1161063123.0,1857644158.0,수익(매출액),영업이익(손실),제 14 기,제 13 기
00415646,드림텍,192650,2023,연결재무제표,1030380773539.0,1368643532370.0,34045564038.0,96666082963.0,매출액,영업이익(손실),제 26 기,제 25 기
00415646,드림텍,192650,2024,연결재무제표,1172680840825.0,1030380773539.0,23554274189.0,34045564038.0,매출액,영업이익(손실),제 27 기,제 26 기
00415646,드림텍,192650,2025,연결재무제표,1230621374284.0,1172680840825.0,31373220604.0,23554274189.0,매출액,영업이익(손실),제 28 기,제 27 기
00125725,디모아,016670,2023,연결재무제표,31352678402.0,25643172347.0,2912404483.0,2359937625.0,매출액,영업이익(손실),제 41 기,제 40 기
00125725,디모아,016670,2024,연결재무제표,26625181456.0,31352678402.0,2141259987.0,2912404483.0,매출액,영업이익(손실),제 42 기,제 41 기
00125725,디모아,016670,2025,별도재무제표,23062358194.0,19940729417.0,4054721710.0,2294401693.0,매출액,영업이익(손실),제 43 기,제 42 기
00624509,디바이스,187870,2023,연결재무제표,57152091930.0,72739749682.0,4309204331.0,13323082965.0,수익(매출액),영업이익,제 22 기,제 21 기
00624509,디바이스,187870,2024,연결재무제표,47160162301.0,57152091930.0,4222154950.0,4309204331.0,매출액,영업이익,제 23 기,제 22 기
00624509,디바이스,187870,2025,연결재무제표,84082993642.0,47160162301.0,17333848510.0,4222154950.0,매출액,영업이익,제 24 기,제 23 기
01814589,디비금융스팩12호,477760,2025,별도재무제표,0.0,0.0,-32187733.0,-56450147.0,수익(매출액),영업이익(손실),제 2 기,제 1 기
01857991,디비금융제13호스팩,489730,2025,별도재무제표,0.0,0.0,-35646970.0,-46541850.0,수익(매출액),영업이익(손실),제 2 기,제 1 기
00177199,디씨엠,024090,2023,별도재무제표,218258669539.0,240604203356.0,9056180535.0,24501431525.0,수익(매출액),영업이익(손실),제 37 기,제 36 기
00177199,디씨엠,024090,2024,별도재무제표,240913433640.0,218258669539.0,16966759117.0,9056180535.0,수익(매출액),영업이익(손실),제 38 기,제 37 기
00177199,디씨엠,024090,2025,별도재무제표,227052934104.0,240913433640.0,9560895743.0,16966759117.0,수익(매출액),영업이익(손실),제 39 기,제 38 기
00118275,디아이,003160,2023,연결재무제표,214541934868.0,231004368333.0,6139629128.0,11153444246.0,매출액,영업이익,제 63 기,제 62 기
00118275,디아이,003160,2024,연결재무제표,213957402579.0,214541934868.0,3081395875.0,6139629128.0,매출액,영업이익,제 64 기,제 63 기
00118275,디아이,003160,2025,연결재무제표,432293560547.0,213957402579.0,36508298757.0,3081395875.0,수익(매출액),영업이익(손실),제 65 기,제 64 기
00118345,디아이동일,001530,2023,연결재무제표,682872127202.0,829928717131.0,6304538045.0,44754402506.0,수익(매출액),영업이익(손실),제 81 기,제 80 기
00118345,디아이동일,001530,2024,연결재무제표,651725598894.0,682872127202.0,7810548526.0,6304538045.0,매출액,영업이익,제 82 기,제 81 기
00118345,디아이동일,001530,2025,연결재무제표,601351665454.0,651725598894.0,-1544756113.0,7810548526.0,매출액,영업이익(손실),제 83 기,제 82 기
00112165,디아이씨,092200,2023,연결재무제표,728664902522.0,695890221570.0,36108435116.0,31286785173.0,Ⅰ.매출액,Ⅴ.영업이익,제 48 기,제 47 기
00112165,디아이씨,092200,2024,연결재무제표,719127919117.0,728664902522.0,21831913269.0,36108435116.0,Ⅰ.매출액,Ⅴ.영업이익,제 49 기,제 48 기
00112165,디아이씨,092200,2025,연결재무제표,757310499806.0,719127919117.0,18550433161.0,21831913269.0,Ⅰ.매출액,Ⅴ.영업이익,제 50 기,제 49 기
00576798,디아이티,110990,2023,연결재무제표,107061292801.0,132874920170.0,8644231654.0,5534308739.0,수익(매출액),영업이익(손실),제 19 기,제 18 기
00576798,디아이티,110990,2024,연결재무제표,116655392937.0,107061292801.0,24089464501.0,8644231654.0,수익(매출액),영업이익(손실),제 20 기,제 19 기
00576798,디아이티,110990,2025,연결재무제표,107910277371.0,116655392937.0,23061677929.0,24089464501.0,수익(매출액),영업이익(손실),제 21 기,제 20 기
00966168,디알젬,263690,2023,연결재무제표,112916729575.0,110165018342.0,10071371388.0,16958688699.0,매출액,영업이익,제 21 기,제 20 기
00966168,디알젬,263690,2024,연결재무제표,104005797536.0,112916729575.0,8850376907.0,10071371388.0,매출액,영업이익,제 22 기,제 21 기
00966168,디알젬,263690,2025,연결재무제표,102746224632.0,104005797536.0,9025067950.0,8850376907.0,매출액,영업이익,제 23 기,제 22 기
01062867,디알텍,214680,2023,연결재무제표,92438893337.0,89481004311.0,-148835330.0,4915277386.0,수익(매출액),영업이익(손실),제 9 기,제 8 기
01062867,디알텍,214680,2024,연결재무제표,97559283895.0,92438893337.0,-12105281060.0,-148835330.0,수익(매출액),영업이익(손실),제 10 기,제 9 기
01062867,디알텍,214680,2025,연결재무제표,116304065586.0,97559283895.0,-13893567667.0,-12105281060.0,수익(매출액),영업이익(손실),제 11 기,제 10 기
01376715,디앤디파마텍,347850,2024,연결재무제표,11436756608.0,18677045879.0,-25016868135.0,-13486251322.0,영업수익,영업이익(손실),제 11 기,제 10 기
01376715,디앤디파마텍,347850,2025,연결재무제표,4297604947.0,11436756608.0,-33992611604.0,-25016868135.0,영업수익,영업이익(손실),제 12 기,제 11 기
01475609,디앤디플랫폼리츠,377190,2023,연결재무제표,20916813932.0,20828687656.0,10780572029.0,11118613017.0,영업수익,영업이익(손실),제 7 기,제 6 기
01475609,디앤디플랫폼리츠,377190,2024,연결재무제표,20209688646.0,19855855651.0,10361527713.0,10507654763.0,영업수익,영업이익(손실),제 9 기,제 8 기
01475609,디앤디플랫폼리츠,377190,2025,연결재무제표,26345572257.0,23474955335.0,15013132094.0,12982446189.0,영업수익,영업이익(손실),제 11 기,제 10 기
01186404,디앤씨미디어,263720,2023,연결재무제표,60372245944.0,61214379663.0,3486546807.0,5859879124.0,영업수익,영업이익(손실),제 12 기,제 11 기
01186404,디앤씨미디어,263720,2024,연결재무제표,83514767448.0,60372245944.0,10278991964.0,3486546807.0,영업수익,영업이익,제 13 기,제 12 기
01186404,디앤씨미디어,263720,2025,연결재무제표,85471656697.0,82640189187.0,17336284379.0,10855594988.0,영업수익,영업이익(손실),제 14 기,제 13 기
01456011,디어유,376300,2023,별도재무제표,75691871495.0,49193860961.0,28625832888.0,16285613589.0,영업수익,영업이익,제 7 기,제 6 기
01456011,디어유,376300,2024,연결재무제표,74863520691.0,75691871495.0,25413420152.0,28625832888.0,영업수익,영업이익,제 8 기,제 7 기
01456011,디어유,376300,2025,연결재무제표,83834878201.0,74863520691.0,31391662643.0,25413420152.0,영업수익,영업이익,제 9 기,제 8 기
00442905,디에스엠,104040,2023,별도재무제표,29404450802.0,27255182909.0,-2019748251.0,-2322588214.0,수익(매출액),영업이익(손실),제 25 기,제 24 기
00442905,디에스엠,104040,2024,별도재무제표,36674681649.0,29404450802.0,748520002.0,-2019748251.0,수익(매출액),영업이익(손실),제 26 기,제 25 기
00442905,디에스엠,104040,2025,연결재무제표,28477611667.0,16199845777.0,-7925464915.0,-6314333272.0,매출액,영업이익(손실),제 27 기,제 26 기
00530121,디에스케이,109740,2023,연결재무제표,71500309073.0,48231988775.0,-9707377173.0,-13124132223.0,매출액,영업이익,제 29 기,제 28 기
00530121,디에스케이,109740,2024,연결재무제표,22640427894.0,71500309073.0,-19700154271.0,-9707377173.0,매출액,영업이익(손실),제 30 기,제 29 기
00530121,디에스케이,109740,2025,연결재무제표,43179030300.0,22640427894.0,-22721923765.0,-19700154271.0,매출액,영업이익(손실),제 31 기,제 30 기
00180865,디에이치엑스컴퍼니,031860,2023,연결재무제표,11308943767.0,8348605577.0,-13071378512.0,-6474345726.0,매출액,영업이익(손실),제 45 기,제 44 기
00180865,디에이치엑스컴퍼니,031860,2024,연결재무제표,9544054643.0,11133491507.0,-6120112317.0,-10174470401.0,매출액,영업이익(손실),제 46 기,제 45 기
00180865,디에이치엑스컴퍼니,031860,2025,연결재무제표,14511575130.0,9544054643.0,-7832925189.0,-6120112317.0,매출액,영업이익(손실),제 47 기,제 46 기
00660121,디에이테크놀로지,196490,2023,연결재무제표,89534954324.0,53205792749.0,-44459455735.0,-17723435553.0,매출액,영업손익,제 24 기,제 23 기
00660121,디에이테크놀로지,196490,2024,연결재무제표,43289271846.0,89534954324.0,-22564569836.0,-44459455735.0,매출액,영업손실,제 25 기,제 24 기
00660121,디에이테크놀로지,196490,2025,연결재무제표,33322099931.0,41656306155.0,-6461214449.0,-16542616377.0,매출액,영업손익,제 26 기,제 25 기
00303192,디에이피,066900,2023,연결재무제표,403492017530.0,333660003026.0,-13064221797.0,8971771392.0,매출액,영업이익(손실),제 37 기,제 36 기
00303192,디에이피,066900,2024,연결재무제표,488847196080.0,403492017530.0,-30397142801.0,-13064221797.0,매출액,영업이익(손실),제 38 기,제 37 기
00303192,디에이피,066900,2025,연결재무제표,543196073695.0,488847196080.0,-57819484914.0,-30397142801.0,매출액,영업손실,제 39 기,제 38 기
00569691,디엔에프,092070,2023,별도재무제표,84232727799.0,96891781342.0,-2862629573.0,16101381752.0,매출액,영업이익(손실),제 23 기,제 22 기
00569691,디엔에프,092070,2024,별도재무제표,73948566785.0,84232727799.0,-1018922570.0,-2862629573.0,매출액,영업이익(손실),제 24 기,제 23 기
00569691,디엔에프,092070,2025,별도재무제표,79133452883.0,73948566785.0,-673697018.0,-1018922570.0,매출액,영업이익(손실),제 25 기,제 24 기
00115931,디오,039840,2023,연결재무제표,155817892643.0,131306346755.0,20896358522.0,-4405388586.0,매출액,영업이익(손실),제 36 기,제 35 기
00115931,디오,039840,2024,연결재무제표,119649873058.0,155817892643.0,-40735380810.0,20896358522.0,매출액,영업이익(손실),제 37 기,제 36 기
00115931,디오,039840,2025,연결재무제표,164077830292.0,119649873058.0,10104797840.0,-40735380810.0,매출액,영업이익(손실),제 38 기,제 37 기
00117179,디와이,013570,2023,연결재무제표,1191171302146.0,1094816896212.0,43299144216.0,32920856088.0,수익(매출액),영업이익(손실),제 46 기,제 45 기
00117179,디와이,013570,2024,연결재무제표,1168278437513.0,1191171302146.0,35621946421.0,43299144216.0,수익(매출액),영업이익(손실),제 47 기,제 46 기
00117179,디와이,013570,2025,연결재무제표,1244837492114.0,1168278437513.0,48056322293.0,35621946421.0,수익(매출액),영업이익(손실),제 48 기,제 47 기
00114154,디와이덕양,024900,2023,연결재무제표,1875890050635.0,1542026244310.0,27728234775.0,30682700016.0,매출액,영업이익,제 47 기,제 46 기
00114154,디와이덕양,024900,2024,연결재무제표,1883286365934.0,1875890050635.0,8229987776.0,27728234775.0,수익(매출액),영업이익,제 48 기,제 47 기
00114154,디와이덕양,024900,2025,연결재무제표,1738072339439.0,1883286365934.0,3203809485.0,8229987776.0,수익(매출액),영업이익,제 49 기,제 48 기
01089378,디와이디,219550,2023,별도재무제표,28464604767.0,20838794897.0,-3321192612.0,512634011.0,매출액,영업이익(손실),제 9 기,제 8 기
01089378,디와이디,219550,2024,별도재무제표,37382987970.0,28464604767.0,-49609839.0,-3321192612.0,매출액,영업이익(손실),제 10 기,제 9 기
01089378,디와이디,219550,2025,연결재무제표,44903125580.0,37382987970.0,-489699688.0,-49609839.0,매출액,영업이익(손실),제 11 기,제 10 기
01336443,디와이씨,310870,2023,연결재무제표,122419662930.0,120652617749.0,9142782188.0,9560822452.0,매출,영업이익,제 6 기,제 5 기
01336443,디와이씨,310870,2024,연결재무제표,100112472400.0,122419662930.0,4903606294.0,9142782188.0,수익(매출액),영업이익,제 7 기,제 6 기
01336443,디와이씨,310870,2025,연결재무제표,111038786425.0,100112472400.0,5122983201.0,4903606294.0,수익(매출액),영업이익,제 8 기,제 7 기
00149804,디와이에이,002880,2023,연결재무제표,566931442867.0,501285871581.0,36096187586.0,38155704391.0,매출액,영업이익(손실),제 69 기,제 68 기
00149804,디와이에이,002880,2024,연결재무제표,564915822828.0,566931442867.0,37469149998.0,36096187586.0,매출액,영업이익(손실),제 70 기,제 69 기
00149804,디와이에이,002880,2025,연결재무제표,633397608367.0,564915822828.0,30205846731.0,37469149998.0,수익(매출액),영업이익(손실),제 71 기,제 70 기
01059605,디와이파워,210540,2023,연결재무제표,430034675907.0,419018706092.0,36324121241.0,26967977466.0,수익(매출액),영업이익(손실),제 10 기,제 9 기
01059605,디와이파워,210540,2024,연결재무제표,384584916210.0,430034675907.0,25528660515.0,36324121241.0,수익(매출액),영업이익(손실),제 11 기,제 10 기
01059605,디와이파워,210540,2025,연결재무제표,382750873929.0,384584916210.0,30429405841.0,25528660515.0,수익(매출액),영업이익(손실),제 12 기,제 11 기
00602136,디와이피엔에프,104460,2023,연결재무제표,144055577245.0,113114608120.0,8325039533.0,-11784582503.0,매출액,영업이익(손실),제 25 기,제 24 기
00602136,디와이피엔에프,104460,2024,연결재무제표,281019021433.0,144055577245.0,24595400255.0,8325039533.0,매출액,영업이익(손실),제 26 기,제 25 기
00602136,디와이피엔에프,104460,2025,연결재무제표,396256361230.0,281019021433.0,28569091674.0,24595400255.0,매출액,영업이익,제 27 기,제 26 기
00576789,디젠스,113810,2023,연결재무제표,86034323901.0,64951916649.0,2994699131.0,217718512.0,수익(매출액),영업이익(손실),제 18 기,제 17 기
00576789,디젠스,113810,2024,연결재무제표,89539245681.0,85849885848.0,5520822419.0,3718905843.0,수익(매출액),영업이익(손실),제 19 기,제 18 기
00576789,디젠스,113810,2025,연결재무제표,80356641062.0,89539245681.0,962907701.0,5520822419.0,수익(매출액),영업이익(손실),제 20 기,제 19 기
00295547,디지아이,043360,2023,별도재무제표,16680293089.0,16077851490.0,-2670806473.0,221617365.0,매출액,영업이익(손실),제 33 기,제 32 기
00295547,디지아이,043360,2024,별도재무제표,20404122813.0,16680293089.0,-2736280255.0,-2670806473.0,매출액,영업이익(손실),제 34 기,제 33 기
00295547,디지아이,043360,2025,별도재무제표,21306123270.0,20404122813.0,-766639042.0,-2736280255.0,매출액,영업이익(손실),제 35 기,제 34 기
00681373,디지캡,197140,2023,연결재무제표,24626727594.0,25792993514.0,-664818243.0,681584190.0,매출액,영업이익(손실),제 24 기,제 23 기
00681373,디지캡,197140,2024,별도재무제표,32013726035.0,14936406515.0,-1597169407.0,726308179.0,매출액,영업이익(손실),제 25 기,제 24 기
00681373,디지캡,197140,2025,별도재무제표,66632227178.0,32013726035.0,-2530392638.0,-1597169407.0,매출액,영업이익(손실),제 26 기,제 25 기
00398808,디지털대성,068930,2023,연결재무제표,211548803002.0,210817584023.0,25023413731.0,28384356792.0,매출액,영업이익,제 24 기,제 23 기
00398808,디지털대성,068930,2024,연결재무제표,217722264803.0,211548803002.0,23703477394.0,25023413731.0,매출액,영업이익,제 25 기,제 24 기
00398808,디지털대성,068930,2025,연결재무제표,253821898980.0,217722264803.0,31559402258.0,23703477394.0,매출액,영업이익,제 26 기,제 25 기
00231442,디지틀조선,033130,2023,연결재무제표,36571550723.0,34714775588.0,2174982408.0,2060791123.0,영업수익,영업이익(손실),제 29 기,제 28 기
00231442,디지틀조선,033130,2024,연결재무제표,36955034215.0,36571550723.0,2364890239.0,2174982408.0,영업수익,영업이익(손실),제 30 기,제 29 기
00231442,디지틀조선,033130,2025,연결재무제표,39901898759.0,36955034215.0,5508704439.0,2364890239.0,영업수익,영업이익(손실),제 31 기,제 30 기
00533003,디케이락,105740,2023,연결재무제표,111449391562.0,109938203104.0,11788299787.0,11418619280.0,수익(매출액),영업이익(손실),제 33 기,제 32 기
00533003,디케이락,105740,2024,연결재무제표,98422315910.0,111449391562.0,-188420188.0,11788299787.0,수익(매출액),영업이익(손실),제 34 기,제 33 기
00533003,디케이락,105740,2025,연결재무제표,128751186498.0,98422315910.0,11069921406.0,-188420188.0,수익(매출액),영업이익(손실),제 35 기,제 34 기
00892526,디케이앤디,263020,2023,연결재무제표,89793446871.0,110628048360.0,8159350105.0,11467847654.0,매출액,영업이익,제 24 기,제 23 기
00892526,디케이앤디,263020,2024,연결재무제표,112541798310.0,89793446871.0,8469647590.0,8159350105.0,매출액,영업이익,제 25 기,제 24 기
00892526,디케이앤디,263020,2025,연결재무제표,142586770560.0,112541798310.0,12227468175.0,8469647590.0,매출액,영업이익,제 26 기,제 25 기
01137903,디케이티,290550,2023,연결재무제표,280218060416.0,363542945233.0,14686766746.0,21185243178.0,매출액,영업이익,제 12 기,제 11 기
01137903,디케이티,290550,2024,연결재무제표,403349872283.0,280218060416.0,23085704326.0,14686766746.0,매출액,영업이익,제 13 기,제 12 기
01137903,디케이티,290550,2025,연결재무제표,425776296391.0,403349872283.0,21573699533.0,23085704326.0,매출액,영업이익,제 14 기,제 13 기
00371740,디티씨,066670,2023,연결재무제표,34642468435.0,69066166779.0,1995972667.0,3081984547.0,매출액,영업이익,제 26 기,제 25 기
00371740,디티씨,066670,2024,연결재무제표,11884203638.0,34642468435.0,2438222634.0,1995972667.0,매출액,영업이익,제 27 기,제 26 기
00371740,디티씨,066670,2025,연결재무제표,188618668917.0,11884203638.0,-1764737678.0,2438222634.0,매출액,영업이익,제 28 기,제 27 기
00675594,디티앤씨,187220,2023,연결재무제표,96737112186.0,110535011703.0,-20664997259.0,4543052094.0,수익(매출액),영업이익(손실),제 24 기,제 23 기
00675594,디티앤씨,187220,2024,연결재무제표,111938559193.0,96737112186.0,-5709365531.0,-20664997259.0,수익(매출액),영업이익(손실),제 25 기,제 24 기
00675594,디티앤씨,187220,2025,연결재무제표,125834435797.0,111938559193.0,-597391475.0,-5709365531.0,수익(매출액),영업이익(손실),제 26 기,제 25 기
01437432,디티앤씨알오,383930,2023,별도재무제표,26586277364.0,44007699900.0,-12124934209.0,5293710790.0,수익(매출액),영업이익(손실),제 7 기,제 6 기
01437432,디티앤씨알오,383930,2024,별도재무제표,35970935118.0,26586277364.0,-11295168421.0,-12124934209.0,수익(매출액),영업이익(손실),제 8 기,제 7 기
01437432,디티앤씨알오,383930,2025,별도재무제표,47747299019.0,35970935118.0,-5741675672.0,-11295168421.0,수익(매출액),영업이익(손실),제 9 기,제 8 기
00629212,딜리,131180,2023,연결재무제표,25705183783.0,37178543017.0,-890645382.0,2279442515.0,매출액,영업이익,제 28 기,제 27 기
00629212,딜리,131180,2024,별도재무제표,38212514888.0,25705183783.0,2307588314.0,-890645382.0,매출액,영업이익,제 29 기,제 28 기
00629212,딜리,131180,2025,별도재무제표,32306126087.0,38212514888.0,803403514.0,2307588314.0,매출액,영업이익,제 30 기,제 29 기
01344831,딥노이드,315640,2023,별도재무제표,1933065857.0,3181548542.0,-6726839518.0,-6158546806.0,매출액,영업이익(손실),제 16 기,제 15 기
01344831,딥노이드,315640,2024,별도재무제표,10847380732.0,1933065857.0,-10095677184.0,-6726839518.0,매출액,영업이익(손실),제 17 기,제 16 기
01344831,딥노이드,315640,2025,별도재무제표,7471991050.0,10847380732.0,-10557394860.0,-10095677184.0,매출액,영업이익(손실),제 18 기,제 17 기
00799070,딥커머스,900110,2023,연결재무제표,339379595.0,282760945.0,30676045.0,19113676.0,매출액,영업이익(손실),제 15 기,제 14 기
00799070,딥커머스,900110,2024,연결재무제표,391629664.0,339379595.0,42753918.0,30676045.0,매출액,영업이익(손실),제 16 기,제 15 기
00799070,딥커머스,900110,2025,연결재무제표,356659191.0,391629664.0,47641119.0,42753918.0,수익(매출액),영업이익(손실),제 17 기,제 16 기
01327092,라닉스,317120,2023,연결재무제표,11543221600.0,10984971091.0,-2957186931.0,-1800111623.0,영업수익,영업이익(손실),제 21 기,제 20 기
01327092,라닉스,317120,2024,연결재무제표,7713262716.0,11543221600.0,-5419034462.0,-2957186931.0,영업수익,영업이익(손실),제 22 기,제 21 기
01327092,라닉스,317120,2025,연결재무제표,7467703331.0,7713262716.0,-6051812572.0,-5419034462.0,영업수익,영업이익(손실),제 23 기,제 22 기
01504211,라메디텍,462510,2024,별도재무제표,6576887158.0,2918221978.0,-9661719459.0,-3525649863.0,수익(매출액),영업이익(손실),제 13 기,제 12 기
01504211,라메디텍,462510,2025,별도재무제표,7187488048.0,6576887158.0,-11843612544.0,-9661719459.0,수익(매출액),영업이익(손실),제 14 기,제 13 기
00911229,라온로보틱스,232680,2023,별도재무제표,34544095895.0,59431713088.0,1981864494.0,8943114313.0,수익(매출액),영업이익(손실),제 24 기,제 23 기
00911229,라온로보틱스,232680,2024,연결재무제표,49240287501.0,34544095895.0,2485670495.0,1981864494.0,매출액,영업이익(손실),제 25 기,제 24 기
00911229,라온로보틱스,232680,2025,연결재무제표,53842351768.0,49240287501.0,3949991226.0,2485670495.0,매출액,영업이익(손실),제 26 기,제 25 기
00255433,라온시큐어,042510,2023,연결재무제표,51841445278.0,46823337387.0,-1653091109.0,4291104685.0,매출액,영업이익(손실),제 26 기,제 25 기
00255433,라온시큐어,042510,2024,연결재무제표,62492539475.0,51841445278.0,1967382723.0,-1653091109.0,매출액,영업이익(손실),제 27 기,제 26 기
00255433,라온시큐어,042510,2025,연결재무제표,63751052492.0,62492539475.0,2782270207.0,1967382723.0,매출액,영업이익(손실),제 28 기,제 27 기
00965512,라온텍,418420,2023,별도재무제표,10744039299.0,10916365390.0,-2152629194.0,322444701.0,수익(매출액),영업이익(손실),제 15 기,제 14 기
00965512,라온텍,418420,2024,별도재무제표,8902915788.0,10744039299.0,-6988832403.0,-2152629194.0,수익(매출액),영업이익(손실),제 16 기,제 15 기
00965512,라온텍,418420,2025,별도재무제표,8746267801.0,8902915788.0,-5810442808.0,-6988832403.0,수익(매출액),영업이익(손실),제 17 기,제 16 기
01251489,라온피플,300120,2023,연결재무제표,11244331687.0,26489529720.0,-11135373701.0,2392786671.0,매출액,영업이익(손실),제 14 기,제 13 기
01251489,라온피플,300120,2024,연결재무제표,220225561052.0,11244331687.0,-16249271324.0,-11135373701.0,매출액,영업이익(손실),제 15 기,제 14 기
01251489,라온피플,300120,2025,연결재무제표,223808325905.0,220225561052.0,-16192262465.0,-16249271324.0,매출액,영업이익(손실),제 16 기,제 15 기
00317104,라이온켐텍,171120,2023,연결재무제표,130782710870.0,152000680610.0,7794782921.0,10986424208.0,수익(매출액),영업이익(손실),제 42 기,제 41 기
00317104,라이온켐텍,171120,2024,연결재무제표,141812364396.0,130782710870.0,9376303589.0,7794782921.0,수익(매출액),영업이익(손실),제 43 기,제 42 기
00317104,라이온켐텍,171120,2025,연결재무제표,130272114072.0,141812364396.0,11372279646.0,9376303589.0,수익(매출액),영업이익(손실),제 44 기,제 43 기
01569102,라이콤,388790,2023,별도재무제표,19463077256.0,34334226177.0,-2121544506.0,3956940484.0,매출액,영업이익(손실),제 3 기,제 2 기
01569102,라이콤,388790,2024,별도재무제표,13136686476.0,19463077256.0,-5342449928.0,-2121544506.0,매출액,영업이익(손실),제 4 기,제 3 기
01569102,라이콤,388790,2025,별도재무제표,17688068719.0,13136686476.0,582005067.0,-5342449928.0,매출액,영업이익(손실),제 5 기,제 4 기
01058101,라파스,214260,2023,연결재무제표,27935888378.0,23638746585.0,-4050017651.0,-6550026777.0,수익(매출액),영업이익(손실),제 18 기,제 17 기
01058101,라파스,214260,2024,연결재무제표,27215365204.0,27935888378.0,-3463000040.0,-4050017651.0,수익(매출액),영업이익(손실),제 19 기,제 18 기
01058101,라파스,214260,2025,연결재무제표,30987892335.0,27215365204.0,-3033552891.0,-3463000040.0,수익(매출액),영업이익(손실),제 20 기,제 19 기
00654272,램테크놀러지,171010,2023,연결재무제표,42975926481.0,67022778731.0,-2952414219.0,6904440941.0,매출액,영업이익(손실),제 23 기,제 22 기
00654272,램테크놀러지,171010,2024,연결재무제표,44501337692.0,42975926481.0,-1652887365.0,-2952414219.0,매출액,영업이익(손실),제 24 기,제 23 기
00654272,램테크놀러지,171010,2025,연결재무제표,42682293992.0,44501337692.0,-954464956.0,-1652887365.0,매출액,영업이익(손실),제 25 기,제 24 기
00545114,랩지노믹스,084650,2023,연결재무제표,73126594647.0,144772745632.0,-6794086299.0,66205859914.0,매출액,영업이익,제 22 기,제 21 기
00545114,랩지노믹스,084650,2024,연결재무제표,85898310580.0,71076267854.0,-18490511780.0,-6922971451.0,매출액,영업이익,제 23 기,제 22 기
00545114,랩지노믹스,084650,2025,연결재무제표,88161338250.0,85898310580.0,-53516541797.0,-18490511780.0,매출액,영업이익(손실),제 24 기,제 23 기
01068348,러셀,217500,2023,연결재무제표,44710882827.0,41926139186.0,1871561870.0,4500835036.0,매출액,영업이익(손실),제 9 기,제 8 기
01068348,러셀,217500,2024,연결재무제표,37480561135.0,44710882827.0,2044102591.0,1871561870.0,매출액,영업이익(손실),제 10 기,제 9 기
01068348,러셀,217500,2025,연결재무제표,27069629521.0,37480561135.0,-5172521330.0,2044102591.0,매출액,영업이익(손실),제 11 기,제 10 기
00990396,레드우즈,266170,2023,연결재무제표,837151079.0,1290128627.0,-1942506461.0,-2202323238.0,매출액,영업이익(손실),제 14 기,제 13 기
00990396,레드우즈,266170,2025,연결재무제표,215008.0,13636364.0,-756045574.0,-2970843665.0,매출액,영업이익(손실),제 16 기,제 15 기
00261355,레드캡투어,038390,2023,연결재무제표,338183142415.0,262064785478.0,38770681338.0,36321615765.0,영업수익,영업이익,제 28 기,제 27 기
00261355,레드캡투어,038390,2024,연결재무제표,358876963707.0,338183142415.0,43565664081.0,38770681338.0,영업수익,영업이익,제 29 기,제 28 기
00261355,레드캡투어,038390,2025,연결재무제표,365552937696.0,358876963707.0,46775282613.0,43565664081.0,영업수익,영업이익,제 30 기,제 29 기
01011395,레몬,294140,2023,별도재무제표,10477073411.0,39769236730.0,-11688879337.0,-6646657964.0,수익(매출액),영업이익(손실),제 12 기,제 11 기
01011395,레몬,294140,2024,별도재무제표,7288230562.0,10477073411.0,-6283333118.0,-11688879337.0,수익(매출액),영업이익(손실),제 13 기,제 12 기
01011395,레몬,294140,2025,연결재무제표,7456806685.0,7288230562.0,-7144548463.0,-6283333118.0,수익(매출액),영업이익(손실),제 14 기,제 13 기
01468061,레뷰코퍼레이션,443250,2023,연결재무제표,51589751390.0,40268701494.0,2786624323.0,4545976316.0,영업수익,영업이익(손실),제 10 기,제 9 기
01468061,레뷰코퍼레이션,443250,2024,연결재무제표,48902612922.0,39747348315.0,7474694540.0,4216498719.0,영업수익,영업이익(손실),제 11 기,제 10 기
01468061,레뷰코퍼레이션,443250,2025,연결재무제표,56457817420.0,47824065330.0,8878960891.0,7702894518.0,영업수익,영업이익(손실),제 12 기,제 11 기
00828761,레이,228670,2023,연결재무제표,145881865235.0,128997854042.0,6118370428.0,16205769609.0,매출액,영업이익(손실),제 20 기,제 19 기
00828761,레이,228670,2024,연결재무제표,79842593595.0,145881865235.0,-44253559054.0,6118370428.0,매출액,영업이익(손실),제 21 기,제 20 기
00828761,레이,228670,2025,연결재무제표,111322950252.0,79842593595.0,-9787646631.0,-44253559054.0,매출액,영업이익(손실),제 22 기,제 21 기
00899459,레이언스,228850,2023,연결재무제표,142985961678.0,147160763834.0,19695606883.0,25357085371.0,수익(매출액),영업이익(손실),제 13 기,제 12 기
00899459,레이언스,228850,2024,연결재무제표,125563733952.0,142985961678.0,6631405390.0,19695606883.0,수익(매출액),영업이익(손실),제 14 기,제 13 기
00899459,레이언스,228850,2025,연결재무제표,114722998848.0,125563733952.0,-3950343370.0,6631405390.0,매출액,영업이익,제 15 기,제 14 기
01573381,레이저쎌,412350,2023,연결재무제표,6026961356.0,6032906052.0,-5779730382.0,-5033301516.0,수익(매출액),영업이익(손실),제 9 기,제 8 기
01573381,레이저쎌,412350,2024,연결재무제표,4015870540.0,6026961356.0,-9208984969.0,-5779730382.0,수익(매출액),영업이익(손실),제 10 기,제 9 기
01573381,레이저쎌,412350,2025,연결재무제표,4684448307.0,4015870540.0,-13546745061.0,-9208984969.0,수익(매출액),영업이익(손실),제 11 기,제 10 기
01161432,레이저옵텍,199550,2023,별도재무제표,34352053954.0,30048880010.0,4480826362.0,2509602730.0,매출액,영업이익(손실),제 24 기,제 23 기
01161432,레이저옵텍,199550,2024,연결재무제표,33037915734.0,34352053954.0,-196045064.0,4480826362.0,수익(매출액),영업이익(손실),제 25 기,제 24 기
01161432,레이저옵텍,199550,2025,연결재무제표,25695436108.0,33037915734.0,-12044971203.0,-196045064.0,수익(매출액),영업이익(손실),제 26 기,제 25 기
01255652,레이크머티리얼즈,281740,2023,연결재무제표,117789811143.0,131506715480.0,29526390623.0,35391255844.0,매출액,영업이익,제 7 기,제 6 기
01255652,레이크머티리얼즈,281740,2024,연결재무제표,138725778383.0,117789811143.0,22166082728.0,29526390623.0,매출액,영업이익,제 8 기,제 7 기
01255652,레이크머티리얼즈,281740,2025,연결재무제표,141233860094.0,138725778383.0,13271105491.0,22166082728.0,매출액,영업이익,제 9 기,제 8 기
01261644,레인보우로보틱스,277810,2023,연결재무제표,15258134872.0,13615411936.0,-44589778382.0,1300876285.0,매출액,영업이익(손실),제 13 기,제 12 기
01261644,레인보우로보틱스,277810,2024,연결재무제표,19346780087.0,15258134872.0,-2978979764.0,-44589778382.0,매출액,영업이익(손실),제 14 기,제 13 기
01261644,레인보우로보틱스,277810,2025,연결재무제표,34123110054.0,19346780087.0,-2480266118.0,-2978979764.0,매출액,영업이익(손실),제 15 기,제 14 기
01063990,로보로보,215100,2023,연결재무제표,14261192289.0,11863068045.0,220774308.0,-181933769.0,매출액,영업이익(손실),제 9 기,제 8 기
01063990,로보로보,215100,2024,연결재무제표,13494458497.0,14261192289.0,-1535515970.0,220774308.0,매출액,영업이익(손실),제 10 기,제 9 기
01063990,로보로보,215100,2025,연결재무제표,13362404287.0,13494458497.0,-1959290758.0,-1535515970.0,매출액,영업이익(손실),제 11 기,제 10 기
00536523,로보스타,090360,2023,연결재무제표,102679156147.0,143240218469.0,1135968686.0,1794247604.0,매출액,영업이익(손실),제 25 기,제 24 기
00536523,로보스타,090360,2024,연결재무제표,89140364461.0,102679156147.0,148546186.0,1135968686.0,매출액,영업이익(손실),제 26 기,제 25 기
00536523,로보스타,090360,2025,연결재무제표,75735139041.0,89140364461.0,-5660781243.0,148546186.0,수익(매출액),영업이익(손실),제 27 기,제 26 기
00946030,로보티즈,108490,2023,연결재무제표,29127949488.0,25856449323.0,-5298796747.0,-2160534050.0,매출액,영업이익,제 25 기,제 24 기
00946030,로보티즈,108490,2024,연결재무제표,30038231053.0,29127949488.0,-2973503944.0,-5298796747.0,매출액,영업이익(손실),제 26 기,제 25 기
00946030,로보티즈,108490,2025,연결재무제표,38942547006.0,30038231053.0,3346038655.0,-2973503944.0,매출액,영업이익(손실),제 27 기,제 26 기
01139266,로스웰,900260,2023,연결재무제표,1969978518.0,444177019.0,78950986.0,-34491000.0,매출액,영업이익(손실),제 12 기,제 11 기
01139266,로스웰,900260,2024,연결재무제표,2693371318.0,1969978518.0,103270506.0,78950986.0,매출액,영업이익(손실),제 13 기,제 12 기
01139266,로스웰,900260,2025,연결재무제표,3818232561.0,2693371318.0,56436923.0,103270506.0,매출액,영업이익(손실),제 14 기,제 13 기
00957568,로아앤코,214310,2023,연결재무제표,35246976761.0,16079557471.0,-4380917503.0,-903024653.0,수익(매출액),영업이익(손실),제 17 기,제 16 기
00957568,로아앤코,214310,2024,연결재무제표,77414725623.0,34810874337.0,2159755310.0,-4709763552.0,수익(매출액),영업이익(손실),제 18 기,제 17 기
00957568,로아앤코,214310,2025,연결재무제표,1229881715.0,151829410.0,-1097287912.0,-3835178160.0,수익(매출액),영업이익(손실),제 19 기,제 18 기
01046203,로아앤코홀딩스,204630,2023,연결재무제표,5702630850.0,18481103877.0,-22246032011.0,-3949483310.0,수익(매출액),영업이익(손실),제 10 기,제 9 기
01046203,로아앤코홀딩스,204630,2024,연결재무제표,7126651825.0,5702630850.0,-7003453500.0,-21778968737.0,매출액,영업이익(손실),제 11 기,제 10 기
01046203,로아앤코홀딩스,204630,2025,연결재무제표,12973995794.0,7126651825.0,-4740034684.0,-7003453500.0,영업수익,영업손익,제 12 기,제 11 기
00155948,로젠,033290,2023,연결재무제표,808042562443.0,822018406601.0,34427006952.0,39045813664.0,수익(매출액),영업이익(손실),제 50 기,제 49 기
00155948,로젠,033290,2024,연결재무제표,808627030102.0,808042562443.0,33081155130.0,34427006952.0,수익(매출액),영업이익(손실),제 51 기,제 50 기
00155948,로젠,033290,2025,연결재무제표,793167527098.0,808627030102.0,22667516100.0,33081155130.0,수익(매출액),영업이익(손실),제 52 기,제 51 기
00238199,로지시스,067730,2023,별도재무제표,36454449393.0,32820905268.0,545439693.0,136780736.0,매출액,영업이익(손실),제 28 기,제 27 기
00238199,로지시스,067730,2024,별도재무제표,42857277220.0,36454449393.0,2391160785.0,545439693.0,매출액,영업이익(손실),제 29 기,제 28 기
00238199,로지시스,067730,2025,별도재무제표,48541050274.0,42857277220.0,2884427722.0,2391160785.0,매출액,영업이익(손실),제 30 기,제 29 기
00363486,로체시스템즈,071280,2023,연결재무제표,105268915966.0,144576199490.0,11926044601.0,26435799764.0,수익(매출액),영업이익(손실),제 27 기,제 26 기
00363486,로체시스템즈,071280,2024,연결재무제표,160076968925.0,105268915966.0,19776572725.0,11926044601.0,수익(매출액),영업이익(손실),제 28 기,제 27 기
00363486,로체시스템즈,071280,2025,연결재무제표,124870173744.0,160076968925.0,14423291900.0,19776572725.0,수익(매출액),영업이익(손실),제 29 기,제 28 기
01335143,로킷헬스케어,376900,2023,연결재무제표,12417565750.0,9150881513.0,-7377752929.0,-13878248399.0,매출액,영업이익(손실),제 12 기,제 11 기
01335143,로킷헬스케어,376900,2024,연결재무제표,13111237720.0,12417565750.0,-5572021185.0,-7377752929.0,매출액,영업손실,제 13 기,제 12 기
01335143,로킷헬스케어,376900,2025,연결재무제표,26247011691.0,13111237720.0,452884781.0,-5572021185.0,매출액,영업이익(손실),제 14 기,제 13 기
01049167,롤링스톤,214610,2023,연결재무제표,5367423455.0,16111429183.0,-19375745660.0,-25900397615.0,매출액,영업이익(손실),제 15 기,제 14 기
01049167,롤링스톤,214610,2024,연결재무제표,4640103575.0,5367423455.0,-19234571811.0,-19375745660.0,매출액,영업이익(손실),제 16 기,제 15 기
01049167,롤링스톤,214610,2025,별도재무제표,10884865055.0,4640103575.0,-9935154074.0,-19234571811.0,매출액,영업이익(손실),제 17 기,제 16 기
00231372,롯데관광개발,032350,2023,연결재무제표,313548275382.0,183670906051.0,-60605788472.0,-118719752733.0,영업수익,영업이익(손실),제 53 기,제 52 기
00231372,롯데관광개발,032350,2024,연결재무제표,471467953184.0,313548275382.0,39006615340.0,-60605788472.0,영업수익,영업이익(손실),제 54 기,제 53 기
00231372,롯데관광개발,032350,2025,연결재무제표,653447659142.0,471467953184.0,143328051761.0,39006615340.0,영업수익,영업이익,제 55 기,제 54 기
00545716,롯데렌탈,089860,2023,연결재무제표,2752292105099.0,2738939589270.0,305192202982.0,308394412876.0,영업수익,영업이익,제 19 기,제 18 기
00545716,롯데렌탈,089860,2024,연결재무제표,2792395464171.0,2752292105099.0,284811996731.0,305192202982.0,영업수익,영업이익,제 20 기,제 19 기
00545716,롯데렌탈,089860,2025,연결재무제표,2918751542343.0,2792395464171.0,312502750438.0,284811996731.0,영업수익,영업이익,제 21 기,제 20 기
01363818,롯데리츠,330590,2023,별도재무제표,59415198441.0,58664677147.0,36133570225.0,34765395920.0,영업수익,영업이익(손실),제 10 기,제 9 기
01363818,롯데리츠,330590,2024,별도재무제표,65629118705.0,60007701472.0,42006230943.0,37586118451.0,영업수익,영업이익,제 12 기,제 11 기
01363818,롯데리츠,330590,2025,별도재무제표,70879702538.0,69954407452.0,46254900872.0,45224008715.0,영업수익,영업이익,제 14 기,제 13 기
00113562,롯데손해보험,000400,2023,별도재무제표,949488364731.0,890139484021.0,396291202576.0,-125129668447.0,투자영업수익,영업이익(손실),제 79 기,제 78 기
00113562,롯데손해보험,000400,2024,별도재무제표,1127206108512.0,932755658705.0,31061268927.0,375434788782.0,투자영업수익,영업이익(손실),제 80 기,제 79 기
00113562,롯데손해보험,000400,2025,별도재무제표,988875000000.0,1127206000000.0,64736000000.0,31061000000.0,투자영업수익,영업이익(손실),제 81 기,제 80 기
00120526,롯데쇼핑,023530,2023,연결재무제표,14555863880290.0,15476035656554.0,508404731640.0,386225594610.0,매출,영업이익,제 54 기,제 53 기
00120526,롯데쇼핑,023530,2024,연결재무제표,13986578270060.0,14555863880290.0,473113964780.0,508404731640.0,매출,영업이익,제 55 기,제 54 기
00120526,롯데쇼핑,023530,2025,연결재무제표,13738354725833.0,13986578270060.0,547037221095.0,473113964780.0,매출,영업이익,제 56 기,제 55 기
00113997,롯데에너지머티리얼즈,020150,2023,연결재무제표,809006057001.0,729362921828.0,11805382266.0,84772900155.0,매출액,영업이익,제 37 기,제 36 기
00113997,롯데에너지머티리얼즈,020150,2024,연결재무제표,902252020191.0,809006057001.0,-64444649841.0,11805382266.0,매출액,영업이익(손실),제 38 기,제 37 기
00113997,롯데에너지머티리얼즈,020150,2025,연결재무제표,677530806593.0,902252020191.0,-145226366142.0,-64444649841.0,매출액,영업손실,제 39 기,제 38 기
01258507,롯데웰푸드,280360,2023,연결재무제표,4066391863111.0,3203264461054.0,177018020646.0,112384711475.0,매출액,영업이익(손실),제 7 기,제 6 기
01258507,롯데웰푸드,280360,2024,연결재무제표,4044252365474.0,4066391863111.0,157101345659.0,177018020646.0,매출액,영업이익(손실),제 8 기,제 7 기
01258507,롯데웰푸드,280360,2025,연결재무제표,4215952626184.0,4044252365474.0,109519157887.0,157101345659.0,매출액,영업이익(손실),제 9 기,제 8 기
01262032,롯데이노베이트,286940,2023,연결재무제표,1196722467905.0,1047704877833.0,56946199405.0,34251438232.0,매출액,영업이익(손실),제 7 기,제 6 기
01262032,롯데이노베이트,286940,2024,연결재무제표,1180372382864.0,1196722467905.0,25724113399.0,56946199405.0,총 수익,영업이익,제 8 기,제 7 기
01262032,롯데이노베이트,286940,2025,연결재무제표,1169825277118.0,1180372382864.0,31393431992.0,25724113399.0,총 수익,영업이익,제 9 기,제 8 기
00157681,롯데정밀화학,004000,2023,연결재무제표,1768621115725.0,2463759308094.0,154778355081.0,404310707357.0,매출,영업이익,제 60 기,제 59 기
00157681,롯데정밀화학,004000,2024,연결재무제표,1670545189888.0,1768621115725.0,50372565787.0,154778355081.0,매출액,영업이익,제 61 기,제 60 기
00157681,롯데정밀화학,004000,2025,연결재무제표,1752682647758.0,1670545189888.0,74361152818.0,50372565787.0,매출액,영업이익,제 62 기,제 61 기
00120562,롯데지주,004990,2023,연결재무제표,15159775895639.0,14111852309175.0,493689284141.0,489830602915.0,매출,영업이익(손실),제 57 기,제 56 기
00120562,롯데지주,004990,2024,연결재무제표,15756975627179.0,15159775895639.0,340468760521.0,493689284141.0,매출,영업이익(손실),제 58 기,제 57 기
00120562,롯데지주,004990,2025,연결재무제표,15539626589471.0,15756975627179.0,239439333968.0,340468760521.0,매출,영업이익(손실),제 59 기,제 58 기
00120571,롯데칠성음료,005300,2023,연결재무제표,3224680481809.0,2841747049867.0,210669752581.0,222858437341.0,수익(매출액),영업이익(손실),제 57 기,제 56 기
00120571,롯데칠성음료,005300,2024,연결재무제표,4024503304484.0,3224680481809.0,184926837143.0,210669752581.0,수익(매출액),영업이익(손실),제 58 기,제 57 기
00120571,롯데칠성음료,005300,2025,연결재무제표,3971143829134.0,4024503304484.0,167159917902.0,184926837143.0,수익(매출액),영업이익(손실),제 59 기,제 58 기
00165413,롯데케미칼,011170,2024,연결재무제표,20430375565357.0,19946396629902.0,-894081004428.0,-347702499473.0,매출,영업손실,제 49 기,제 48 기
00165413,롯데케미칼,011170,2025,연결재무제표,18483005314922.0,19894809600093.0,-943115729953.0,-914535316186.0,매출,영업손실,제 50 기,제 49 기
00158307,롯데하이마트,071840,2023,별도재무제표,2610137030353.0,3336820850782.0,8223020506.0,-52011444171.0,매출,영업이익(손실),제 37 기,제 36 기
00158307,롯데하이마트,071840,2024,별도재무제표,2356656539880.0,2610137030353.0,1720857840.0,8223020506.0,매출,영업이익(손실),제 38 기,제 37 기
00158307,롯데하이마트,071840,2025,별도재무제표,2300095883091.0,2356656539880.0,9639450324.0,1720857840.0,매출,영업이익,제 39 기,제 38 기
01397620,루닛,328130,2023,연결재무제표,25080238712.0,13865732451.0,-42216718386.0,-50650984769.0,영업수익,영업이익(손실),제 11 기,제 10 기
01397620,루닛,328130,2024,연결재무제표,54179663335.0,25080238712.0,-67672567880.0,-42216718386.0,영업수익,영업이익(손실),제 12 기,제 11 기
01397620,루닛,328130,2025,연결재무제표,83129295404.0,54179663335.0,-83103910311.0,-67947200428.0,영업수익,영업이익(손실),제 13 기,제 12 기
00406329,루멘스,038060,2023,연결재무제표,171236881677.0,166304887331.0,2742020759.0,1189859515.0,매출액,영업이익(손실),제 28 기,제 27 기
00406329,루멘스,038060,2024,연결재무제표,174227991930.0,171236881677.0,-1620317061.0,2742020759.0,매출액,영업이익(손실),제 29 기,제 28 기
00406329,루멘스,038060,2025,연결재무제표,175538081725.0,174227991930.0,-5026078971.0,-1620317061.0,매출액,영업이익(손실),제 30 기,제 29 기
01636565,루미르,474170,2024,별도재무제표,14277073160.0,12126540395.0,-1201741372.0,-3023272981.0,수익(매출액),영업이익(손실),제 16 기,제 15 기
01636565,루미르,474170,2025,별도재무제표,10568518218.0,14277073160.0,-594389927.0,-1201741372.0,매출액,영업이익(손실),제 17 기,제 16 기
00620558,루트K,195990,2023,연결재무제표,25375405459.0,22112070761.0,-8807316159.0,-8603190034.0,매출액,영업이익(손실),제 20 기,제 19 기
00620558,루트K,195990,2024,연결재무제표,31663085394.0,25375405459.0,-10206548561.0,-8807316159.0,매출액,영업이익(손실),제 21 기,제 20 기
00620558,루트K,195990,2025,연결재무제표,31922791800.0,31663085394.0,-9281936003.0,-10206548561.0,매출액,영업이익(손실),제 22 기,제 21 기
00842619,리가켐바이오,141080,2023,연결재무제표,34145640069.0,33412042600.0,-80822342649.0,-50375099038.0,영업수익,영업이익(손실),제 18 기,제 17 기
00842619,리가켐바이오,141080,2024,연결재무제표,125898140997.0,34145640069.0,-20913487724.0,-80822342649.0,영업수익,영업이익(손실),제 19 기,제 18 기
00842619,리가켐바이오,141080,2025,연결재무제표,141553069341.0,125898140997.0,-106485862116.0,-20913487724.0,영업수익,영업손실,제 20 기,제 19 기
00369657,리노공업,058470,2023,별도재무제표,255573034656.0,322422803089.0,114378400291.0,136634729982.0,매출액,영업이익,제 28 기,제 27 기
00369657,리노공업,058470,2024,별도재무제표,278186189427.0,255573034656.0,124201343872.0,114378400291.0,매출액,영업이익,제 29 기,제 28 기
00369657,리노공업,058470,2025,별도재무제표,372534084608.0,278186189427.0,176997188289.0,124201343872.0,매출액,영업이익,제 30 기,제 29 기
00180263,리더스코스메틱,016100,2023,연결재무제표,69278802746.0,86657750918.0,-4311069604.0,504936506.0,수익(매출액),영업이익(손실),제 37 기,제 36 기
00180263,리더스코스메틱,016100,2024,연결재무제표,73498715632.0,69278802746.0,-2902749222.0,-4311069604.0,수익(매출액),영업이익(손실),제 38 기,제 37 기
00180263,리더스코스메틱,016100,2025,연결재무제표,68313820168.0,73498715632.0,-7089531070.0,-2902749222.0,수익(매출액),영업이익(손실),제 39 기,제 38 기
00117708,리드코프,012700,2023,연결재무제표,490568153950.0,635215787598.0,-13522408361.0,53309040369.0,I. 영업수익,III. 영업이익,제 47 기,제 46 기
00117708,리드코프,012700,2024,연결재무제표,420479804663.0,490568153950.0,21553070940.0,-13522408361.0,영업수익,영업이익,제 48 기,제 47 기
00117708,리드코프,012700,2025,연결재무제표,387709979454.0,420479804663.0,10946322046.0,21553070940.0,영업수익,영업이익,제 49 기,제 48 기
01275665,리메드,302550,2023,연결재무제표,18536134645.0,21363454119.0,-2859712374.0,1661058369.0,수익(매출액),영업이익(손실),제 21 기,제 20 기
01275665,리메드,302550,2024,연결재무제표,25554051153.0,18536134645.0,1121187641.0,-2859712374.0,수익(매출액),영업이익(손실),제 22 기,제 21 기
01275665,리메드,302550,2025,연결재무제표,24504879379.0,25554051153.0,725837577.0,1121187641.0,수익(매출액),영업이익(손실),제 23 기,제 22 기
01385005,리브스메드,491000,2025,연결재무제표,51192098328.0,27121459522.0,-22642203092.0,-26504460225.0,수익(매출액),영업이익(손실),제 15 기,제 14 기
01685677,리센스메디컬,394420,2025,연결재무제표,8828610805.0,6259262256.0,-10640384599.0,-14161002867.0,수익(매출액),영업이익(손실),제 10 기,제 9 기
00440712,리튬포어스,073570,2023,별도재무제표,15633542239.0,20721222981.0,-6808746053.0,-3749508769.0,Ⅰ. 매출액,Ⅳ. 영업손실,제 26 기,제 25 기
00440712,리튬포어스,073570,2024,별도재무제표,15164117282.0,15633542239.0,-5221023562.0,-6808746053.0,Ⅰ. 매출액,Ⅳ. 영업이익(손실),제 27 기,제 26 기
00440712,리튬포어스,073570,2025,별도재무제표,10653571827.0,15164117282.0,-4481914206.0,-5221023562.0,Ⅰ. 매출액,Ⅳ. 영업이익(손실),제 28 기,제 27 기
01210066,리파인,377450,2023,별도재무제표,66484437442.0,55077908851.0,22552141363.0,17938589452.0,영업수익,영업이익,제 22 기,제 21 기
01210066,리파인,377450,2024,별도재무제표,67848478041.0,66484437442.0,20505136523.0,22552141363.0,영업수익,영업이익,제 23 기,제 22 기
01210066,리파인,377450,2025,별도재무제표,61572418310.0,67848478041.0,18941412133.0,20505136523.0,영업수익,영업이익,제 24 기,제 23 기
00616962,린드먼아시아,277070,2023,연결재무제표,9667503356.0,9778298115.0,3400246788.0,4437147060.0,영업수익,영업이익(손실),제 18 기,제 17 기
00616962,린드먼아시아,277070,2024,연결재무제표,9094055307.0,9667503356.0,4209661938.0,3400246788.0,영업수익,영업이익(손실),제 19 기,제 18 기
00616962,린드먼아시아,277070,2025,연결재무제표,7432097638.0,9094055307.0,3602841246.0,4209661938.0,영업수익,영업이익(손실),제 20 기,제 19 기
00352499,링네트,042500,2023,연결재무제표,217699382445.0,204003748249.0,16347719605.0,10877118076.0,수익(매출액),영업이익(손실),제 24 기,제 23 기
00352499,링네트,042500,2024,연결재무제표,163904772518.0,217699382445.0,13690916486.0,16347719605.0,수익(매출액),영업이익(손실),제 25 기,제 24 기
00352499,링네트,042500,2025,연결재무제표,183074373611.0,163904772518.0,14313163865.0,13690916486.0,수익(매출액),영업이익(손실),제 26 기,제 25 기
01035678,링크드,193250,2023,연결재무제표,20171254674.0,30233618983.0,-4428502767.0,-2430395776.0,매출액,영업이익(손실),제 20 기,제 19 기
01035678,링크드,193250,2024,연결재무제표,14078981236.0,20171254674.0,-6060223537.0,-4428502767.0,매출액,영업손실,제 21 기,제 20 기
01035678,링크드,193250,2025,연결재무제표,10455279389.0,14078981236.0,-7209846700.0,-6060223537.0,매출액,영업손실,제 22 기,제 21 기
01764099,링크솔루션,474650,2024,연결재무제표,11187804975.0,7360479717.0,-3996911446.0,778535947.0,수익(매출액),영업이익(손실),제 10 기,제 9 기
01764099,링크솔루션,474650,2025,별도재무제표,13124605399.0,11187804975.0,-7377647696.0,-3996911446.0,수익(매출액),영업이익(손실),제 11 기,제 10 기
01109955,링크제니시스,219420,2023,연결재무제표,14193832035.0,17267914388.0,1398347384.0,3640941473.0,수익(매출액),영업이익(손실),제 21 기,제 20 기
01109955,링크제니시스,219420,2024,연결재무제표,13103612792.0,14193832035.0,-79622763.0,1398347384.0,수익(매출액),영업이익(손실),제 22 기,제 21 기
01109955,링크제니시스,219420,2025,연결재무제표,16975060498.0,13103612792.0,1218849843.0,-79622763.0,수익(매출액),영업이익(손실),제 23 기,제 22 기
01136977,마녀공장,439090,2023,연결재무제표,105000932107.0,101835609615.0,15862041293.0,24494754918.0,매출액,영업이익(손실),제 12 기,제 11 기
01136977,마녀공장,439090,2024,연결재무제표,127919035290.0,105000932107.0,18556998700.0,15862041293.0,매출액,영업이익(손실),제 13 기,제 12 기
01136977,마녀공장,439090,2025,연결재무제표,113016260841.0,127919035290.0,10455159463.0,18556998700.0,매출액,영업이익(손실),제 14 기,제 13 기
00204208,마니커,027740,2023,연결재무제표,339611584985.0,320551280994.0,2214546910.0,-6965206428.0,매출액,영업이익(손실),제 39 기,제 38 기
00204208,마니커,027740,2024,연결재무제표,332788209759.0,339611584985.0,-9051499918.0,2214546910.0,매출액,영업이익(손실),제 40 기,제 39 기
00204208,마니커,027740,2025,연결재무제표,368890857923.0,332788209759.0,2010730651.0,-9051499918.0,매출액,영업이익(손실),제 41 기,제 40 기
00770312,마니커에프앤지,195500,2023,별도재무제표,101217984830.0,89362824959.0,2104728180.0,-1722244334.0,매출액,영업이익(손실),제 20 기,제 19 기
00770312,마니커에프앤지,195500,2024,별도재무제표,107702390835.0,101217984830.0,3844717913.0,2104728180.0,매출액,영업이익(손실),제 21 기,제 20 기
00770312,마니커에프앤지,195500,2025,별도재무제표,106758230980.0,107702390835.0,2485633089.0,3844717913.0,매출액,영업이익(손실),제 22 기,제 21 기
01442966,마스턴프리미어리츠,357430,2023,연결재무제표,4081936676.0,4258026000.0,-5454694207.0,148306928.0,영업수익,영업이익(손실),제 7 기,제 6 기
01442966,마스턴프리미어리츠,357430,2024,연결재무제표,4344097477.0,3102229898.0,1699923445.0,-10570175348.0,영업수익,영업이익(손실),제 9 기,제 8 기
01442966,마스턴프리미어리츠,357430,2025,연결재무제표,4128904816.0,3221899500.0,2763887761.0,-10913658220.0,영업수익,영업이익(손실),제 11 기,제 10 기
01297898,마음AI,377480,2023,연결재무제표,10223567292.0,8243676344.0,-3856539651.0,-5470640452.0,영업수익,영업이익(손실),제 10 기,제 9 기
01297898,마음AI,377480,2024,연결재무제표,7773951858.0,10223567292.0,-7118425314.0,-3856539651.0,영업수익,영업이익(손실),제 11 기,제 10 기
01297898,마음AI,377480,2025,연결재무제표,9786361142.0,7773951858.0,-6375714178.0,-7118425314.0,영업수익,영업이익(손실),제 12 기,제 11 기
01267967,마이크로디지탈,305090,2023,별도재무제표,10839854618.0,8883698808.0,880251845.0,-7952738449.0,매출액,영업이익(손실),제 22 기,제 21 기
01267967,마이크로디지탈,305090,2024,별도재무제표,11533272625.0,10839854618.0,279883032.0,880251845.0,매출액,영업이익(손실),제 23 기,제 22 기
01267967,마이크로디지탈,305090,2025,별도재무제표,12842770689.0,11533272625.0,-9171245064.0,279883032.0,매출액,영업이익(손실),제 24 기,제 23 기
00568188,마이크로컨텍솔,098120,2023,연결재무제표,64817181265.0,61054715702.0,7428799024.0,7894186276.0,수익(매출액),영업이익(손실),제 24 기,제 23 기
00568188,마이크로컨텍솔,098120,2024,연결재무제표,69664082922.0,64817181265.0,10204007443.0,7428799024.0,수익(매출액),영업이익(손실),제 25 기,제 24 기
00568188,마이크로컨텍솔,098120,2025,연결재무제표,100314289873.0,69664082922.0,17744519813.0,10204007443.0,수익(매출액),영업이익(손실),제 26 기,제 25 기
00624378,마이크로투나노,424980,2023,별도재무제표,9370216743.0,41424950659.0,-12572002087.0,6288212703.0,매출,영업이익(손실),제 24 기,제 23 기
00624378,마이크로투나노,424980,2024,별도재무제표,10151471769.0,9370216743.0,-9548635130.0,-12572002087.0,매출,영업이익(손실),제 25 기,제 24 기
00624378,마이크로투나노,424980,2025,별도재무제표,22228158731.0,10151471769.0,-3409038192.0,-9548635130.0,매출,영업이익(손실),제 26 기,제 25 기
00261373,마크로젠,038290,2023,연결재무제표,132803131511.0,138617489348.0,-423115234.0,5289492369.0,수익(매출액),영업이익(손실),제 28 기,제 27 기
00261373,마크로젠,038290,2024,연결재무제표,135776658229.0,132803131511.0,-6464344515.0,-423115234.0,매출액,영업손익,제 29 기,제 28 기
00261373,마크로젠,038290,2025,연결재무제표,195267890603.0,135776658229.0,181079257.0,-6464344515.0,매출액,영업이익(손실),제 30 기,제 29 기
00120872,만호제강,001080,2023,별도재무제표,213296308408.0,253705017361.0,-7441418493.0,-145706310.0,수익(매출액),영업이익(손실),제 71 기,제 70 기
00120872,만호제강,001080,2024,별도재무제표,179904428905.0,219339870656.0,-30795040915.0,-12394036561.0,수익(매출액),영업이익(손실),제 72 기,제 71 기
00120872,만호제강,001080,2025,별도재무제표,152953052398.0,179904428905.0,-11976544318.0,-30795040915.0,수익(매출액),영업이익(손실),제 73 기,제 72 기
01234507,매일유업,267980,2023,연결재무제표,1782979215597.0,1685644029927.0,72229121232.0,60688076526.0,매출액,영업이익,제 7 기,제 6 기
01234507,매일유업,267980,2024,연결재무제표,1811435717578.0,1782979215597.0,70336217738.0,72229121232.0,매출액,영업이익,제 8 기,제 7 기
01234507,매일유업,267980,2025,연결재무제표,1843539281196.0,1811435717578.0,60028565008.0,70336217738.0,매출액,영업이익,제 9 기,제 8 기
00120924,매일홀딩스,005990,2023,연결재무제표,2146398739613.0,1979261381048.0,82233894530.0,73433706538.0,수익(매출액),영업이익(손실),제 55 기,제 54 기
00120924,매일홀딩스,005990,2024,연결재무제표,2190170660149.0,2146398739613.0,78276734399.0,82233894530.0,수익(매출액),영업이익(손실),제 56 기,제 55 기
00120924,매일홀딩스,005990,2025,연결재무제표,2196211284329.0,2190170660149.0,63972718206.0,78276734399.0,매출액,영업이익(손실),제 57 기,제 56 기
00596677,매커스,093520,2023,연결재무제표,175414376276.0,193763490633.0,26349934797.0,31451798059.0,수익(매출액),영업이익(손실),제 18 기,제 17 기
00596677,매커스,093520,2024,연결재무제표,199579464477.0,175414376276.0,26887736693.0,26349934797.0,수익(매출액),영업이익(손실),제 19 기,제 18 기
00596677,매커스,093520,2025,연결재무제표,227242162080.0,199579464477.0,29095487131.0,26887736693.0,수익(매출액),영업이익(손실),제 20 기,제 19 기
00364740,머큐리,100590,2023,연결재무제표,153627118426.0,163074227992.0,4941134141.0,4883867876.0,매출액,영업이익,제 24 기,제 23 기
00364740,머큐리,100590,2024,연결재무제표,134308402060.0,153627118426.0,-886508422.0,4941134141.0,매출액,영업이익,제 25 기,제 24 기
00364740,머큐리,100590,2025,연결재무제표,123866036266.0,134308402060.0,-734399940.0,-886508422.0,매출액,영업이익,제 26 기,제 25 기
00425351,멀티캠퍼스,067280,2023,연결재무제표,358598251427.0,357486847902.0,40285830663.0,41042292163.0,매출액,영업이익,제 24 기,제 23 기
00425351,멀티캠퍼스,067280,2024,연결재무제표,352739509730.0,358598251427.0,38928839417.0,40285830663.0,매출액,영업이익,제 25 기,제 24 기
00425351,멀티캠퍼스,067280,2025,연결재무제표,330827395521.0,352739509730.0,31891937098.0,38928839417.0,매출액,영업이익,제 26 기,제 25 기
00422284,메가스터디,072870,2023,연결재무제표,107784882028.0,121600615468.0,10359518258.0,12185701430.0,매출액,영업이익(손실),제 24 기,제 23 기
00422284,메가스터디,072870,2024,연결재무제표,134264064370.0,107784882028.0,23779823063.0,10359518258.0,매출액,영업이익(손실),제 25 기,제 24 기
00422284,메가스터디,072870,2025,연결재무제표,127284905272.0,134264064370.0,20542668813.0,23779823063.0,수익(매출액),영업이익(손실),제 26 기,제 25 기
01074862,메가스터디교육,215200,2023,연결재무제표,935225125443.0,835952852633.0,127440527255.0,135389636306.0,매출액,영업이익(손실),제 9 기,제 8 기
01074862,메가스터디교육,215200,2024,연결재무제표,942249234214.0,935225125443.0,123624491071.0,127440527255.0,매출액,영업이익,제 10 기,제 9 기
01074862,메가스터디교육,215200,2025,연결재무제표,884944540620.0,942249234214.0,121019655273.0,123624491071.0,매출액,영업이익,제 11 기,제 10 기
00807555,메가엠디,133750,2023,연결재무제표,36041389502.0,64468046391.0,-3939064553.0,2000608357.0,수익(매출액),영업이익(손실),제 20 기,제 19 기
00807555,메가엠디,133750,2024,연결재무제표,36491420174.0,36041389502.0,2236373524.0,-3939064553.0,수익(매출액),영업이익(손실),제 21 기,제 20 기
00807555,메가엠디,133750,2025,별도재무제표,34591356901.0,36491420174.0,1813813179.0,2236373524.0,수익(매출액),영업이익(손실),제 22 기,제 21 기
00923516,메가터치,446540,2023,별도재무제표,50143416324.0,49044882988.0,-252673138.0,8094899886.0,수익(매출액),영업이익(손실),제 14 기,제 13 기
00923516,메가터치,446540,2024,별도재무제표,52992354510.0,50143416324.0,3996580954.0,-252673138.0,매출액,영업이익(손실),제 15 기,제 14 기
00923516,메가터치,446540,2025,별도재무제표,43240176069.0,52992354510.0,-4174619354.0,3996580954.0,매출액,영업이익(손실),제 16 기,제 15 기
01336373,메드팩토,235980,2023,연결재무제표,0.0,0.0,-28757985751.0,-37193012232.0,매출액,영업이익(손실),제 11 기,제 10 기
01336373,메드팩토,235980,2024,연결재무제표,0.0,0.0,-21815962051.0,-28757985751.0,매출액,영업이익(손실),제 12 기,제 11 기
01336373,메드팩토,235980,2025,연결재무제표,3898477868.0,0.0,-14018507792.0,-21815962051.0,매출액,영업이익(손실),제 13 기,제 12 기
00273439,메디아나,041920,2023,연결재무제표,78421203014.0,68346731750.0,9402286818.0,10610097890.0,매출액,영업이익,제 29 기,제 28 기
00273439,메디아나,041920,2024,연결재무제표,57038971899.0,78421203014.0,1309225935.0,9402286818.0,매출액,영업이익,제 30 기,제 29 기
00273439,메디아나,041920,2025,연결재무제표,64944817855.0,57038971899.0,5950379397.0,1309225935.0,매출액,영업이익,제 31 기,제 30 기
00267854,메디앙스,014100,2023,연결재무제표,66023045995.0,71422007545.0,-1292819708.0,1609909502.0,수익(매출액),영업이익(손실),제 45 기,제 44 기
00267854,메디앙스,014100,2024,연결재무제표,48985993990.0,66023045995.0,-8815176395.0,-1292819708.0,수익(매출액),영업이익(손실),제 46 기,제 45 기
00267854,메디앙스,014100,2025,연결재무제표,48769436984.0,48985993990.0,-1103975443.0,-8815176395.0,수익(매출액),영업손실,제 47 기,제 46 기
00356839,메디콕스,054180,2023,연결재무제표,26875194687.0,20295920949.0,-10658205039.0,-11520600908.0,매출액,영업이익(손실),제 26 기,제 25 기
00356839,메디콕스,054180,2024,연결재무제표,30611173608.0,26875194687.0,-10045784844.0,-10658205039.0,매출액,영업이익(손실),제 27 기,제 26 기
00356839,메디콕스,054180,2025,연결재무제표,28160961888.0,30611173608.0,-5746736518.0,-10045784844.0,매출액,영업이익(손실),제 28 기,제 27 기
00580199,메디톡스,086900,2023,연결재무제표,221120682597.0,195096220132.0,17322328805.0,46664445394.0,수익(매출액),영업이익(손실),제 24 기,제 23 기
00580199,메디톡스,086900,2024,연결재무제표,228621969000.0,221120683000.0,20348723000.0,17322329000.0,매출액,영업이익(손실),제 25 기,제 24 기
00580199,메디톡스,086900,2025,연결재무제표,247290289368.0,228621968787.0,17004372389.0,20348722593.0,매출액,영업이익(손실),제 26 기,제 25 기
00453929,메디포스트,078160,2023,연결재무제표,68642987374.0,64200627638.0,-25130694461.0,-17416421411.0,수익(매출액),영업이익(손실),제 24 기,제 23 기
00453929,메디포스트,078160,2024,연결재무제표,70657028379.0,68642987374.0,-48544476121.0,-25130694461.0,수익(매출액),영업이익(손실),제 25 기,제 24 기
00453929,메디포스트,078160,2025,연결재무제표,73656891468.0,70657028379.0,-67983786233.0,-48544476121.0,수익(매출액),영업이익(손실),제 26 기,제 25 기
00860332,메리츠금융지주,138040,2023,연결재무제표,58558358469900.0,67218346531822.0,2933502360678.0,2893193351932.0,영업수익,영업이익(손실),제 14 기,제 13 기
00860332,메리츠금융지주,138040,2024,연결재무제표,46574506350960.0,58558358469900.0,3188889251285.0,2933502360678.0,영업수익,영업이익(손실),제 15 기,제 14 기
00163682,메리츠증권,008560,2023,연결재무제표,47448295541105.0,57037591482155.0,881301571969.0,1092531671970.0,영업수익,영업이익(손실),제 52 기,제 51 기
00163682,메리츠증권,008560,2024,연결재무제표,34785043562728.0,47448295541105.0,1054859980430.0,881301571969.0,영업수익,영업이익(손실),제 53 기,제 52 기
00163682,메리츠증권,008560,2025,연결재무제표,463310257692.0,156485289636.0,788276943898.0,1054859980430.0,영업외수익,영업이익(손실),제 54 기,제 53 기
00117744,메리츠화재해상보험,000060,2023,연결재무제표,2224640951710.0,1508348975837.0,2108011826953.0,1709982611012.0,투자영업수익,영업이익(손실),제 103 기,제 102 기
00117744,메리츠화재해상보험,000060,2024,연결재무제표,2647781954156.0,2224640951710.0,2297293761486.0,2108011826953.0,투자영업수익,영업이익(손실),제 104 기,제 103 기
00117744,메리츠화재해상보험,000060,2025,연결재무제표,2788821469774.0,2647781954156.0,2286519915797.0,2297293761486.0,투자영업수익,영업이익,제 105 기,제 104 기
01596656,메쎄이상,408920,2023,연결재무제표,50814045322.0,38334447397.0,11169700575.0,8555103322.0,수익(매출액),영업이익(손실),제 3 기,제 2 기
01596656,메쎄이상,408920,2024,연결재무제표,67076916473.0,50814045322.0,17100153112.0,11169700575.0,수익(매출액),영업이익(손실),제 4 기,제 3 기
01596656,메쎄이상,408920,2025,연결재무제표,72822323336.0,67076916473.0,18997461570.0,17100153112.0,수익(매출액),영업이익(손실),제 5 기,제 4 기
00136101,메이슨캐피탈,021880,2024,연결재무제표,20284640607.0,4315281301.0,4297892217.0,-3938903200.0,영업수익,영업이익(손실),제 35 기,제 34 기
00136101,메이슨캐피탈,021880,2025,연결재무제표,25090614032.0,20284640607.0,-10097939629.0,4297892217.0,영업수익,영업이익(손실),제 36 기,제 35 기
00808022,메지온,140410,2023,연결재무제표,31720932232.0,30726176390.0,-14488566140.0,-23331280109.0,영업수익,영업이익(손실),제 22 기,제 21 기
00808022,메지온,140410,2024,연결재무제표,8611620880.0,31720932232.0,-14299550646.0,-14488566140.0,영업수익,영업이익(손실),제 23 기,제 22 기
00808022,메지온,140410,2025,연결재무제표,7909500393.0,8611620880.0,-16768533041.0,-14299550646.0,영업수익,영업이익(손실),제 24 기,제 23 기
00652007,메카로,241770,2023,연결재무제표,40760860090.0,53990901173.0,-8467702995.0,2553660537.0,매출액,영업이익(손실),제 24 기,제 23 기
00652007,메카로,241770,2024,연결재무제표,62858211721.0,38585601757.0,4118204096.0,-7623271519.0,매출액,영업이익(손실),제 25 기,제 24 기
00652007,메카로,241770,2025,연결재무제표,94613747133.0,62858211721.0,15360214876.0,4118204096.0,수익(매출액),영업이익(손실),제 26 기,제 25 기
00442835,메타랩스,090370,2023,연결재무제표,21598887656.0,22659042216.0,-3860136978.0,-2047208320.0,수익(매출액),영업이익(손실),제 24 기,제 23 기
00442835,메타랩스,090370,2024,연결재무제표,38359458272.0,21598887656.0,-3202497656.0,-3860136978.0,수익(매출액),영업이익(손실),제 25 기,제 24 기
00442835,메타랩스,090370,2025,연결재무제표,81322984405.0,38359458272.0,-7242779131.0,-3202497656.0,수익(매출액),영업이익(손실),제 26 기,제 25 기
00317681,메타바이오메드,059210,2023,연결재무제표,83100721820.0,68941504014.0,10747626419.0,5365035767.0,수익(매출액),영업이익(손실),제 25 기,제 24 기
00317681,메타바이오메드,059210,2024,연결재무제표,94036051029.0,83100721820.0,17221764638.0,10747626419.0,수익(매출액),영업이익(손실),제 26 기,제 25 기
00317681,메타바이오메드,059210,2025,연결재무제표,102951318559.0,94036051029.0,21428131922.0,17221764638.0,수익(매출액),영업이익(손실),제 27 기,제 26 기
00791209,메타케어,118000,2023,연결재무제표,55750068754.0,19098326977.0,-8903733352.0,-300469614.0,수익(매출액),영업이익(손실),제 15 기,제 14 기
00791209,메타케어,118000,2024,연결재무제표,20208077617.0,17256901978.0,1504932937.0,955908773.0,매출액,영업이익(손실),제 16 기,제 15 기
00791209,메타케어,118000,2025,연결재무제표,32822071206.0,20208077617.0,1324766247.0,1504932937.0,매출액,영업이익(손실),제 17 기,제 16 기
00393469,메티스,065560,2023,연결재무제표,19341372505.0,14150229595.0,370396201.0,-2532102658.0,수익(매출액),영업이익(손실),제 37 기,제 36 기
00393469,메티스,065560,2024,연결재무제표,14409808612.0,19341372505.0,-1898569045.0,370396201.0,수익(매출액),영업이익(손실),제 38 기,제 37 기
00393469,메티스,065560,2025,연결재무제표,11113963679.0,14409808612.0,-3680626333.0,-1898569045.0,수익(매출액),영업이익(손실),제 39 기,제 38 기
00270113,멕아이씨에스,058110,2023,연결재무제표,13261391997.0,28753861806.0,-13873749795.0,-1768562776.0,수익(매출액),영업이익(손실),제 26 기,제 25 기
00270113,멕아이씨에스,058110,2024,연결재무제표,11369004636.0,13261391997.0,-9492066504.0,-13873749795.0,수익(매출액),영업이익(손실),제 27 기,제 26 기
00270113,멕아이씨에스,058110,2025,연결재무제표,11287751059.0,11369004636.0,-2787134562.0,-9492066504.0,수익(매출액),영업이익(손실),제 28 기,제 27 기
00609315,멜파스,096640,2023,연결재무제표,6068681499.0,10524579463.0,-4532627363.0,-9236663779.0,매출액,영업이익(손실),제 24 기,제 23 기
00609315,멜파스,096640,2024,별도재무제표,2051047300.0,6068681499.0,-4266717220.0,-4532182661.0,매출액,영업이익(손실),제 25 기,제 24 기
00609315,멜파스,096640,2025,별도재무제표,1913409082.0,2051047300.0,-5458677691.0,-4266717220.0,매출액,영업이익(손실),제 26 기,제 25 기
00583026,멤레이비티,072770,2023,연결재무제표,89999273324.0,109581823524.0,-2250906635.0,3240569592.0,매출,영업이익(손실),제 26 기,제 25 기
00583026,멤레이비티,072770,2024,연결재무제표,130144952679.0,89999273324.0,-2820596330.0,-2038608597.0,매출,영업이익(손실),제 27 기,제 26 기
00583026,멤레이비티,072770,2025,연결재무제표,89629369374.0,130144952679.0,-2807340148.0,-2820596330.0,매출,영업손실,제 28 기,제 27 기
00121039,명문제약,017180,2023,연결재무제표,169567372992.0,152134940505.0,963765332.0,6433888101.0,수익(매출액),영업이익(손실),제 38 기,제 37 기
00121039,명문제약,017180,2024,연결재무제표,186443052017.0,169567372992.0,1928730102.0,963765332.0,수익(매출액),영업이익(손실),제 39 기,제 38 기
00121039,명문제약,017180,2025,연결재무제표,195247096550.0,186443052017.0,6834598874.0,1928730102.0,수익(매출액),영업이익(손실),제 40 기,제 39 기
00173078,명신산업,009900,2023,연결재무제표,1738905096629.0,1515242090552.0,208112383711.0,126853664705.0,매출액,영업이익,제 42 기,제 41 기
00173078,명신산업,009900,2024,연결재무제표,1573818204184.0,1738905096629.0,148119754582.0,208112383711.0,매출액,영업이익,제 43 기,제 42 기
00173078,명신산업,009900,2025,연결재무제표,1619154581776.0,1573818204184.0,102591824890.0,148119754582.0,매출액,영업이익,제 44 기,제 43 기
00179489,명인제약,317450,2025,연결재무제표,287254358952.0,269434788789.0,92498324556.0,92754381974.0,매출액,영업이익,제 38 기,제 37 기
00173102,모나리자,012690,2023,별도재무제표,129760048314.0,120870094114.0,6485825685.0,2895379738.0,매출액,영업이익,제 47 기,제 46 기
00173102,모나리자,012690,2024,별도재무제표,126337593913.0,129760048314.0,983200038.0,6485825685.0,매출액,영업이익,제 48 기,제 47 기
00173102,모나리자,012690,2025,별도재무제표,124021215334.0,126337593913.0,317174554.0,983200038.0,매출액,영업이익,제 49 기,제 48 기
00121288,모나미,005360,2023,연결재무제표,141452792883.0,149532210261.0,-2268342309.0,6277196330.0,수익(매출액),영업이익(손실),제 56 기,제 55 기
00121288,모나미,005360,2024,연결재무제표,133080484318.0,141452792883.0,-3813353960.0,-2268342309.0,수익(매출액),영업이익(손실),제 57 기,제 56 기
00121288,모나미,005360,2025,연결재무제표,131024331487.0,133080484318.0,-5853531949.0,-3813353960.0,수익(매출액),영업이익(손실),제 58 기,제 57 기
00365989,모나용평,070960,2023,연결재무제표,211647596115.0,143314957207.0,21404935088.0,1552325492.0,매출,영업이익(손실),제 25 기,제 24 기
00365989,모나용평,070960,2024,연결재무제표,267782604820.0,211647596115.0,26975231186.0,21404935088.0,매출액,영업이익,제 26 기,제 25 기
00365989,모나용평,070960,2025,연결재무제표,250149769820.0,267782604820.0,23280078165.0,26975231186.0,매출액,영업이익,제 27 기,제 26 기
01583652,모니터랩,434480,2023,연결재무제표,14186630550.0,14134540020.0,7200025.0,1135173414.0,수익(매출액),영업이익(손실),제 19 기,제 18 기
01583652,모니터랩,434480,2024,연결재무제표,14909186498.0,14186630550.0,-643806101.0,7200025.0,수익(매출액),영업이익(손실),제 20 기,제 19 기
01583652,모니터랩,434480,2025,연결재무제표,19168619599.0,14909186498.0,943352791.0,-643806101.0,매출액,영업이익(손실),제 21 기,제 20 기
00480048,모다이노칩,080420,2023,연결재무제표,390033884588.0,411288014985.0,16227308107.0,23150739615.0,수익(매출액),영업이익(손실),제 24 기,제 23 기
00480048,모다이노칩,080420,2024,연결재무제표,388939088953.0,390033884588.0,38613148988.0,16227308107.0,수익(매출액),영업이익(손실),제 25 기,제 24 기
00480048,모다이노칩,080420,2025,연결재무제표,358077406550.0,388939088953.0,27867506133.0,38613148988.0,수익(매출액),영업이익(손실),제 26 기,제 25 기
00657783,모델솔루션,417970,2023,연결재무제표,64718955728.0,67404389979.0,2180729196.0,7889064608.0,매출액,영업이익(손실),제 19 기,제 18 기
00657783,모델솔루션,417970,2024,연결재무제표,68034064510.0,64718955728.0,4187449334.0,2180729196.0,매출액,영업이익(손실),제 20 기,제 19 기
00657783,모델솔루션,417970,2025,연결재무제표,76502212442.0,68034064510.0,8072429287.0,4187449334.0,매출액,영업이익(손실),제 21 기,제 20 기
00456218,모두투어,080160,2023,연결재무제표,178584867440.0,29449596995.0,11557464055.0,-22104274713.0,Ⅰ.매출액,Ⅴ.영업이익(손실),제 35 기,제 34 기
00456218,모두투어,080160,2024,연결재무제표,251551822425.0,178584867440.0,4652320857.0,11557464055.0,매출액,영업이익(손실),제 36 기,제 35 기
00456218,모두투어,080160,2025,연결재무제표,210407391445.0,250462346191.0,7438478888.0,4889611216.0,매출액,영업이익,제 37 기,제 36 기
00556615,모바일어플라이언스,087260,2023,연결재무제표,49804458554.0,52471269387.0,452468274.0,-717208120.0,수익(매출액),영업이익(손실),제 20 기,제 19 기
00556615,모바일어플라이언스,087260,2024,연결재무제표,40480792130.0,49804458554.0,972394952.0,452468274.0,수익(매출액),영업이익(손실),제 21 기,제 20 기
00556615,모바일어플라이언스,087260,2025,연결재무제표,34943028825.0,40480792130.0,-895803759.0,972394952.0,수익(매출액),영업이익(손실),제 22 기,제 21 기
00498001,모베이스,101330,2023,연결재무제표,1262831655164.0,1326886043820.0,40278032257.0,70623947018.0,매출액,영업이익(손실),제 25 기,제 24 기
00498001,모베이스,101330,2024,연결재무제표,1301706118161.0,1262831655164.0,53329574430.0,40278032257.0,수익(매출액),영업이익(손실),제 26 기,제 25 기
00498001,모베이스,101330,2025,연결재무제표,1371327433599.0,1301706118161.0,41798202536.0,53329574430.0,매출액,영업이익(손실),제 27 기,제 26 기
00137234,모베이스전자,012860,2023,연결재무제표,939353137800.0,922208635714.0,27748942104.0,43911657945.0,수익(매출액),영업이익(손실),제 46 기,제 45 기
00137234,모베이스전자,012860,2024,연결재무제표,971549079217.0,939353137800.0,34388852386.0,27748942104.0,매출액,영업이익,제 47 기,제 46 기
00137234,모베이스전자,012860,2025,연결재무제표,1044088716546.0,971549079217.0,36789097140.0,34388852386.0,매출액,영업이익,제 48 기,제 47 기
01493535,모비데이즈,363260,2023,연결재무제표,23890581882.0,16050403622.0,-1902922259.0,4586103471.0,영업수익,영업이익(손실),제 4 기,제 3 기
01493535,모비데이즈,363260,2024,연결재무제표,37232287419.0,23890581882.0,315014042.0,-1902922259.0,영업수익,영업이익(손실),제 5 기,제 4 기
01493535,모비데이즈,363260,2025,연결재무제표,44359105328.0,37232287419.0,4506603704.0,315014042.0,영업수익,영업이익(손실),제 6 기,제 5 기
01210190,모비릭스,348030,2023,연결재무제표,90794664557.0,70925689520.0,-1524499350.0,5324161544.0,영업수익,영업이익(손실),제 17 기,제 16 기
01210190,모비릭스,348030,2024,연결재무제표,56000833353.0,90794664557.0,-9307921050.0,-1524499350.0,영업수익,영업이익(손실),제 18 기,제 17 기
01210190,모비릭스,348030,2025,별도재무제표,39684702560.0,55879953791.0,-8922905730.0,-9391129937.0,영업수익,영업손실,제 19 기,제 18 기
01165155,모비스,250060,2023,연결재무제표,19082389118.0,19665103949.0,-6515719573.0,-4014750237.0,매출액,영업이익(손실),제 8 기,제 7 기
01165155,모비스,250060,2024,별도재무제표,5026430528.0,5443052907.0,-2393806350.0,-2133500429.0,매출액,영업이익(손실),제 9 기,제 8 기
01165155,모비스,250060,2025,별도재무제표,5097704071.0,5026430528.0,-2935210411.0,-2393806350.0,매출액,영업이익(손실),제 10 기,제 9 기
01423837,모아데이타,288980,2023,연결재무제표,24542153231.0,21713748176.0,-357661650.0,1078590391.0,매출액,영업이익(손실),제 10 기,제 9 기
01423837,모아데이타,288980,2024,연결재무제표,34374696997.0,24542153231.0,-1329920446.0,-357661650.0,매출액,영업이익(손실),제 11 기,제 10 기
01423837,모아데이타,288980,2025,연결재무제표,23169923506.0,34374696997.0,-5933151354.0,-1329920446.0,매출액,영업이익(손실),제 12 기,제 11 기
00587925,모아라이프플러스,142760,2023,연결재무제표,18245316126.0,22004336370.0,-5163851157.0,-9732839847.0,매출액,영업이익(손실),제 24 기,제 23 기
00587925,모아라이프플러스,142760,2024,연결재무제표,15629688138.0,18245316126.0,-5539238544.0,-5163851157.0,매출액,영업이익(손실),제 25 기,제 24 기
00587925,모아라이프플러스,142760,2025,연결재무제표,11216210534.0,15629688138.0,-6531029981.0,-5539238544.0,매출액,영업이익(손실),제 26 기,제 25 기
00241209,모아텍,033200,2023,연결재무제표,31956939380.0,28964480456.0,-2257322923.0,-1647028171.0,매출액,영업이익(손실),제 35 기,제 34 기
00241209,모아텍,033200,2024,연결재무제표,30584075005.0,31956939380.0,-2170181038.0,-2257322923.0,매출액,영업이익(손실),제 36 기,제 35 기
00241209,모아텍,033200,2025,연결재무제표,31500704726.0,30584075005.0,-3158121624.0,-2170181038.0,매출액,영업이익(손실),제 37 기,제 36 기
00151128,모토닉,009680,2023,연결재무제표,244258777569.0,223860212776.0,15150182530.0,13782733618.0,매출액,영업이익,제 50 기,제 49 기
00151128,모토닉,009680,2024,연결재무제표,290604602023.0,244258777569.0,23779484995.0,15150182530.0,매출액,영업이익,제 51 기,제 50 기
00151128,모토닉,009680,2025,연결재무제표,279697463554.0,290604602023.0,18535381001.0,23779484995.0,매출액,영업이익,제 52 기,제 51 기
00876908,모트렉스,118990,2023,연결재무제표,531030803840.0,568500868925.0,53191037304.0,58815201894.0,수익(매출액),영업이익(손실),제 23 기,제 22 기
00876908,모트렉스,118990,2024,연결재무제표,586886443642.0,531030803840.0,43610928176.0,53191037304.0,수익(매출액),영업이익(손실),제 24 기,제 23 기
00876908,모트렉스,118990,2025,연결재무제표,702273819074.0,586886443642.0,41788922750.0,43610928176.0,수익(매출액),영업이익(손실),제 25 기,제 24 기
00367400,모티브링크,463480,2024,연결재무제표,61738933021.0,82917299058.0,1721683537.0,4519568757.0,매출액,영업이익,제 48 기,제 47 기
00367400,모티브링크,463480,2025,연결재무제표,67411311418.0,61738933021.0,-1723075249.0,1721683537.0,매출액,영업이익,제 49 기,제 48 기
00163318,모헨즈,006920,2023,연결재무제표,111406314393.0,90123541702.0,12140843614.0,3561139120.0,매출액,영업이익(손실),제 54 기,제 53 기
00163318,모헨즈,006920,2024,연결재무제표,100477953541.0,111406314393.0,2730347492.0,12140843614.0,매출액,영업이익(손실),제 55 기,제 54 기
00163318,모헨즈,006920,2025,연결재무제표,81161016764.0,100477953541.0,-2959160872.0,2730347492.0,매출액,영업이익(손실),제 56 기,제 55 기
00215976,무궁화인포메이션테크놀로지,038340,2023,별도재무제표,6653505252.0,3219429312.0,-4108106865.0,-4940381476.0,매출액,영업이익(손실),제 57 기,제 56 기
00215976,무궁화인포메이션테크놀로지,038340,2024,연결재무제표,33734403770.0,6653505252.0,-5447527972.0,-4108106865.0,매출액,영업이익(손실),제 58 기,제 57 기
00215976,무궁화인포메이션테크놀로지,038340,2025,연결재무제표,39047765255.0,33734403770.0,-1699224362.0,-5447527972.0,매출액,영업이익(손실),제 59 기,제 58 기
00119007,무림P&P,009580,2023,연결재무제표,768920159344.0,774103601234.0,11609909605.0,68291305211.0,매출액,영업이익(손실),제 50 기,제 49 기
00119007,무림P&P,009580,2024,연결재무제표,811651367990.0,768920159344.0,36472102186.0,11609909605.0,매출액,영업이익,제 51 기,제 50 기
00119007,무림P&P,009580,2025,연결재무제표,731620027887.0,811651367990.0,-24460014863.0,36472102186.0,매출액,영업이익(손실),제 52 기,제 51 기
00121507,무림SP,001810,2023,연결재무제표,162093712069.0,153455101045.0,-7289718026.0,-7181518153.0,매출액,영업이익(손실),제 68 기,제 67 기
00121507,무림SP,001810,2024,연결재무제표,176865812368.0,162093712069.0,658491068.0,-7289718026.0,매출액,영업이익(손실),제 69 기,제 68 기
00121507,무림SP,001810,2025,연결재무제표,205670598437.0,176865812368.0,1777567506.0,658491068.0,매출액,영업이익(손실),제 70 기,제 69 기
00136086,무림페이퍼,009200,2023,연결재무제표,1321885020099.0,1399139266935.0,67783686312.0,96311787654.0,매출액,영업이익,제 51 기,제 50 기
00136086,무림페이퍼,009200,2024,연결재무제표,1384380090169.0,1321885020099.0,89393682541.0,67783686312.0,매출액,영업이익,제 52 기,제 51 기
00136086,무림페이퍼,009200,2025,연결재무제표,1264911879644.0,1384380090169.0,5950945189.0,89393682541.0,매출액,영업이익,제 53 기,제 52 기
00121543,무학,033920,2023,연결재무제표,146573700822.0,152832444811.0,16162941974.0,15643137742.0,매출액,영업이익(손실),제 51 기,제 50 기
00121543,무학,033920,2024,연결재무제표,152059251251.0,146573700822.0,16875863184.0,16162941974.0,수익(매출액),영업이익(손실),제 52 기,제 51 기
00121543,무학,033920,2025,연결재무제표,143830395069.0,152059251251.0,10235140357.0,16875863184.0,매출액,영업이익(손실),제 53 기,제 52 기
00121570,문배철강,008420,2023,별도재무제표,163633902034.0,192206730661.0,-3436828194.0,3006102380.0,매출액,영업이익(손실),제 51 기,제 50 기
00121570,문배철강,008420,2024,별도재무제표,140206723395.0,163633902034.0,-2130925338.0,-3436828194.0,매출액,영업이익(손실),제 52 기,제 51 기
00121570,문배철강,008420,2025,별도재무제표,137874736532.0,140206723395.0,-959363760.0,-2130925338.0,매출액,영업손실,제 53 기,제 52 기
01190124,미디어젠,279600,2023,별도재무제표,12752623418.0,17355905657.0,-5272166711.0,-2038724080.0,수익(매출액),영업이익(손실),제 24 기,제 23 기
01190124,미디어젠,279600,2024,별도재무제표,12016631514.0,12752623418.0,-4674361271.0,-5272166711.0,수익(매출액),영업이익(손실),제 25 기,제 24 기
01190124,미디어젠,279600,2025,별도재무제표,22781312554.0,12016631514.0,-2231871542.0,-4674361271.0,수익(매출액),영업이익(손실),제 26 기,제 25 기
00526836,미래나노텍,095500,2023,연결재무제표,694025815289.0,490327663439.0,13703818450.0,9700155485.0,매출액,영업이익(손실),제 22 기,제 21 기
00526836,미래나노텍,095500,2024,연결재무제표,622314535341.0,694025815289.0,24860166485.0,13703818450.0,매출액,영업이익(손실),제 23 기,제 22 기
00526836,미래나노텍,095500,2025,연결재무제표,538532646902.0,622314535341.0,20929372893.0,24860166485.0,매출액,영업이익,제 24 기,제 23 기
00299844,미래반도체,254490,2023,연결재무제표,380510458504.0,550152694771.0,9406962299.0,22102061837.0,매출액,영업이익,제 28 기,제 27 기
00299844,미래반도체,254490,2024,별도재무제표,487630862852.0,380510458504.0,10234073750.0,9406962299.0,매출액,영업이익,제 29 기,제 28 기
00299844,미래반도체,254490,2025,별도재무제표,635582299292.0,487630862852.0,19075676565.0,10234073750.0,매출액,영업이익,제 30 기,제 29 기
00197759,미래산업,025560,2023,연결재무제표,21739463482.0,56171983500.0,-15975202007.0,8004566211.0,수익(매출액),영업이익(손실),제 33 기,제 32 기
00197759,미래산업,025560,2024,연결재무제표,27041833124.0,21739463482.0,12121165328.0,-15975202007.0,수익(매출액),영업이익(손실),제 34 기,제 33 기
00197759,미래산업,025560,2025,연결재무제표,50777866585.0,27041833124.0,9142654995.0,12121165328.0,수익(매출액),영업이익(손실),제 35 기,제 34 기
01071944,미래생명자원,218150,2023,연결재무제표,60015912443.0,75635321633.0,20185933.0,1582783593.0,매출액,영업이익,제 9 기,제 8 기
01071944,미래생명자원,218150,2024,연결재무제표,62453269047.0,60015912443.0,183738401.0,20185933.0,매출액,영업이익,제 10 기,제 9 기
01071944,미래생명자원,218150,2025,연결재무제표,67554559835.0,62453269047.0,-1442979294.0,183738401.0,매출액,영업이익,제 11 기,제 10 기
00104786,미래아이앤지,007120,2023,별도재무제표,13025586982.0,12828359269.0,3232556343.0,3105522387.0,수익(매출액),영업이익(손실),제 53 기,제 52 기
00104786,미래아이앤지,007120,2024,별도재무제표,11702648807.0,13025586982.0,2013077715.0,3232556343.0,매출액,영업이익,제 54 기,제 53 기
00104786,미래아이앤지,007120,2025,별도재무제표,14128766686.0,11702648807.0,3798690087.0,2013077715.0,매출액,영업이익,제 55 기,제 54 기
01576102,미래에셋글로벌리츠,396690,2023,연결재무제표,12546165194.0,13638749310.0,4417222814.0,4023893079.0,영업수익,영업이익(손실),제 4 기,제 3 기
01576102,미래에셋글로벌리츠,396690,2024,연결재무제표,12752315741.0,11162473833.0,4247765372.0,2859278478.0,영업수익,영업이익(손실),제 6 기,제 5 기
01576102,미래에셋글로벌리츠,396690,2025,연결재무제표,12192220640.0,12655261267.0,-2512882750.0,4265383515.0,영업수익,영업이익(손실),제 8 기,제 7 기
01437292,미래에셋맵스리츠,357250,2023,별도재무제표,10908521649.0,6007231580.0,8097481866.0,3889888694.0,영업수익,영업이익(손실),제 7 기,제 6 기
01437292,미래에셋맵스리츠,357250,2024,별도재무제표,6884641520.0,6554261130.0,4012458888.0,4291785594.0,영업수익,영업이익(손실),제 9 기,제 8 기
01437292,미래에셋맵스리츠,357250,2025,별도재무제표,6921621130.0,6988061646.0,4089015610.0,4738450881.0,영업수익,영업이익(손실),제 11 기,제 10 기
00340096,미래에셋벤처투자,100790,2023,연결재무제표,217046631995.0,217962576104.0,31925038386.0,59191991554.0,I. 영업수익,III. 영업이익,제 25 기,제 24 기
00340096,미래에셋벤처투자,100790,2024,연결재무제표,233872469347.0,217046631995.0,15704108860.0,31925038386.0,I. 영업수익,III. 영업이익,제 26 기,제 25 기
00340096,미래에셋벤처투자,100790,2025,연결재무제표,239848243971.0,233872469347.0,35116207413.0,15704108860.0,I. 영업수익,III. 영업이익,제 27 기,제 26 기
01814233,미래에셋비전스팩4호,477380,2025,별도재무제표,0.0,0.0,-40467887.0,-39106670.0,영업수익,영업이익(손실),제 2 기,제 1 기
01819867,미래에셋비전스팩6호,478440,2025,별도재무제표,0.0,0.0,-38624560.0,-27758840.0,영업수익,영업이익(손실),제 2 기,제 1 기
00112332,미래에셋생명,085620,2023,연결재무제표,4134440836729.0,5255474909452.0,169121164894.0,162393727744.0,투자영업수익,영업이익(손실),제 37 기,제 36 기
00112332,미래에셋생명,085620,2024,연결재무제표,8143721493.0,6262990117.0,122130494168.0,148725698701.0,영업외수익,영업이익(손실),제 38 기,제 37 기
00112332,미래에셋생명,085620,2025,연결재무제표,13581304520.0,8143721493.0,194511640633.0,122130494168.0,영업외수익,영업이익(손실),제 39 기,제 38 기
00111722,미래에셋증권,006800,2023,연결재무제표,20359463366897.0,19161174666050.0,521036811624.0,835559587337.0,영업수익,영업이익,제 55 기,제 54 기
00111722,미래에셋증권,006800,2024,연결재무제표,22242327609027.0,20359463366897.0,1188076348199.0,521036811624.0,영업수익,영업이익,제 56 기,제 55 기
00111722,미래에셋증권,006800,2025,연결재무제표,29283028000000.0,22242327000000.0,1915104000000.0,1188076000000.0,영업수익,영업이익,제 57 기,제 56 기
00447760,미래컴퍼니,049950,2023,연결재무제표,109474293439.0,154857082271.0,-1745963585.0,25522241546.0,수익(매출액),영업이익(손실),제 31 기,제 30 기
00447760,미래컴퍼니,049950,2024,연결재무제표,67278649399.0,109474293439.0,-16814682582.0,-1745963585.0,수익(매출액),영업이익(손실),제 32 기,제 31 기
00447760,미래컴퍼니,049950,2025,연결재무제표,40897794013.0,67278649399.0,-24695644553.0,-16814682582.0,수익(매출액),영업이익(손실),제 33 기,제 32 기
01047840,미스터블루,207760,2023,연결재무제표,74126065820.0,77157401313.0,694659937.0,7440975335.0,매출액,영업이익(손실),제 10 기,제 9 기
01047840,미스터블루,207760,2024,연결재무제표,70341804726.0,74126065820.0,-13552961926.0,694659937.0,매출액,영업이익(손실),제 11 기,제 10 기
01047840,미스터블루,207760,2025,연결재무제표,67463445141.0,70341804726.0,-2457410069.0,-13552961926.0,매출액,영업이익(손실),제 12 기,제 11 기
00195229,미스토홀딩스,081660,2023,연결재무제표,4006627455519.0,4221750126628.0,303493542620.0,435072372234.0,매출,영업이익(손실),제 34 기,제 33 기
00195229,미스토홀딩스,081660,2024,연결재무제표,4268743012835.0,4006627455519.0,360803535166.0,303493542620.0,매출,영업이익,제 35 기,제 34 기
00195229,미스토홀딩스,081660,2025,연결재무제표,4468646269416.0,4268743012835.0,474780974997.0,360803535166.0,매출,영업이익,제 36 기,제 35 기
00121932,미원상사,002840,2023,연결재무제표,421367350652.0,438188003964.0,67238827320.0,77015585495.0,수익(매출액),영업이익(손실),제 65 기,제 64 기
00121932,미원상사,002840,2024,연결재무제표,435797799410.0,421367350652.0,59945950557.0,67238827320.0,매출액,영업이익,제 66 기,제 65 기
00121932,미원상사,002840,2025,연결재무제표,441137509663.0,435797799410.0,43607590772.0,59945950557.0,매출액,영업이익,제 67 기,제 66 기
01234297,미원에스씨,268280,2023,연결재무제표,437672918321.0,611649824176.0,22527162446.0,80853449953.0,매출액,영업이익(손실),제 7 기,제 6 기
01234297,미원에스씨,268280,2024,연결재무제표,509267220489.0,437672918321.0,58767118333.0,22527162446.0,매출액,영업이익(손실),제 8 기,제 7 기
01234297,미원에스씨,268280,2025,연결재무제표,532122514140.0,509267220489.0,65482438995.0,58767118333.0,수익(매출액),영업이익(손실),제 9 기,제 8 기
00706715,미원홀딩스,107590,2023,연결재무제표,443162257779.0,499293421104.0,15564411112.0,22840986830.0,수익(매출액),영업이익(손실),제 15 기,제 14 기
00706715,미원홀딩스,107590,2024,연결재무제표,476575958592.0,443162257779.0,23033364411.0,15564411112.0,수익(매출액),영업이익(손실),제 16 기,제 15 기
00706715,미원홀딩스,107590,2025,연결재무제표,492717916275.0,476575958592.0,20345735531.0,23033364411.0,수익(매출액),영업이익(손실),제 17 기,제 16 기
00855163,미원화학,134380,2023,별도재무제표,232615760275.0,235165568356.0,24913393981.0,18983200277.0,매출,영업이익,제 13 기,제 12 기
00855163,미원화학,134380,2024,별도재무제표,256110289517.0,232615760275.0,28634790078.0,24913393981.0,매출,영업이익,제 14 기,제 13 기
00855163,미원화학,134380,2025,별도재무제표,284512419024.0,256110289517.0,29153781514.0,28634790078.0,매출,영업이익,제 15 기,제 14 기
01547933,미쥬,351020,2023,별도재무제표,23149367737.0,19317017093.0,1253340045.0,1080483831.0,수익(매출액),영업이익(손실),제 11 기,제 10 기
01547933,미쥬,351020,2024,연결재무제표,30817842424.0,23149367737.0,1476377773.0,1253340045.0,수익(매출액),영업이익(손실),제 12 기,제 11 기
01547933,미쥬,351020,2025,연결재무제표,35180813724.0,30817842424.0,1059359546.0,1476377773.0,수익(매출액),영업이익(손실),제 13 기,제 12 기
00122056,미창석유공업,003650,2023,연결재무제표,409234735562.0,418789690050.0,47989880016.0,44004543908.0,수익(매출액),영업이익(손실),제 59 기,제 58 기
00122056,미창석유공업,003650,2024,별도재무제표,431941622345.0,409234735562.0,45639201298.0,47989880016.0,수익(매출액),영업이익(손실),제 60 기,제 59 기
00122056,미창석유공업,003650,2025,별도재무제표,405486654859.0,431941622345.0,34552364423.0,45639201298.0,매출액,영업이익,제 61 기,제 60 기
00366942,미코,059090,2023,연결재무제표,387340942797.0,414832269255.0,21111259627.0,64273149352.0,매출액,영업이익,제 25 기,제 24 기
00366942,미코,059090,2024,연결재무제표,540504643904.0,381655137380.0,94633945006.0,29899274316.0,매출액,영업이익,제 26 기,제 25 기
00366942,미코,059090,2025,연결재무제표,977036793661.0,540504643904.0,101004245476.0,94633945006.0,매출액,영업이익,제 27 기,제 26 기
00965813,미투온,201490,2023,연결재무제표,108995415070.0,112012049143.0,22131483080.0,27025243520.0,매출액,영업이익(손실),제 14 기,제 13 기
00965813,미투온,201490,2024,연결재무제표,94315651595.0,108995415070.0,11811385928.0,22131483080.0,매출액,영업이익(손실),제 15 기,제 14 기
00965813,미투온,201490,2025,연결재무제표,120923979226.0,94315651595.0,12612285137.0,11811385928.0,매출액,영업이익(손실),제 16 기,제 15 기
01374717,미트박스,475460,2024,연결재무제표,110262919538.0,66913697365.0,3119147742.0,2601553297.0,영업수익,영업이익(손실),제 11 기,제 10 기
01374717,미트박스,475460,2025,연결재무제표,135593979851.0,110262919538.0,2906042515.0,3119147742.0,영업수익,영업이익(손실),제 12 기,제 11 기
01689035,민테크,452200,2024,별도재무제표,20859463181.0,17547074779.0,-10963161064.0,-6601201688.0,수익(매출액),영업이익(손실),제 10 기,제 9 기
01689035,민테크,452200,2025,별도재무제표,21016073455.0,20859463181.0,-8799971500.0,-10963161064.0,수익(매출액),영업이익(손실),제 11 기,제 10 기
01046708,바디텍메드,206640,2023,연결재무제표,134219239677.0,118076842537.0,28476969172.0,24671164725.0,매출액,영업이익(손실),제 10 기,제 9 기
01046708,바디텍메드,206640,2024,연결재무제표,138160173429.0,134219239677.0,26150858416.0,28476969172.0,매출액,영업이익(손실),제 11 기,제 10 기
01046708,바디텍메드,206640,2025,연결재무제표,162093303707.0,138160173429.0,28940373359.0,26150858416.0,수익(매출액),영업이익(손실),제 12 기,제 11 기
00259590,바른손이앤에이,035620,2023,연결재무제표,23670251801.0,26032765108.0,-4824155195.0,-4223014991.0,영업수익,영업이익(손실),제 27 기,제 26 기
00259590,바른손이앤에이,035620,2024,연결재무제표,9488644875.0,23670251801.0,-266076028.0,-4824155195.0,수익 합계,영업이익(손실),제 28 기,제 27 기
00259590,바른손이앤에이,035620,2025,연결재무제표,11603958770.0,9488644875.0,-2276213982.0,-266076028.0,매출액,영업이익(손실),제 29 기,제 28 기
00216027,바이넥스,053030,2023,연결재무제표,154824775515.0,156677024474.0,1042263178.0,17179140962.0,매출액,영업이익,제 39 기,제 38 기
00216027,바이넥스,053030,2024,연결재무제표,130050545617.0,154824775515.0,-30754995522.0,1042263178.0,매출액,영업이익(손실),제 40 기,제 39 기
00216027,바이넥스,053030,2025,연결재무제표,168474906148.0,130050545617.0,-4534783893.0,-30754995522.0,수익(매출액),영업이익(손실),제 41 기,제 40 기
00403793,바이브컴퍼니,301300,2023,연결재무제표,29977118711.0,34447925677.0,-9225955061.0,-13863107043.0,매출액,영업이익(손실),제 24 기,제 23 기
00403793,바이브컴퍼니,301300,2024,연결재무제표,26341324113.0,29977118711.0,-5992179894.0,-9225955061.0,매출액,영업이익(손실),제 25 기,제 24 기
00403793,바이브컴퍼니,301300,2025,연결재무제표,19009260214.0,26341324113.0,-3755320826.0,-5992179894.0,매출액,영업이익(손실),제 26 기,제 25 기
00622787,바이오노트,377740,2023,연결재무제표,90080965589.0,479657089813.0,-47041101526.0,295409547762.0,수익(매출액),영업이익(손실),제 21 기,제 20 기
00622787,바이오노트,377740,2024,연결재무제표,102780333919.0,90080965589.0,12215167998.0,-47041101526.0,수익(매출액),영업이익(손실),제 22 기,제 21 기
00622787,바이오노트,377740,2025,연결재무제표,118323544203.0,102780333919.0,16705690020.0,12215167998.0,매출,영업이익,제 23 기,제 22 기
00326731,바이오니아,064550,2023,연결재무제표,263236802636.0,218394453243.0,791752829.0,11539662692.0,매출액,영업이익(손실),제 32 기,제 31 기
00326731,바이오니아,064550,2024,연결재무제표,293975485094.0,263236802636.0,-13416567799.0,791752829.0,매출액,영업이익(손실),제 33 기,제 32 기
00326731,바이오니아,064550,2025,연결재무제표,330110657768.0,293975485094.0,15225442003.0,-13416567799.0,수익(매출액),영업이익(손실),제 34 기,제 33 기
01117413,바이오다인,314930,2023,별도재무제표,4088693758.0,12210425936.0,-2050797880.0,6683364320.0,매출,영업이익(손실),제 25 기,제 24 기
01117413,바이오다인,314930,2024,별도재무제표,5271365360.0,4088693758.0,-1729805073.0,-2050797880.0,매출,영업이익(손실),제 26 기,제 25 기
01117413,바이오다인,314930,2025,연결재무제표,7027675925.0,5271365360.0,652257064.0,-1729805073.0,매출,영업이익(손실),제 27 기,제 26 기
01657197,바이오비쥬,489460,2025,연결재무제표,28490907891.0,29633293971.0,4227326924.0,9226974128.0,매출액,영업이익,제 8 기,제 7 기
00560982,바이오솔루션,086820,2023,별도재무제표,12461714311.0,10101642600.0,-5031913380.0,-5288829779.0,수익(매출액),영업이익(손실),제 24 기,제 23 기
00560982,바이오솔루션,086820,2024,별도재무제표,12888526978.0,12461714311.0,-5069222611.0,-5142015726.0,수익(매출액),영업이익(손실),제 25 기,제 24 기
00560982,바이오솔루션,086820,2025,연결재무제표,15199886701.0,12888526978.0,-4340637927.0,-5069222611.0,수익(매출액),영업이익(손실),제 26 기,제 25 기
00240857,바이오스마트,038460,2023,연결재무제표,456164440535.0,391821770039.0,10085424100.0,10150504780.0,매출액,영업손익,제 38 기,제 37 기
00240857,바이오스마트,038460,2024,연결재무제표,484309653002.0,456164440535.0,20235103005.0,10085424100.0,매출액,영업손익,제 39 기,제 38 기
00240857,바이오스마트,038460,2025,연결재무제표,482775592982.0,484309653002.0,22569241564.0,20235103005.0,매출액,영업손익,제 40 기,제 39 기
01160974,바이오에프디엔씨,251120,2023,별도재무제표,15592090130.0,15855322578.0,5034000925.0,4880635433.0,수익(매출액),영업이익(손실),제 19 기,제 18 기
01160974,바이오에프디엔씨,251120,2024,별도재무제표,16066431824.0,15592090130.0,4852581238.0,5034000925.0,수익(매출액),영업이익(손실),제 20 기,제 19 기
01160974,바이오에프디엔씨,251120,2025,별도재무제표,19179051492.0,16066431824.0,6252759756.0,4852581238.0,수익(매출액),영업이익(손실),제 21 기,제 20 기
01110058,바이오인프라,199730,2023,별도재무제표,30128735340.0,35427367537.0,1305211809.0,6360196426.0,Ⅰ.매출액,IV.영업이익,제 17 기,제 16 기
01110058,바이오인프라,199730,2024,별도재무제표,23833208627.0,30128735340.0,-5116782778.0,1305211809.0,Ⅰ.매출액,IV.영업이익(손실),제 18 기,제 17 기
01110058,바이오인프라,199730,2025,별도재무제표,23148010709.0,23833208627.0,-6276773124.0,-5116782778.0,Ⅰ.매출액,IV.영업이익(손실),제 19 기,제 18 기
00447502,바이오톡스텍,086040,2023,연결재무제표,32630975729.0,37291741895.0,-8187050049.0,800048038.0,수익(매출액),영업이익(손실),제 24 기,제 23 기
00447502,바이오톡스텍,086040,2024,연결재무제표,41341487921.0,32630975729.0,-8878598647.0,-8187050049.0,수익(매출액),영업이익(손실),제 25 기,제 24 기
00447502,바이오톡스텍,086040,2025,연결재무제표,47016636307.0,41341487921.0,-4809780531.0,-8878598647.0,수익(매출액),영업이익(손실),제 26 기,제 25 기
01157846,바이오포트,188040,2024,연결재무제표,73346275464.0,68699069507.0,5240027576.0,4919170014.0,수익(매출액),영업이익(손실),제 21 기,제 20 기
01157846,바이오포트,188040,2025,연결재무제표,70879747598.0,73346275464.0,830046239.0,5240027576.0,수익(매출액),영업이익(손실),제 22 기,제 21 기
00636656,바이오플러스,099430,2023,연결재무제표,65042901061.0,56718818557.0,28025617245.0,25271435156.0,매출액,영업이익(손실),제 21 기,제 20 기
00636656,바이오플러스,099430,2024,연결재무제표,66409594582.0,65042901061.0,23667463055.0,28025617245.0,매출액,영업이익(손실),제 22 기,제 21 기
00636656,바이오플러스,099430,2025,연결재무제표,90896012971.0,66409594582.0,15005249608.0,23667463055.0,수익(매출액),영업이익(손실),제 23 기,제 22 기
00232089,바이온,032980,2023,연결재무제표,8889038206.0,12876707254.0,-6630325912.0,-7225957369.0,수익(매출액),영업이익(손실),제 42 기,제 41 기
00232089,바이온,032980,2024,연결재무제표,26955800348.0,8889038206.0,-3251871916.0,-6630325912.0,매출액,영업이익(손실),제 43 기,제 42 기
00232089,바이온,032980,2025,연결재무제표,20595859527.0,26955800348.0,-1796212791.0,-3251871916.0,매출액,영업이익(손실),제 44 기,제 43 기
01335790,바이젠셀,308080,2023,연결재무제표,0.0,0.0,-20084446567.0,-18213756319.0,수익(매출액),영업손실,제 11 기,제 10 기
01335790,바이젠셀,308080,2024,연결재무제표,278946254.0,0.0,-15330478633.0,-20084446567.0,수익(매출액),영업손실,제 12 기,제 11 기
01335790,바이젠셀,308080,2025,별도재무제표,22674300.0,278946254.0,-17108466056.0,-15330478633.0,수익(매출액),영업손실,제 13 기,제 12 기
00264255,바텍,043150,2023,연결재무제표,384945119813.0,395055994504.0,64041668323.0,79637704891.0,수익(매출액),영업이익(손실),제 32 기,제 31 기
00264255,바텍,043150,2024,연결재무제표,385194634066.0,384945119813.0,53962978706.0,64041668323.0,수익(매출액),영업이익(손실),제 33 기,제 32 기
00264255,바텍,043150,2025,연결재무제표,426416122877.0,385194634066.0,54779179042.0,53962978706.0,매출액,영업이익,제 34 기,제 33 기
01335851,박셀바이오,323990,2024,별도재무제표,1898934365.0,13723327.0,-15037699414.0,-11507176671.0,매출액,영업이익(손실),제 15 기,제 14 기
01335851,박셀바이오,323990,2025,별도재무제표,7056291555.0,1898934365.0,-15498287282.0,-15037699414.0,매출액,영업이익(손실),제 16 기,제 15 기
00122348,방림,003610,2023,연결재무제표,131921584650.0,155768173455.0,-4119487210.0,2149732669.0,수익(매출액),영업이익(손실),제 62 기,제 61 기
00122348,방림,003610,2024,연결재무제표,110595886622.0,131921584650.0,-3270147637.0,-4119487210.0,수익(매출액),영업이익(손실),제 63 기,제 62 기
00122348,방림,003610,2025,연결재무제표,122527094021.0,110595886622.0,1121307590.0,-3270147637.0,수익(매출액),영업이익(손실),제 64 기,제 63 기
01182240,배럴,267790,2023,연결재무제표,58163177764.0,38031771170.0,8503098170.0,-4333333786.0,매출액,영업이익(손실),제 14 기,제 13 기
01182240,배럴,267790,2024,연결재무제표,64445966180.0,58163177764.0,9080346867.0,8503098170.0,매출액,영업이익(손실),제 15 기,제 14 기
01182240,배럴,267790,2025,연결재무제표,59192865808.0,64445966180.0,6645431683.0,9080346867.0,매출액,영업이익,제 16 기,제 15 기
00360036,백금T&A,046310,2023,연결재무제표,170733617690.0,147603183932.0,17094548304.0,15339889216.0,매출액,영업이익(손실),제 27 기,제 26 기
00360036,백금T&A,046310,2024,연결재무제표,152492730341.0,170733617690.0,12733328552.0,17094548304.0,매출액,영업이익(손실),제 28 기,제 27 기
00360036,백금T&A,046310,2025,연결재무제표,148922256530.0,152492730341.0,6790460254.0,12733328552.0,매출액,영업이익(손실),제 29 기,제 28 기
00122551,백산,035150,2023,연결재무제표,417721809967.0,475895240622.0,53146153914.0,50295977243.0,매출액,영업이익,제 38 기,제 37 기
00122551,백산,035150,2024,연결재무제표,496957597172.0,417721809967.0,76531450918.0,53146153914.0,매출액,영업이익,제 39 기,제 38 기
00122551,백산,035150,2025,연결재무제표,504921990788.0,496957597172.0,53601098786.0,76531450918.0,매출액,영업이익,제 40 기,제 39 기
01398151,밸로프,331520,2023,연결재무제표,35972131511.0,30030226516.0,228744749.0,3005708589.0,영업수익,영업이익(손실),제 5 기,제 4 기
01398151,밸로프,331520,2024,연결재무제표,35589253012.0,35972131511.0,-194541468.0,228744749.0,영업수익,영업이익(손실),제 6 기,제 5 기
01398151,밸로프,331520,2025,연결재무제표,37833534051.0,35589253012.0,2878432232.0,-194541468.0,영업수익,영업이익(손실),제 7 기,제 6 기
01138595,뱅크웨어글로벌,199480,2024,연결재무제표,50200792001.0,72913766913.0,-14933898549.0,-4556157069.0,수익(매출액),영업이익(손실),제 16 기,제 15 기
01138595,뱅크웨어글로벌,199480,2025,연결재무제표,63448191187.0,50200792001.0,-4381350455.0,-14933898549.0,수익(매출액),영업이익(손실),제 17 기,제 16 기
01605529,버넥트,438700,2023,연결재무제표,6501962372.0,5056493961.0,-11308437688.0,-14142263265.0,영업수익,영업손실,제 8 기,제 7 기
01605529,버넥트,438700,2024,연결재무제표,4599199409.0,6501962372.0,-12697077036.0,-11308437688.0,영업수익,영업손실,제 9 기,제 8 기
01605529,버넥트,438700,2025,연결재무제표,3097045412.0,4599199409.0,-8490874140.0,-12697077036.0,영업수익,영업손실,제 10 기,제 9 기
00378220,버킷스튜디오,066410,2023,연결재무제표,18890365556.0,24369046148.0,-6521048976.0,-6020543726.0,매출액,영업이익(손실),제 25 기,제 24 기
00378220,버킷스튜디오,066410,2024,연결재무제표,17461234199.0,17184632869.0,-8262313074.0,-7418746686.0,수익(매출액),영업이익(손실),제 26 기,제 25 기
00378220,버킷스튜디오,066410,2025,연결재무제표,17273408347.0,17461234199.0,-6182990399.0,-8262313074.0,수익(매출액),영업이익(손실),제 27 기,제 26 기
00122694,범양건영,002410,2023,연결재무제표,120763371366.0,119750819393.0,-10434014937.0,-12326103597.0,Ⅰ.매출액,IV.영업이익,제 66 기,제 65 기
00122694,범양건영,002410,2024,연결재무제표,101357084787.0,120763371366.0,-38232332659.0,-10434014937.0,매출액,영업이익(손실),제 67 기,제 66 기
00122694,범양건영,002410,2025,연결재무제표,71843235941.0,101357084787.0,-51309381647.0,-38232332659.0,매출액,영업이익(손실),제 68 기,제 67 기
01435489,범한퓨얼셀,382900,2023,연결재무제표,30515676816.0,50661225504.0,-5240371930.0,1309945938.0,매출액,영업이익(손실),제 5 기,제 4 기
01435489,범한퓨얼셀,382900,2024,연결재무제표,36194682101.0,30515676816.0,2411135122.0,-5240371930.0,매출액,영업이익(손실),제 6 기,제 5 기
01435489,범한퓨얼셀,382900,2025,연결재무제표,43361093941.0,36194682101.0,857853132.0,2411135122.0,매출,영업이익(손실),제 7 기,제 6 기
01043853,베노티앤알,206400,2023,연결재무제표,9916844608.0,21796866525.0,-7013194952.0,-1910517180.0,매출액,영업이익(손실),제 10 기,제 9 기
01043853,베노티앤알,206400,2024,연결재무제표,25295387824.0,9916844608.0,-9704012940.0,-7013194952.0,매출액,영업이익(손실),제 11 기,제 10 기
01043853,베노티앤알,206400,2025,연결재무제표,4774718589.0,25295387824.0,-5361474305.0,-9704012940.0,매출액,영업이익(손실),제 12 기,제 11 기
00267906,베뉴지,019010,2023,연결재무제표,65047220575.0,58927664725.0,9216525312.0,11290659528.0,수익(매출액),영업이익(손실),제 45 기,제 44 기
00267906,베뉴지,019010,2024,연결재무제표,70124154953.0,65047220575.0,17818720567.0,9216525312.0,수익(매출액),영업이익(손실),제 46 기,제 45 기
00267906,베뉴지,019010,2025,연결재무제표,48243436044.0,47884999465.0,15045324725.0,18433770269.0,매출액,영업이익,제 47 기,제 46 기
00813389,베셀,177350,2023,연결재무제표,26135468474.0,44128091436.0,-13127082607.0,-6980251012.0,매출액,영업손실,제 20 기,제 19 기
00813389,베셀,177350,2024,연결재무제표,25708184138.0,26135468474.0,-11718044847.0,-13127082607.0,매출액,영업손실,제 21 기,제 20 기
00813389,베셀,177350,2025,연결재무제표,16571060267.0,25708184138.0,-2612648469.0,-11718044847.0,매출액,영업이익(손실),제 22 기,제 21 기
01453944,벡트,457600,2024,연결재무제표,64679463948.0,68878478835.0,-1284400658.0,4023095491.0,매출액,영업이익(손실),제 19 기,제 18 기
01453944,벡트,457600,2025,연결재무제표,44543769991.0,64679463948.0,-3428667822.0,-1284400658.0,수익(매출액),영업이익(손실),제 20 기,제 19 기
01622331,벨로크,424760,2023,별도재무제표,26394298398.0,27210184668.0,-366356900.0,1616255773.0,매출액,영업이익(손실),제 2 기,제 1 기
01622331,벨로크,424760,2024,별도재무제표,30866527663.0,26394298398.0,-1964998714.0,-366356900.0,매출액,영업이익(손실),제 3 기,제 2 기
01622331,벨로크,424760,2025,별도재무제표,35382252329.0,30866527663.0,877307139.0,-1964998714.0,매출액,영업이익(손실),제 4 기,제 3 기
00122898,벽산,007210,2023,연결재무제표,620719684691.0,519886002844.0,44748806752.0,18828034737.0,수익(매출액),영업이익(손실),제 53 기,제 52 기
00122898,벽산,007210,2024,연결재무제표,643093353897.0,620719684691.0,25722925299.0,44748806752.0,수익(매출액),영업이익(손실),제 54 기,제 53 기
00122898,벽산,007210,2025,연결재무제표,610688417236.0,643093353897.0,23273390192.0,25722925299.0,수익(매출액),영업이익(손실),제 55 기,제 54 기
01124680,보라티알,250000,2023,연결재무제표,76914485270.0,69472275173.0,13072198389.0,10605291100.0,매출액,영업이익,제 9 기,제 8 기
01124680,보라티알,250000,2024,연결재무제표,91394354884.0,76914485270.0,12803289403.0,13072198389.0,매출,영업이익,제 10 기,제 9 기
01124680,보라티알,250000,2025,연결재무제표,102296135358.0,91394354884.0,9147418119.0,12803289403.0,매출,영업이익(손실),제 11 기,제 10 기
00123107,보락,002760,2023,별도재무제표,46773797129.0,48434715670.0,505610730.0,3282891685.0,매출,영업이익(손실),제 61 기,제 60 기
00123107,보락,002760,2024,별도재무제표,47600285853.0,46773797129.0,-1791904067.0,505610730.0,매출액,영업이익(손실),제 62 기,제 61 기
00123107,보락,002760,2025,별도재무제표,50115779158.0,47600285853.0,2230124830.0,-1791904067.0,수익(매출액),영업이익(손실),제 63 기,제 62 기
00123143,보령,003850,2023,연결재무제표,859625585767.0,760475844693.0,68267020613.0,56602877310.0,매출액,영업이익,제 60 기,제 59 기
00123143,보령,003850,2024,연결재무제표,1017106670442.0,859625585767.0,70472227261.0,68267020613.0,수익(매출액),영업이익,제 61 기,제 60 기
00123143,보령,003850,2025,연결재무제표,1017427357548.0,1017106670442.0,65066733505.0,70472227261.0,매출액,영업이익,제 62 기,제 61 기
01327746,보로노이,310210,2023,연결재무제표,0.0,9767826850.0,-31335510474.0,-17863480687.0,영업수익,영업이익(손실),제 9 기,제 8 기
01327746,보로노이,310210,2024,연결재무제표,0.0,0.0,-36339049690.0,-31335510474.0,영업수익,영업이익(손실),제 10 기,제 9 기
01327746,보로노이,310210,2025,연결재무제표,7512306000.0,0.0,-54384535976.0,-36339049690.0,영업수익,영업이익(손실),제 11 기,제 10 기
00267881,보성파워텍,006910,2023,별도재무제표,78494668722.0,54198727500.0,3348741161.0,-4492911539.0,수익(매출액),영업이익(손실),제 55 기,제 54 기
00267881,보성파워텍,006910,2024,별도재무제표,77062181417.0,78494668722.0,4824105984.0,3348741161.0,수익(매출액),영업이익(손실),제 56 기,제 55 기
00267881,보성파워텍,006910,2025,별도재무제표,147486453767.0,77062181417.0,26805989959.0,4824105984.0,수익(매출액),영업이익(손실),제 57 기,제 56 기
00123541,보해양조,000890,2023,연결재무제표,93084785144.0,90858780910.0,-2803701933.0,61880701.0,매출,영업이익(손실),제 72 기,제 71 기
00123541,보해양조,000890,2024,연결재무제표,87624248943.0,93084785144.0,2300656654.0,-2803701933.0,매출,영업이익(손실),제 73 기,제 72 기
00123541,보해양조,000890,2025,별도재무제표,89878693356.0,87624248943.0,3812302057.0,2300656654.0,매출,영업이익(손실),제 74 기,제 73 기
01098792,본느,226340,2023,연결재무제표,72910268640.0,60720302228.0,6736412730.0,735167461.0,매출액,영업이익(손실),제 9 기,제 8 기
01098792,본느,226340,2024,연결재무제표,68713049924.0,72910268640.0,1722488557.0,6736412730.0,매출액,영업이익(손실),제 10 기,제 9 기
01098792,본느,226340,2025,연결재무제표,46013164919.0,68713049924.0,-8329529377.0,1722488557.0,매출액,영업이익(손실),제 11 기,제 10 기
00123718,부광약품,003000,2023,연결재무제표,125928240771.0,190909364530.0,-37496760003.0,-230635598.0,매출액,영업손실,제 64 기,제 63 기
00123718,부광약품,003000,2024,연결재무제표,160086870107.0,125928240771.0,1617661424.0,-37496760003.0,매출액,영업이익(손실),제 65 기,제 64 기
00123718,부광약품,003000,2025,연결재무제표,200714183691.0,160086870107.0,14163801286.0,1617661424.0,영업수익,영업이익(손실),제 66 기,제 65 기
00123772,부국증권,001270,2023,연결재무제표,815040553001.0,983407272978.0,69108709126.0,60450553818.0,I. 영업수익,III. 영업이익,제 70 기,제 69 기
00123772,부국증권,001270,2024,연결재무제표,779174975982.0,815040553001.0,36674404410.0,69108709126.0,I. 영업수익,III. 영업이익,제 71 기,제 70 기
00123772,부국증권,001270,2025,연결재무제표,965463610904.0,779174975982.0,56777193314.0,36674404410.0,I. 영업수익,III. 영업이익,제 72 기,제 71 기
00123781,부국철강,026940,2023,별도재무제표,191434539427.0,209727335869.0,2416388602.0,5922305967.0,수익(매출액),영업이익(손실),제 48 기,제 47 기
00123781,부국철강,026940,2024,별도재무제표,181818473591.0,191434539427.0,95602164.0,2416388602.0,수익(매출액),영업이익(손실),제 49 기,제 48 기
00123781,부국철강,026940,2025,별도재무제표,179910680270.0,181818473591.0,262298378.0,95602164.0,수익(매출액),영업이익(손실),제 50 기,제 49 기
00243067,부방,014470,2023,연결재무제표,331046894011.0,338458898642.0,-342355688.0,915792675.0,수익(매출액),영업이익(손실),제 45 기,제 44 기
00243067,부방,014470,2024,연결재무제표,336461943123.0,331046894011.0,4873277070.0,-342355688.0,수익(매출액),영업이익(손실),제 46 기,제 45 기
00243067,부방,014470,2025,연결재무제표,319483898417.0,336461943123.0,1752619977.0,4873277070.0,매출액,영업이익(손실),제 47 기,제 46 기
00124027,부산산업,011390,2023,연결재무제표,140483423894.0,152610203139.0,7151160981.0,5259376581.0,매출액,영업이익(손실),제 48 기,제 47 기
00124027,부산산업,011390,2024,연결재무제표,124105964709.0,140483423894.0,3356780182.0,7151160981.0,매출액,영업이익(손실),제 49 기,제 48 기
00124027,부산산업,011390,2025,연결재무제표,107530892128.0,124105964709.0,-2770874013.0,3356780182.0,매출액,영업이익(손실),제 50 기,제 49 기
00124106,부산은행,005280,2023,연결재무제표,15284629516.0,56021231683.0,434711226437.0,601227456784.0,기타영업수익,영업이익(손실),제 67 기,제 66 기
00124106,부산은행,005280,2024,연결재무제표,16844851689.0,15284629516.0,452593048153.0,434711226437.0,기타영업수익,영업이익(손실),제 68 기,제 67 기
00124106,부산은행,005280,2025,연결재무제표,22279535210.0,16844851689.0,503414952215.0,452593048153.0,기타영업수익,영업이익(손실),제 69 기,제 68 기
00124151,부산주공,005030,2023,별도재무제표,241720629111.0,230549455752.0,364369139.0,-6463260656.0,수익(매출액),영업이익(손실),제 57 기,제 56 기
00124151,부산주공,005030,2024,별도재무제표,213030180079.0,241720629111.0,7334415211.0,364369139.0,수익(매출액),영업이익(손실),제 58 기,제 57 기
00124151,부산주공,005030,2025,별도재무제표,195406166736.0,213030180079.0,578079523.0,7334415211.0,수익(매출액),영업이익(손실),제 59 기,제 58 기
00124276,부스타,008470,2023,연결재무제표,101060228361.0,91869520499.0,1540087069.0,-3307478717.0,수익(매출액),영업이익(손실),제 51 기,제 50 기
00124276,부스타,008470,2024,연결재무제표,106182807740.0,101060228361.0,231513742.0,1540087069.0,수익(매출액),영업이익(손실),제 52 기,제 51 기
00124276,부스타,008470,2025,연결재무제표,120761096176.0,106182807740.0,1812628245.0,231513742.0,수익(매출액),영업이익(손실),제 53 기,제 52 기
01344202,뷰노,338220,2023,연결재무제표,13275892081.0,8274530575.0,-15675806109.0,-15366682625.0,영업수익,영업이익(손실),제 10 기,제 9 기
01344202,뷰노,338220,2024,연결재무제표,25869420408.0,13275892081.0,-12450008523.0,-15675806109.0,영업수익,영업이익(손실),제 11 기,제 10 기
01344202,뷰노,338220,2025,연결재무제표,34847834702.0,25869420408.0,-4933322116.0,-12450008523.0,영업수익,영업이익(손실),제 12 기,제 11 기
00609324,뷰웍스,100120,2023,연결재무제표,220250538558.0,237928812618.0,18736462535.0,43658033657.0,매출,영업이익(손실),제 25 기,제 24 기
00609324,뷰웍스,100120,2024,연결재무제표,222898069398.0,220250538558.0,22330975608.0,18736462535.0,매출,영업이익(손실),제 26 기,제 25 기
00609324,뷰웍스,100120,2025,연결재무제표,239334580000.0,222898069398.0,21420223360.0,22330975608.0,수익(매출액),영업이익,제 27 기,제 26 기
01147487,뷰티스킨,406820,2023,연결재무제표,80903510908.0,58936831857.0,-6076737802.0,4046212529.0,수익(매출액),영업이익(손실),제 12 기,제 11 기
01147487,뷰티스킨,406820,2024,연결재무제표,80871329493.0,80903510908.0,-1212644659.0,-6076737802.0,수익(매출액),영업이익(손실),제 13 기,제 12 기
01147487,뷰티스킨,406820,2025,연결재무제표,54922098935.0,80871329493.0,-3158827820.0,-1212644659.0,수익(매출액),영업이익(손실),제 14 기,제 13 기
00642897,브레인즈컴퍼니,099390,2023,연결재무제표,25819289874.0,18252937748.0,3338149750.0,4782130107.0,수익(매출액),영업이익(손실),제 24 기,제 23 기
00642897,브레인즈컴퍼니,099390,2024,연결재무제표,26585842652.0,25819289874.0,3600013187.0,3338149750.0,수익(매출액),영업이익(손실),제 25 기,제 24 기
00642897,브레인즈컴퍼니,099390,2025,연결재무제표,25086446300.0,26585842652.0,2110371551.0,3600013187.0,수익(매출액),영업이익(손실),제 26 기,제 25 기
00359076,브리지텍,064480,2023,별도재무제표,53543737975.0,58935626488.0,4162931035.0,3920387898.0,수익(매출액),영업이익(손실),제 29 기,제 28 기
00359076,브리지텍,064480,2024,별도재무제표,43561219140.0,53543737975.0,-3254900758.0,4162931035.0,수익(매출액),영업이익(손실),제 30 기,제 29 기
00359076,브리지텍,064480,2025,별도재무제표,49677044033.0,43561219140.0,310443458.0,-3254900758.0,수익(매출액),영업이익(손실),제 31 기,제 30 기
01354740,브이씨,365900,2023,연결재무제표,37224393565.0,54343550635.0,-11622553173.0,1270030161.0,매출액,영업이익(손실),제 19 기,제 18 기
01354740,브이씨,365900,2024,연결재무제표,44137058067.0,37224393565.0,-4741646531.0,-11622553173.0,매출액,영업이익(손실),제 20 기,제 19 기
01354740,브이씨,365900,2025,연결재무제표,46898526887.0,44137058067.0,-1482808613.0,-4741646531.0,매출액,영업이익(손실),제 21 기,제 20 기
00544577,브이엠,089970,2023,연결재무제표,26008551330.0,141385258259.0,-10962872787.0,30932088487.0,매출액,영업이익(손실),제 22 기,제 21 기
00544577,브이엠,089970,2024,연결재무제표,70277411560.0,26008551330.0,-8599624774.0,-10962872787.0,매출액,영업이익(손실),제 23 기,제 22 기
00544577,브이엠,089970,2025,연결재무제표,144411787537.0,70277411560.0,24673087730.0,-8599624774.0,매출액,영업이익(손실),제 24 기,제 23 기
01027794,브이원텍,251630,2023,연결재무제표,81783667519.0,59783165596.0,1976702270.0,38008892.0,매출액,영업이익(손실),제 18 기,제 17 기
01027794,브이원텍,251630,2024,연결재무제표,72731874427.0,81783667519.0,-4360100575.0,1976702270.0,매출액,영업이익(손실),제 19 기,제 18 기
01027794,브이원텍,251630,2025,연결재무제표,49002332510.0,72731874427.0,-12829010735.0,-4360100575.0,매출액,영업이익(손실),제 20 기,제 19 기
00150165,브이티,018290,2023,연결재무제표,295501383553.0,240241305569.0,45546613453.0,23552825229.0,수익(매출액),영업이익(손실),제 38 기,제 37 기
00150165,브이티,018290,2024,연결재무제표,431696809961.0,295501383553.0,110898660064.0,45546613453.0,수익(매출액),영업이익(손실),제 39 기,제 38 기
00150165,브이티,018290,2025,연결재무제표,437183656431.0,431696809961.0,82869214759.0,110898660064.0,매출액,영업이익(손실),제 40 기,제 39 기
01718407,블랙야크아이앤씨,478560,2024,별도재무제표,37685839673.0,35201395775.0,8298809997.0,8062066318.0,수익(매출액),영업이익(손실),제 12 기,제 11 기
01718407,블랙야크아이앤씨,478560,2025,연결재무제표,57257917035.0,37685839673.0,9279832558.0,8298809997.0,수익(매출액),영업이익(손실),제 13 기,제 12 기
00141404,블루산업개발,006740,2023,연결재무제표,82568024475.0,105449038864.0,-2992480125.0,7804011246.0,매출액,영업이익(손실),제 54 기,제 53 기
00141404,블루산업개발,006740,2024,연결재무제표,88112890040.0,82568024475.0,-13863126414.0,-2992480125.0,매출액,영업이익(손실),제 55 기,제 54 기
00141404,블루산업개발,006740,2025,연결재무제표,93251674239.0,88112890040.0,-15806498653.0,-13863126414.0,매출액,영업이익,제 56 기,제 55 기
01559637,블루엠텍,439580,2023,별도재무제표,113852749147.0,77146751918.0,1343769502.0,890609048.0,수익 합계,영업이익(손실),제 9 기,제 8 기
01559637,블루엠텍,439580,2024,연결재무제표,133286175797.0,113852749147.0,-6895864010.0,1343769502.0,수익(매출액),영업이익(손실),제 10 기,제 9 기
01559637,블루엠텍,439580,2025,연결재무제표,185905308362.0,133286175797.0,-1970924664.0,-6895864010.0,수익(매출액),영업이익(손실),제 11 기,제 10 기
00238001,블루콤,033560,2023,연결재무제표,32770353181.0,58618047325.0,-7712405819.0,-1325831876.0,매출액,영업이익(손실),제 33 기,제 32 기
00238001,블루콤,033560,2024,연결재무제표,18312232736.0,32770353181.0,-2802989879.0,-7712405819.0,매출액,영업이익(손실),제 34 기,제 33 기
00238001,블루콤,033560,2025,연결재무제표,5807047814.0,5090080785.0,648160365.0,3251273086.0,영업수익,영업이익(손실),제 35 기,제 34 기
01508855,블리츠웨이엔터테인먼트,369370,2023,연결재무제표,8939744033.0,19148249408.0,-8087740075.0,-3643136406.0,매출액,영업이익(손실),제 4 기,제 3 기
01508855,블리츠웨이엔터테인먼트,369370,2024,연결재무제표,36265077360.0,8939744033.0,-6620604948.0,-8087740075.0,매출액,영업이익(손실),제 5 기,제 4 기
01508855,블리츠웨이엔터테인먼트,369370,2025,연결재무제표,30205067026.0,36265077360.0,-9049022194.0,-6620604948.0,매출액,영업이익(손실),제 6 기,제 5 기
00563518,비나텍,126340,2023,연결재무제표,54964094324.0,70656753558.0,3036206471.0,9351006048.0,수익(매출액),영업이익(손실),제 25 기,제 24 기
00563518,비나텍,126340,2024,연결재무제표,59591709951.0,54964094324.0,-8067980363.0,3036206471.0,수익(매출액),영업이익(손실),제 26 기,제 25 기
00563518,비나텍,126340,2025,연결재무제표,82228905359.0,59591709951.0,1773717709.0,-8067980363.0,수익(매출액),영업이익(손실),제 27 기,제 26 기
00693651,비덴트,121800,2023,연결재무제표,10016939696.0,15845457360.0,-9887229423.0,-2711623825.0,매출액,영업이익(손실),제 23 기,제 22 기
00693651,비덴트,121800,2024,연결재무제표,9634816752.0,10016939696.0,-11050100359.0,-9887229423.0,매출액,영업이익(손실),제 24 기,제 23 기
00693651,비덴트,121800,2025,연결재무제표,10149724188.0,9634816752.0,-7216693320.0,-11050100359.0,매출액,영업이익(손실),제 25 기,제 24 기
00610490,비디아이,148140,2023,연결재무제표,3352015588.0,12948837740.0,-5196038388.0,-60559116409.0,수익(매출액),영업이익(손실),제 32 기,제 31 기
00610490,비디아이,148140,2024,연결재무제표,2437984412.0,3352015588.0,-4557846045.0,-5196038388.0,수익(매출액),영업이익(손실),제 33 기,제 32 기
00533191,비보존 제약,082800,2023,연결재무제표,71317790873.0,51564307027.0,2585441663.0,-5436627572.0,매출액,영업이익(손실),제 22 기,제 21 기
00533191,비보존 제약,082800,2024,연결재무제표,87601347762.0,71317790873.0,2853372564.0,2585441663.0,매출액,영업이익(손실),제 23 기,제 22 기
00533191,비보존 제약,082800,2025,연결재무제표,59343216714.0,87601347762.0,-19165591492.0,2853372564.0,매출액,영업이익(손실),제 24 기,제 23 기
01153105,비비씨,318410,2023,연결재무제표,53601594101.0,45266822991.0,4460279509.0,1907469460.0,매출액,영업이익(손실),제 16 기,제 15 기
01153105,비비씨,318410,2024,연결재무제표,60662023995.0,53601594101.0,5729097034.0,4460279509.0,매출액,영업이익(손실),제 17 기,제 16 기
01153105,비비씨,318410,2025,연결재무제표,51648442504.0,60662023995.0,6192519840.0,5729097034.0,수익(매출액),영업이익(손실),제 18 기,제 17 기
00107677,비비안,002070,2023,연결재무제표,217298020725.0,213052156991.0,4859608010.0,5712710660.0,수익(매출액),영업이익,제 68 기,제 67 기
00107677,비비안,002070,2024,연결재무제표,235220902183.0,217298020725.0,1680517987.0,4859608010.0,수익(매출액),영업이익,제 69 기,제 68 기
00107677,비비안,002070,2025,연결재무제표,222445054857.0,221742841204.0,-5004075308.0,568801216.0,수익(매출액),영업이익,제 70 기,제 69 기
00520887,비상교육,100220,2023,연결재무제표,252371391671.0,253028639290.0,-5810962795.0,3546451200.0,수익(매출액),영업이익(손실),제 22 기,제 21 기
00520887,비상교육,100220,2024,연결재무제표,246460145921.0,252371391671.0,10222169336.0,-5810962795.0,수익(매출액),영업이익(손실),제 23 기,제 22 기
00520887,비상교육,100220,2025,연결재무제표,268775672567.0,246460145921.0,21618190019.0,10222169336.0,수익(매출액),영업이익(손실),제 24 기,제 23 기
01506848,비스토스,419540,2023,별도재무제표,21304785943.0,23963204074.0,283820204.0,912889692.0,수익(매출액),영업이익(손실),제 23 기,제 22 기
01506848,비스토스,419540,2024,별도재무제표,20254829230.0,21304785943.0,311419456.0,283820204.0,수익(매출액),영업이익(손실),제 24 기,제 23 기
01506848,비스토스,419540,2025,별도재무제표,17099549571.0,20254829230.0,-1095568229.0,311419456.0,수익(매출액),영업이익(손실),제 25 기,제 24 기
01301623,비씨엔씨,146320,2023,연결재무제표,65312042853.0,82050451303.0,-41858607.0,11579293454.0,매출액,영업이익(손실),제 21 기,제 20 기
01301623,비씨엔씨,146320,2024,연결재무제표,77373628222.0,65312042853.0,-2062469600.0,-41858607.0,매출액,영업이익(손실),제 22 기,제 21 기
01301623,비씨엔씨,146320,2025,연결재무제표,87583804218.0,77373628222.0,3927466183.0,-2062469600.0,매출액,영업이익(손실),제 23 기,제 22 기
00256043,비씨월드제약,200780,2023,연결재무제표,75110698903.0,72702521723.0,6365158872.0,1861671365.0,매출액,영업이익(손실),제 44 기,제 43 기
00256043,비씨월드제약,200780,2024,연결재무제표,74814338700.0,75110698903.0,1499910278.0,6365158872.0,매출액,영업이익(손실),제 45 기,제 44 기
00256043,비씨월드제약,200780,2025,연결재무제표,75799976796.0,74814338700.0,1996621516.0,1499910278.0,매출액,영업이익(손실),제 46 기,제 45 기
01462739,비아이매트릭스,413640,2023,별도재무제표,25855874322.0,27659091743.0,-2700550603.0,4563473776.0,수익(매출액),영업이익(손실),제 19 기,제 18 기
01462739,비아이매트릭스,413640,2024,별도재무제표,30866150941.0,25855874322.0,2026649857.0,-2700550603.0,수익(매출액),영업이익(손실),제 20 기,제 19 기
01462739,비아이매트릭스,413640,2025,연결재무제표,31448256831.0,30866150941.0,866128864.0,2026649857.0,매출액,영업이익(손실),제 21 기,제 20 기
00610083,비아트론,141000,2023,연결재무제표,28014037151.0,70975044017.0,-1682742208.0,13967392089.0,수익(매출액),영업이익(손실),제 23 기,제 22 기
00610083,비아트론,141000,2024,연결재무제표,58034681708.0,28014037151.0,6757920055.0,-1682742208.0,수익(매출액),영업이익(손실),제 24 기,제 23 기
00610083,비아트론,141000,2025,연결재무제표,65118567077.0,58034681708.0,9179576688.0,6757920055.0,매출액,영업이익(손실),제 25 기,제 24 기
00447609,비에이치,090460,2023,연결재무제표,1591992250709.0,1681053919767.0,84792055684.0,131267542314.0,수익(매출액),영업이익(손실),제 25 기,제 24 기
00447609,비에이치,090460,2024,연결재무제표,1754441744291.0,1591992250709.0,87053422982.0,84792055684.0,매출액,영업이익(손실),제 26 기,제 25 기
00447609,비에이치,090460,2025,연결재무제표,1792660286542.0,1754441744291.0,53978420775.0,87053422982.0,매출액,영업이익(손실),제 27 기,제 26 기
00409788,비에이치아이,083650,2023,연결재무제표,367399208640.0,330197109400.0,15086698166.0,8108054114.0,매출액,영업이익(손실),제 26 기,제 25 기
00409788,비에이치아이,083650,2024,연결재무제표,404741038609.0,367399208640.0,21927258374.0,15086698166.0,매출액,영업이익(손실),제 27 기,제 26 기
00409788,비에이치아이,083650,2025,연결재무제표,774116878915.0,404741038609.0,75496618005.0,21927258374.0,수익(매출액),영업이익(손실),제 28 기,제 27 기
00656021,비에프랩스,139050,2023,연결재무제표,28789792189.0,28355416058.0,-1871491881.0,-6073238028.0,매출액,영업이익(손실),제 18 기,제 17 기
00656021,비에프랩스,139050,2024,연결재무제표,17198332599.0,28564540189.0,-9773952551.0,-2350915763.0,매출액,영업이익(손실),제 19 기,제 18 기
00656021,비에프랩스,139050,2025,연결재무제표,14856214250.0,17198332599.0,-2253237749.0,-9773952551.0,매출액,영업이익(손실),제 20 기,제 19 기
00384717,비엘팜텍,065170,2023,연결재무제표,24525172959.0,22522930342.0,-6793361869.0,-4447168449.0,매출액,영업이익(손실),제 29 기,제 28 기
00384717,비엘팜텍,065170,2024,연결재무제표,8805510735.0,24525172959.0,-3215815024.0,-6793361869.0,매출액,영업이익(손실),제 30 기,제 29 기
00384717,비엘팜텍,065170,2025,연결재무제표,6505728145.0,8805510735.0,-2824543861.0,-3215815024.0,매출액,영업이익(손실),제 31 기,제 30 기
00524786,비엠티,086670,2023,연결재무제표,149605878145.0,142089682435.0,17432433899.0,23031433331.0,수익(매출액),영업이익(손실),제 24 기,제 23 기
00524786,비엠티,086670,2024,연결재무제표,132809349767.0,149605878145.0,6465786455.0,17432433899.0,수익(매출액),영업이익(손실),제 25 기,제 24 기
00524786,비엠티,086670,2025,연결재무제표,146991337484.0,132809349767.0,15313601466.0,6465786455.0,수익(매출액),영업이익(손실),제 26 기,제 25 기
01406618,비올메디컬,335890,2023,별도재무제표,42520500098.0,31108305470.0,22312708239.0,12912412028.0,매출액,영업이익(손실),제 5 기,제 4 기
01406618,비올메디컬,335890,2024,별도재무제표,58193098799.0,42520500098.0,36061882438.0,22312708239.0,매출액,영업이익(손실),제 6 기,제 5 기
01406618,비올메디컬,335890,2025,별도재무제표,60142394560.0,58193098799.0,28611402766.0,36061882438.0,매출액,영업이익(손실),제 7 기,제 6 기
01110076,비유테크놀러지,230980,2023,연결재무제표,13685620908.0,14710415718.0,-14007987149.0,-6794690531.0,매출액,영업이익(손실),제 9 기,제 8 기
01110076,비유테크놀러지,230980,2024,연결재무제표,7245956200.0,13685620908.0,-6502081186.0,-14007987149.0,매출액,영업이익(손실),제 10 기,제 9 기
01110076,비유테크놀러지,230980,2025,연결재무제표,9707685673.0,7245956200.0,-307654352.0,-6502081186.0,매출액,영업이익(손실),제 11 기,제 10 기
01194607,비츠로넥스텍,488900,2025,별도재무제표,36790989927.0,30375898845.0,-7364263584.0,-14065489282.0,수익(매출액),영업이익(손실),제 10 기,제 9 기
00154718,비츠로셀,082920,2023,연결재무제표,176220480964.0,140980940372.0,37690323911.0,28825464743.0,수익(매출액),영업이익,제 39 기,제 38 기
00154718,비츠로셀,082920,2024,연결재무제표,210779361832.0,176220480964.0,51910636695.0,37690323911.0,매출액,영업이익,제 40 기,제 39 기
00154718,비츠로셀,082920,2025,연결재무제표,243082541135.0,210779361832.0,69267801066.0,51910636695.0,매출액,영업이익,제 41 기,제 40 기
00201432,비츠로시스,054220,2023,연결재무제표,19552896164.0,8988875448.0,-7056918833.0,-2359243704.0,매출액,영업이익(손실),제 36 기,제 35 기
00201432,비츠로시스,054220,2024,연결재무제표,25652898941.0,19552896164.0,-6143381048.0,-7056918833.0,매출액,영업이익(손실),제 37 기,제 36 기
00201432,비츠로시스,054220,2025,연결재무제표,44811475268.0,25652898941.0,57731185.0,-6143381048.0,매출액,영업이익(손실),제 38 기,제 37 기
00103644,비츠로테크,042370,2023,연결재무제표,352892509069.0,347689372623.0,28836092306.0,32727587117.0,매출액,영업이익,제 58 기,제 57 기
00103644,비츠로테크,042370,2024,연결재무제표,428325224679.0,352892509069.0,51144255273.0,28836092306.0,매출액,영업이익,제 59 기,제 58 기
00103644,비츠로테크,042370,2025,연결재무제표,432287382146.0,428325224679.0,55721095554.0,51144255273.0,영업수익,영업이익,제 60 기,제 59 기
00369569,비케이홀딩스,050090,2023,별도재무제표,11335961846.0,8486017926.0,-685448423.0,187092619.0,수익(매출액),영업이익(손실),제 24 기,제 23 기
00369569,비케이홀딩스,050090,2024,별도재무제표,12708907887.0,11335961846.0,-2034238119.0,-685448423.0,수익(매출액),영업이익(손실),제 25 기,제 24 기
00369569,비케이홀딩스,050090,2025,별도재무제표,7446966424.0,12708907887.0,-3574078421.0,-2034238119.0,수익(매출액),영업이익(손실),제 26 기,제 25 기
00980043,비큐AI,148780,2023,별도재무제표,16892288214.0,16258637264.0,240282775.0,-1128517592.0,영업수익,영업이익(손실),제 26 기,제 25 기
00980043,비큐AI,148780,2024,연결재무제표,17300348332.0,16892288214.0,-812380727.0,240282775.0,영업수익,영업이익(손실),제 27 기,제 26 기
00980043,비큐AI,148780,2025,연결재무제표,17014562225.0,17300348332.0,-1068043276.0,-812380727.0,영업수익,영업이익(손실),제 28 기,제 27 기
01326792,비투엔,307870,2023,별도재무제표,32029523451.0,27082999573.0,-2457973143.0,-2187641523.0,수익(매출액),영업이익(손실),제 6 기,제 5 기
01326792,비투엔,307870,2024,연결재무제표,25098141983.0,32029523451.0,-2645179181.0,-2400575678.0,수익(매출액),영업이익(손실),제 7 기,제 6 기
01326792,비투엔,307870,2025,연결재무제표,14624545174.0,25098141983.0,-6746466061.0,-2632418271.0,영업수익,영업이익(손실),제 8 기,제 7 기
01409095,비트맥스,377030,2023,연결재무제표,1765567201.0,2896359385.0,-16524564320.0,-10772604434.0,수익(매출액),영업이익(손실),제 14 기,제 13 기
01409095,비트맥스,377030,2024,연결재무제표,37171526391.0,1765567201.0,-18544920256.0,-16524564320.0,수익(매출액),영업이익(손실),제 15 기,제 14 기
01409095,비트맥스,377030,2025,연결재무제표,27214600481.0,37171526391.0,-10858591301.0,-18544920256.0,수익(매출액),영업이익(손실),제 16 기,제 15 기
00231707,비트컴퓨터,032850,2023,연결재무제표,33458508904.0,35134664621.0,6219477487.0,6145733812.0,매출액,영업이익(손실),제 39 기,제 38 기
00231707,비트컴퓨터,032850,2024,연결재무제표,37074736160.0,33458508904.0,6669762420.0,6219477487.0,매출액,영업이익(손실),제 40 기,제 39 기
00231707,비트컴퓨터,032850,2025,연결재무제표,35982573670.0,37074736160.0,5860958671.0,6669762420.0,매출액,영업이익(손실),제 41 기,제 40 기
00351579,비트플래닛,049470,2023,별도재무제표,43394810189.0,54959963627.0,-6836136966.0,-2210559758.0,수익(매출액),영업이익(손실),제 27 기,제 26 기
00351579,비트플래닛,049470,2024,별도재무제표,36140603651.0,43394810189.0,250139319.0,-6836136966.0,수익(매출액),영업이익(손실),제 28 기,제 27 기
00351579,비트플래닛,049470,2025,별도재무제표,24840691127.0,36140603651.0,-4520162297.0,250139319.0,수익(매출액),영업이익(손실),제 29 기,제 28 기
01109070,비피도,238200,2023,연결재무제표,18634263875.0,14578593937.0,-343653687.0,1263116123.0,수익(매출액),영업이익(손실),제 25 기,제 24 기
01109070,비피도,238200,2024,연결재무제표,12350094585.0,18634263875.0,-4491557478.0,-343653687.0,수익(매출액),영업이익(손실),제 26 기,제 25 기
01109070,비피도,238200,2025,연결재무제표,19678962044.0,12350094585.0,1403074063.0,-4491557478.0,수익(매출액),영업이익(손실),제 27 기,제 26 기
00478900,빅솔론,093190,2023,연결재무제표,108128067036.0,134893966814.0,9271877123.0,25137065857.0,수익(매출액),영업이익(손실),제 23 기,제 22 기
00478900,빅솔론,093190,2024,연결재무제표,113492418848.0,108128067036.0,9424771426.0,9271877123.0,수익(매출액),영업이익(손실),제 24 기,제 23 기
00478900,빅솔론,093190,2025,연결재무제표,133467748246.0,113492418848.0,15913191944.0,9424771426.0,수익(매출액),영업이익(손실),제 25 기,제 24 기
00385363,빅텍,065450,2023,별도재무제표,54928577801.0,74374891497.0,-4338006419.0,1652772174.0,매출액,영업이익(손실),제 28 기,제 27 기
00385363,빅텍,065450,2024,연결재무제표,71488568458.0,54928577801.0,1818525608.0,-4338006419.0,매출액,영업이익(손실),제 29 기,제 28 기
00385363,빅텍,065450,2025,연결재무제표,82956728421.0,71488568458.0,4373560135.0,1818525608.0,매출액,영업이익(손실),제 30 기,제 29 기
00173449,빌리언스,044480,2023,연결재무제표,96991027126.0,70648737315.0,-7494524517.0,-3072984971.0,매출액,영업이익(손실),제 51 기,제 50 기
00173449,빌리언스,044480,2024,연결재무제표,41724839885.0,28987141421.0,-1126925752.0,-614411574.0,매출액,영업이익(손실),제 52 기,제 51 기
00173449,빌리언스,044480,2025,연결재무제표,25309657425.0,41724839885.0,-834277151.0,-1126925752.0,매출액,영업이익(손실),제 53 기,제 52 기
00124726,빙그레,005180,2023,연결재무제표,1394316382403.0,1267685822673.0,112245218200.0,39407655268.0,매출액,영업이익,제 58 기,제 57 기
00124726,빙그레,005180,2024,연결재무제표,1463041258105.0,1394316382403.0,131275792188.0,112245218200.0,매출액,영업이익,제 59 기,제 58 기
00124726,빙그레,005180,2025,연결재무제표,1489587173794.0,1463041258105.0,88357009701.0,131275792188.0,매출액,영업이익,제 60 기,제 59 기
00367482,빛과전자,069540,2023,연결재무제표,21694145951.0,52557973659.0,-9353647216.0,1220278731.0,매출,영업이익(손실),제 26 기,제 25 기
00367482,빛과전자,069540,2024,연결재무제표,18133363002.0,21694145951.0,-10270955220.0,-9353647216.0,매출,영업손실,제 27 기,제 26 기
00367482,빛과전자,069540,2025,연결재무제표,31770167371.0,18133363002.0,-16530898663.0,-10270955220.0,매출,영업손실,제 28 기,제 27 기
00359261,빛샘전자,072950,2023,연결재무제표,74104681649.0,93008781370.0,3667606421.0,2517704911.0,수익(매출액),영업이익(손실),제 26 기,제 25 기
00359261,빛샘전자,072950,2024,연결재무제표,85120717267.0,74104681649.0,5073498356.0,3667606421.0,수익(매출액),영업이익(손실),제 27 기,제 26 기
00359261,빛샘전자,072950,2025,연결재무제표,120858537424.0,85120717267.0,8989504942.0,5073498356.0,수익(매출액),영업이익(손실),제 28 기,제 27 기
01283974,삐아,451250,2024,연결재무제표,57644750090.0,38273480005.0,5539629101.0,4166440942.0,수익(매출액),영업이익(손실),제 21 기,제 20 기
01283974,삐아,451250,2025,연결재무제표,67972288390.0,57644750090.0,4469488208.0,5539629101.0,수익(매출액),영업이익(손실),제 22 기,제 21 기
00857480,사람인,143240,2023,연결재무제표,131543843488.0,148934864259.0,25264492961.0,40588145787.0,영업수익,영업이익,제 19 기,제 18 기
00857480,사람인,143240,2024,연결재무제표,128380866162.0,131543843488.0,21263889573.0,25264492961.0,영업수익,영업이익,제 20 기,제 19 기
00857480,사람인,143240,2025,연결재무제표,121236114602.0,128380866162.0,16775417170.0,21263889573.0,영업수익,영업이익,제 21 기,제 20 기
01207901,사이냅소프트,466410,2024,별도재무제표,13252818490.0,12723597799.0,5074253584.0,6433406838.0,영업수익,영업이익,제 25 기,제 24 기
01207901,사이냅소프트,466410,2025,별도재무제표,13472225245.0,13252818490.0,4673775543.0,5074253584.0,영업수익,영업이익,제 26 기,제 25 기
00109718,사조대림,003960,2023,연결재무제표,2063074655686.0,2018752698679.0,128637166378.0,97652234741.0,수익(매출액),영업이익(손실),제 61 기,제 60 기
00109718,사조대림,003960,2024,연결재무제표,2642956274496.0,2063074655686.0,133016935612.0,128637166378.0,수익(매출액),영업이익(손실),제 62 기,제 61 기
00109718,사조대림,003960,2025,연결재무제표,3499812746968.0,2642956274496.0,94682992676.0,133016935612.0,수익(매출액),영업이익(손실),제 63 기,제 62 기
00137252,사조동아원,008040,2023,별도재무제표,678497886892.0,631567233187.0,38636740353.0,15251124105.0,수익(매출액),영업이익(손실),제 53 기,제 52 기
00137252,사조동아원,008040,2024,별도재무제표,678149244374.0,678497886892.0,50021201372.0,38636740353.0,수익(매출액),영업이익(손실),제 54 기,제 53 기
00137252,사조동아원,008040,2025,별도재무제표,674263587949.0,678149244374.0,42468603763.0,50021201372.0,수익(매출액),영업이익(손실),제 55 기,제 54 기
00124799,사조산업,007160,2023,연결재무제표,632240275627.0,660986318742.0,-23912003470.0,55173554439.0,수익(매출액),영업이익(손실),제 53 기,제 52 기
00124799,사조산업,007160,2024,연결재무제표,635200660442.0,632240275627.0,-9378468076.0,-23912003470.0,수익(매출액),영업이익(손실),제 54 기,제 53 기
00124799,사조산업,007160,2025,연결재무제표,706210125216.0,635200660442.0,33151862048.0,-9378468076.0,수익(매출액),영업이익(손실),제 55 기,제 54 기
00124780,사조씨푸드,014710,2023,연결재무제표,176023865603.0,201116169891.0,-34849471003.0,13584493320.0,매출,영업이익(손실),제 44 기,제 43 기
00124780,사조씨푸드,014710,2024,연결재무제표,188281808578.0,176023865603.0,9520883434.0,-34849471003.0,매출,영업이익,제 45 기,제 44 기
00124780,사조씨푸드,014710,2025,연결재무제표,238019779764.0,188281808578.0,12175095763.0,9520883434.0,수익(매출액),영업이익(손실),제 46 기,제 45 기
00141875,사조오양,006090,2023,별도재무제표,391537751320.0,369125207218.0,16282340446.0,10201022922.0,매출액,영업손익,제 55 기,제 54 기
00141875,사조오양,006090,2024,별도재무제표,400696837980.0,391537751320.0,20898559487.0,16282340446.0,매출액,영업손익,제 56 기,제 55 기
00141875,사조오양,006090,2025,별도재무제표,417363807366.0,400696837980.0,13516897643.0,20898559487.0,매출액 계,영업이익,제 57 기,제 56 기
01075126,사토시홀딩스,223310,2023,별도재무제표,27520272873.0,20726718540.0,293842758.0,424123177.0,수익(매출액),영업이익(손실),제 13 기,제 12 기
01075126,사토시홀딩스,223310,2024,연결재무제표,21744455014.0,19483908674.0,-3220882649.0,-359028647.0,수익(매출액),영업이익(손실),제 14 기,제 13 기
01075126,사토시홀딩스,223310,2025,연결재무제표,18896124016.0,21744455014.0,-7477162029.0,-3220882649.0,수익(매출액),영업이익(손실),제 15 기,제 14 기
01676642,사피엔반도체,452430,2023,별도재무제표,3210281108.0,7192453947.0,-6922499119.0,-2845116156.0,수익(매출액),영업이익(손실),제 7 기,제 6 기
01676642,사피엔반도체,452430,2024,별도재무제표,7992172190.0,3210281108.0,-3446378033.0,-6922499119.0,수익(매출액),영업이익(손실),제 8 기,제 7 기
01676642,사피엔반도체,452430,2025,별도재무제표,17312155993.0,7992172190.0,-4565205241.0,-3446378033.0,수익(매출액),영업이익(손실),제 9 기,제 8 기
01516368,산돌,419120,2023,연결재무제표,14186687039.0,18350443779.0,2781120402.0,8061085291.0,매출액,영업이익,제 6 기,제 5 기
01516368,산돌,419120,2024,연결재무제표,15749076719.0,14186687039.0,2861974351.0,2781120402.0,매출액,영업이익,제 7 기,제 6 기
01516368,산돌,419120,2025,연결재무제표,19968415924.0,15749076719.0,4454706035.0,2861974351.0,매출액,영업이익,제 8 기,제 7 기
00260356,산은캐피탈,008270,2023,연결재무제표,391197081.0,202840585.0,268517254031.0,178583026984.0,영업외수익,영업이익,제 53 기,제 52 기
00260356,산은캐피탈,008270,2024,연결재무제표,374911405.0,391197081.0,309140167720.0,268517254031.0,영업외수익,영업이익,제 54 기,제 53 기
00260356,산은캐피탈,008270,2025,연결재무제표,544038354.0,374911405.0,432772631423.0,309140167720.0,영업외수익,영업이익,제 55 기,제 54 기
00366438,산일전기,062040,2024,별도재무제표,333996550771.0,214537829766.0,109231906505.0,46604557786.0,매출액,영업이익(손실),제 31 기,제 30 기
00366438,산일전기,062040,2025,연결재무제표,501946220880.0,333996550771.0,178634181593.0,109231906505.0,매출액,영업이익,제 32 기,제 31 기
00799177,삼기,122350,2023,연결재무제표,537441450272.0,524145243101.0,7809072777.0,11468310897.0,수익(매출액),영업이익(손실),제 15 기,제 14 기
00799177,삼기,122350,2024,연결재무제표,542109881986.0,537441450272.0,5143132074.0,7809072777.0,매출액,영업이익,제 16 기,제 15 기
00799177,삼기,122350,2025,연결재무제표,570538736376.0,542109881986.0,8276856990.0,5143132074.0,매출,영업이익,제 17 기,제 16 기
01526806,삼기에너지솔루션즈,419050,2023,연결재무제표,90853536525.0,107029528003.0,744813594.0,8594133801.0,매출,영업이익,제 4 기,제 3 기
01526806,삼기에너지솔루션즈,419050,2024,연결재무제표,98706550002.0,90853536525.0,-6261933413.0,744813594.0,매출,영업이익,제 5 기,제 4 기
01526806,삼기에너지솔루션즈,419050,2025,연결재무제표,144228757229.0,98706550002.0,5432802909.0,-6261933413.0,매출,영업이익,제 6 기,제 5 기
00125488,삼륭물산,014970,2023,연결재무제표,86280033374.0,90280280019.0,1178662628.0,-1171753276.0,수익(매출액),영업이익(손실),제 44 기,제 43 기
00125488,삼륭물산,014970,2024,연결재무제표,94049530822.0,86280033374.0,5786457572.0,1178662628.0,수익(매출액),영업이익(손실),제 45 기,제 44 기
00125488,삼륭물산,014970,2025,연결재무제표,94256105408.0,94049530822.0,6517348342.0,5786457572.0,매출액,영업이익,제 46 기,제 45 기
00125530,삼립,005610,2023,연결재무제표,3433322296454.0,3314547280509.0,91734322533.0,89513471496.0,수익(매출액),영업이익(손실),제 56 기,제 55 기
00125530,삼립,005610,2024,연결재무제표,3427920218534.0,3433322296454.0,94968717963.0,91734322533.0,영업수익,영업이익,제 57 기,제 56 기
00125530,삼립,005610,2025,연결재무제표,3370480879745.0,3427920218534.0,38738589176.0,94968717963.0,영업수익,영업이익,제 58 기,제 57 기
00125646,삼목에스폼,018310,2023,연결재무제표,439386985136.0,337690604147.0,124131729083.0,68098389379.0,수익(매출액),영업이익(손실),제 39 기,제 38 기
00125646,삼목에스폼,018310,2024,연결재무제표,401900935563.0,439386985136.0,75317069744.0,124131729083.0,수익(매출액),영업이익(손실),제 40 기,제 39 기
00125646,삼목에스폼,018310,2025,연결재무제표,316985747797.0,401900935563.0,6444687038.0,75317069744.0,수익(매출액),영업이익(손실),제 41 기,제 40 기
00125664,삼미금속,012210,2023,별도재무제표,76842784518.0,70751586238.0,5964405335.0,-1486505674.0,수익(매출액),영업이익(손실),제 47 기,제 46 기
00125664,삼미금속,012210,2024,별도재무제표,76441344507.0,76842784518.0,4454162901.0,5964405335.0,수익(매출액),영업이익(손실),제 48 기,제 47 기
00125664,삼미금속,012210,2025,별도재무제표,73796930775.0,76441344507.0,5812312220.0,4454162901.0,수익(매출액),영업이익(손실),제 49 기,제 48 기
00351092,삼보모터스,053700,2023,연결재무제표,1440557265080.0,1199512963508.0,51648116490.0,24045241099.0,매출액,영업이익(손실),제 37 기,제 36 기
00351092,삼보모터스,053700,2024,연결재무제표,1570625502210.0,1440557265080.0,54271873657.0,51648116490.0,매출액,영업이익(손실),제 38 기,제 37 기
00351092,삼보모터스,053700,2025,연결재무제표,1684582152379.0,1570625502210.0,61729555951.0,54271873657.0,수익(매출액),영업이익,제 39 기,제 38 기
00125822,삼보산업,009620,2023,연결재무제표,427122516114.0,455016352333.0,-620207119.0,8377263593.0,수익(매출액),영업이익(손실),제 49 기,제 48 기
00125822,삼보산업,009620,2024,연결재무제표,340974508783.0,427122516114.0,628510028.0,-620207119.0,수익(매출액),영업이익(손실),제 50 기,제 49 기
00125822,삼보산업,009620,2025,연결재무제표,285655693776.0,340974508783.0,7887542740.0,628510028.0,수익(매출액),영업이익(손실),제 51 기,제 50 기
00430089,삼보오토,070080,2023,별도재무제표,123379807000.0,108420939000.0,3900478000.0,4497227000.0,수익(매출액),영업이익(손실),제 22 기,제 21 기
00430089,삼보오토,070080,2024,별도재무제표,135051138057.0,123379806737.0,5092276283.0,3900478110.0,수익(매출액),영업이익(손실),제 23 기,제 22 기
00430089,삼보오토,070080,2025,연결재무제표,143856880615.0,135051138057.0,6040780528.0,5092276283.0,수익(매출액),영업이익(손실),제 24 기,제 23 기
00125938,삼보판지,023600,2023,연결재무제표,555628853462.0,582010939428.0,67368809282.0,67586885009.0,수익(매출액),영업이익(손실),제 43 기,제 42 기
00125938,삼보판지,023600,2024,연결재무제표,558291565532.0,555628853462.0,38726562940.0,67368809282.0,수익(매출액),영업이익(손실),제 44 기,제 43 기
00125938,삼보판지,023600,2025,연결재무제표,539865414411.0,558291565532.0,29908685759.0,38726562940.0,매출액,영업이익,제 45 기,제 44 기
00125974,삼부토건,001470,2023,연결재무제표,574975687073.0,436292508722.0,-78151994195.0,-80783233662.0,수익(매출액),영업이익(손실),제 70 기,제 69 기
00125974,삼부토건,001470,2024,연결재무제표,462425746422.0,574975687073.0,-112577744269.0,-78151994195.0,수익(매출액),영업이익(손실),제 71 기,제 70 기
00125974,삼부토건,001470,2025,연결재무제표,110992936772.0,444227803088.0,-26610157339.0,-142485122012.0,매출액,영업이익(손실),제 72 기,제 71 기
00126308,삼성E&A,028050,2023,연결재무제표,10624917993595.0,10054344625186.0,993128866188.0,702942994188.0,수익(매출액),영업이익(손실),제 57 기,제 56 기
00126308,삼성E&A,028050,2024,연결재무제표,9966551344477.0,10624917993595.0,971611686017.0,993128866188.0,수익(매출액),영업이익(손실),제 58 기,제 57 기
00126308,삼성E&A,028050,2025,연결재무제표,9028769083650.0,9966551344477.0,792078846892.0,971611686017.0,매출액,영업이익,제 59 기,제 58 기
01688896,삼성FN리츠,448730,2023,별도재무제표,9278256098.0,9282685253.0,5611737396.0,6302182080.0,영업수익,영업이익(손실),제 4 기,제 3 기
01688896,삼성FN리츠,448730,2024,별도재무제표,10190719332.0,9410911195.0,5934214718.0,6105932981.0,영업수익,영업이익(손실),제 8 기,제 7 기
01688896,삼성FN리츠,448730,2025,별도재무제표,12236124626.0,12150537521.0,7403212797.0,7548647482.0,영업수익,영업이익,제 12 기,제 11 기
00126362,삼성SDI,006400,2023,연결재무제표,22708300498633.0,20124069515854.0,1633368964768.0,1808013013202.0,매출액,영업이익(손실),제 54 기,제 53 기
00126362,삼성SDI,006400,2024,연결재무제표,16592248884388.0,21436788407451.0,363304463263.0,1545488713572.0,매출액,영업이익,제 55 기,제 54 기
00126362,삼성SDI,006400,2025,연결재무제표,13266730679499.0,16592248884388.0,-1722360788760.0,363304463263.0,매출액,영업손익,제 56 기,제 55 기
00126201,삼성공조,006660,2023,연결재무제표,125890836954.0,95745353970.0,5439330772.0,8737465177.0,매출액,영업이익,제 54 기,제 53 기
00126201,삼성공조,006660,2024,연결재무제표,115772504831.0,125890836954.0,6481452920.0,5439330772.0,매출액,영업이익,제 55 기,제 54 기
00126201,삼성공조,006660,2025,연결재무제표,117736352607.0,115772504831.0,3245098937.0,6481452920.0,매출액,영업이익,제 56 기,제 55 기
00149655,삼성물산,028260,2023,연결재무제표,41895681215734.0,43161653399535.0,2870173816853.0,2528524413589.0,매출,영업이익(손실),제 60 기,제 59 기
00149655,삼성물산,028260,2024,연결재무제표,42103238027336.0,41895681215734.0,2983396694918.0,2870173816853.0,매출,영업이익(손실),제 61 기,제 60 기
00149655,삼성물산,028260,2025,연결재무제표,40742240967149.0,42103238027336.0,3292747495925.0,2983396694918.0,매출액,영업이익,제 62 기,제 61 기
00877059,삼성바이오로직스,207940,2023,연결재무제표,3694588767068.0,3001295197683.0,1113680009715.0,983627394377.0,수익(매출액),영업이익(손실),제 13 기,제 12 기
00877059,삼성바이오로직스,207940,2024,연결재무제표,4547322176421.0,3694588767068.0,1320052380133.0,1113680009715.0,매출액,영업이익,제 14 기,제 13 기
00877059,삼성바이오로직스,207940,2025,연결재무제표,4556971695180.0,3497145675782.0,2069221266630.0,1321366380588.0,매출액,영업이익,제 15 기,제 14 기
00126256,삼성생명,032830,2023,연결재무제표,8437019000000.0,7748609000000.0,2398377000000.0,2180727000000.0,이자수익(매출액),영업이익(손실),제 68 기,제 67 기
00126256,삼성생명,032830,2024,연결재무제표,276748000000.0,318398000000.0,2499751000000.0,2398377000000.0,기타영업수익,영업이익,제 69 기,제 68 기
00126256,삼성생명,032830,2025,연결재무제표,527959000000.0,276748000000.0,2580469000000.0,2499751000000.0,기타영업수익,영업이익,제 70 기,제 69 기
00126186,삼성에스디에스,018260,2023,연결재무제표,13276844204872.0,17234749537662.0,808230946594.0,916074023314.0,매출액,영업이익,제 39 기,제 38 기
00126186,삼성에스디에스,018260,2024,연결재무제표,13828232033800.0,13276844204872.0,911096907001.0,808230946594.0,매출액,영업이익,제 40 기,제 39 기
00126186,삼성에스디에스,018260,2025,연결재무제표,13929868497711.0,13828232033800.0,957102744609.0,911096907001.0,매출액,영업이익,제 41 기,제 40 기
00126371,삼성전기,009150,2023,연결재무제표,8909448483915.0,9424551868027.0,639423737120.0,1182835924271.0,매출액,영업이익,제 51 기,제 50 기
00126371,삼성전기,009150,2024,연결재무제표,10294102976435.0,8892411942806.0,735005856995.0,660544454780.0,매출액,영업이익,제 52 기,제 51 기
00126371,삼성전기,009150,2025,연결재무제표,11314459238100.0,10294102976435.0,913331178557.0,735005856995.0,매출액,영업이익,제 53 기,제 52 기
00126380,삼성전자,005930,2023,연결재무제표,258935494000000.0,302231360000000.0,6566976000000.0,43376630000000.0,영업수익,영업이익,제 55 기,제 54 기
00126380,삼성전자,005930,2024,연결재무제표,300870903000000.0,258935494000000.0,32725961000000.0,6566976000000.0,매출액,영업이익,제 56 기,제 55 기
00126380,삼성전자,005930,2025,연결재무제표,333605938000000.0,300870903000000.0,43601051000000.0,32725961000000.0,매출액,영업이익,제 57 기,제 56 기
00126414,삼성제약,001360,2023,별도재무제표,51955037960.0,51832233858.0,-18037069707.0,-13961176993.0,매출,영업이익(손실),제 70 기,제 69 기
00126414,삼성제약,001360,2024,별도재무제표,44294231025.0,51955037960.0,-14828940152.0,-18037069707.0,매출,영업이익(손실),제 71 기,제 70 기
00126414,삼성제약,001360,2025,별도재무제표,46074379551.0,44294231025.0,-18068418610.0,-14828940152.0,매출,영업이익(손실),제 72 기,제 71 기
00126478,삼성중공업,010140,2023,연결재무제표,8009429912108.0,5944667452285.0,233344768042.0,-854420950816.0,영업수익,영업이익(손실),제 50 기,제 49 기
00126478,삼성중공업,010140,2024,연결재무제표,9903077919464.0,8009429912108.0,502698683088.0,233344768042.0,매출액,영업이익,제 51 기,제 50 기
00126478,삼성중공업,010140,2025,연결재무제표,10650010702818.0,9903077919464.0,862210880029.0,502698683088.0,매출액,영업이익,제 52 기,제 51 기
00104856,삼성증권,016360,2023,연결재무제표,13246327184.0,8433902472.0,741117973834.0,578093894808.0,영업외수익,영업이익,제 42 기,제 41 기
00104856,삼성증권,016360,2024,연결재무제표,18798809003.0,13246327184.0,1205750469446.0,741117973834.0,영업외수익,영업이익,제 43 기,제 42 기
00104856,삼성증권,016360,2025,연결재무제표,22745601618.0,18798809003.0,1375673177021.0,1205750469446.0,영업외수익,영업이익,제 44 기,제 43 기
00423690,삼성출판사,068290,2023,별도재무제표,41805582644.0,44923919266.0,-1311944874.0,-1259376548.0,수익(매출액),영업이익(손실),제 22 기,제 21 기
00423690,삼성출판사,068290,2024,별도재무제표,40565887090.0,41805582644.0,-181381974.0,-1311944874.0,수익(매출액),영업이익(손실),제 23 기,제 22 기
00423690,삼성출판사,068290,2025,별도재무제표,40291331074.0,40565887090.0,-795440193.0,-181381974.0,수익(매출액),영업이익(손실),제 24 기,제 23 기
00126292,삼성카드,029780,2023,연결재무제표,4004222629932.0,3794571861592.0,810006981367.0,848946810100.0,영업수익,영업이익,제 41 기,제 40 기
00126292,삼성카드,029780,2024,연결재무제표,4383209688411.0,4004222629932.0,885421436897.0,810006981367.0,영업수익,영업이익,제 42 기,제 41 기
00126292,삼성카드,029780,2025,연결재무제표,8684000000.0,6061000000.0,853695000000.0,885421000000.0,영업외수익,영업이익,제 43 기,제 42 기
00139214,삼성화재해상보험,000810,2023,연결재무제표,3804653397761.0,3570826903192.0,2357283417485.0,2044658985784.0,투자영업수익,영업이익,제 74 기,제 73 기
00139214,삼성화재해상보험,000810,2024,연결재무제표,4833752628172.0,3804653397761.0,2649596688033.0,2357283417485.0,투자영업수익,영업이익,제 75 기,제 74 기
00139214,삼성화재해상보험,000810,2025,연결재무제표,5248493216039.0,4833752628172.0,2659143002144.0,2649596688033.0,투자영업수익,영업이익,제 76 기,제 75 기
00126779,삼아알미늄,006110,2023,연결재무제표,268023420437.0,312055883421.0,3770590732.0,22571051710.0,매출,영업이익(손실),제 55 기,제 54 기
00126779,삼아알미늄,006110,2024,연결재무제표,251733337646.0,268023420437.0,-9590561021.0,3770590732.0,매출,영업이익(손실),제 56 기,제 55 기
00126779,삼아알미늄,006110,2025,연결재무제표,271458652401.0,251733337646.0,-17647393573.0,-9590561021.0,수익(매출액),영업이익(손실),제 57 기,제 56 기
00126788,삼아제약,009300,2023,연결재무제표,97211286212.0,81699539725.0,23500211536.0,18253183867.0,매출액,영업이익(손실),제 51 기,제 50 기
00126788,삼아제약,009300,2024,연결재무제표,95580725368.0,97211286212.0,24466466167.0,23500211536.0,매출액,영업이익(손실),제 52 기,제 51 기
00126788,삼아제약,009300,2025,연결재무제표,77799035965.0,95580725368.0,10978941145.0,24466466167.0,매출액,영업이익,제 53 기,제 52 기
00896285,삼양사,145990,2023,연결재무제표,2651439171359.0,2652438535664.0,113199757649.0,82015611183.0,매출액,영업이익,제 13 기,제 12 기
00896285,삼양사,145990,2024,연결재무제표,2671821461625.0,2651439171359.0,133523122893.0,113199757649.0,매출액,영업이익,제 14 기,제 13 기
00896285,삼양사,145990,2025,연결재무제표,2562499706149.0,2671821461625.0,111724649074.0,133523122893.0,매출액,영업이익,제 15 기,제 14 기
00126955,삼양식품,003230,2023,연결재무제표,1192914607980.0,909036571591.0,147514090779.0,90375676138.0,매출액,영업이익,제 63 기,제 62 기
00126955,삼양식품,003230,2024,연결재무제표,1728015003746.0,1192914607980.0,344569150443.0,147514090779.0,매출액,영업이익,제 64 기,제 63 기
00126955,삼양식품,003230,2025,연결재무제표,2351785163786.0,1728015003746.0,524188406060.0,344569150443.0,매출액,영업이익,제 65 기,제 64 기
00863533,삼양엔씨켐,482630,2024,별도재무제표,110516459677.0,98602886804.0,10748311512.0,7368212850.0,매출액,영업이익(손실),제 17 기,제 16 기
00863533,삼양엔씨켐,482630,2025,별도재무제표,125385914184.0,110516459677.0,17632099657.0,10748311512.0,매출액,영업이익(손실),제 18 기,제 17 기
00141583,삼양컴텍,484590,2025,별도재무제표,154607270230.0,141594663733.0,26631015664.0,18058661707.0,매출액,영업이익(손실),제 63 기,제 62 기
00265041,삼양케이씨아이,036670,2023,별도재무제표,109946107606.0,109605027221.0,10271822174.0,21877282357.0,매출액,영업이익,제 33 기,제 32 기
00265041,삼양케이씨아이,036670,2024,별도재무제표,110184780128.0,109946107606.0,15021799262.0,10271822174.0,매출액,영업이익,제 34 기,제 33 기
00265041,삼양케이씨아이,036670,2025,별도재무제표,116839597551.0,110184780128.0,10893690098.0,15021799262.0,매출액,영업이익,제 35 기,제 34 기
01060814,삼양패키징,272550,2023,연결재무제표,421668811107.0,407352726188.0,32467578424.0,23696363467.0,매출액,영업이익,제 10 기,제 9 기
01060814,삼양패키징,272550,2024,연결재무제표,448111536488.0,421668811107.0,33757315714.0,32467578424.0,매출액,영업이익,제 11 기,제 10 기
01060814,삼양패키징,272550,2025,연결재무제표,420217993585.0,448111536488.0,24646788762.0,33757315714.0,매출액,영업이익,제 12 기,제 11 기
00126937,삼양홀딩스,000070,2023,연결재무제표,3210853491794.0,3316777826141.0,94802726814.0,132324276850.0,매출액,영업이익(손실),제 73 기,제 72 기
00126937,삼양홀딩스,000070,2024,연결재무제표,3553264096673.0,3210853491794.0,127538574846.0,94802726814.0,매출액,영업이익(손실),제 74 기,제 73 기
00126937,삼양홀딩스,000070,2025,연결재무제표,3348286833611.0,3415010545333.0,108765726889.0,108027883729.0,매출액,영업이익(손실),제 75 기,제 74 기
00127255,삼영,003720,2023,연결재무제표,122586707813.0,135256436046.0,6029549093.0,2764345470.0,매출액,영업이익,제 61 기,제 60 기
00127255,삼영,003720,2024,연결재무제표,126040086242.0,122586707813.0,9101817091.0,6029549093.0,매출액,영업이익,제 62 기,제 61 기
00127255,삼영,003720,2025,연결재무제표,153208300579.0,126040086242.0,14921182578.0,9101817091.0,매출액,영업이익,제 63 기,제 62 기
00127167,삼영무역,002810,2023,연결재무제표,476810216001.0,492512781495.0,17182275919.0,19352102542.0,매출액,영업이익,제 65 기,제 64 기
00127167,삼영무역,002810,2024,연결재무제표,480191108812.0,476810216001.0,18360036943.0,17182275919.0,매출액,영업이익,제 66 기,제 65 기
00127167,삼영무역,002810,2025,연결재무제표,446867820266.0,480191108812.0,12762460946.0,18360036943.0,매출액,영업이익,제 67 기,제 66 기
00405506,삼영에스앤씨,361670,2023,별도재무제표,11647345784.0,13637666082.0,-3538918071.0,-1274639116.0,매출액,영업손실,제 24 기,제 23 기
00405506,삼영에스앤씨,361670,2024,별도재무제표,12393769268.0,11647345784.0,-3121113350.0,-3538918071.0,매출액,영업손실,제 25 기,제 24 기
00405506,삼영에스앤씨,361670,2025,연결재무제표,10975623854.0,12393769268.0,-1698464868.0,-3121113350.0,매출액,영업이익(손실),제 26 기,제 25 기
00250614,삼영엠텍,054540,2023,연결재무제표,95749467252.0,90676947922.0,5993640463.0,-3181086714.0,수익(매출액),영업이익(손실),제 27 기,제 26 기
00250614,삼영엠텍,054540,2024,연결재무제표,118020767105.0,95749467252.0,10296876318.0,5993640463.0,수익(매출액),영업이익(손실),제 28 기,제 27 기
00250614,삼영엠텍,054540,2025,연결재무제표,118462119821.0,118020767105.0,10218600402.0,10296876318.0,수익(매출액),영업이익(손실),제 29 기,제 28 기
00288343,삼영이엔씨,065570,2023,별도재무제표,33338252948.0,31901368198.0,-6125614406.0,-20145835588.0,매출액,영업이익(손실),제 29 기,제 28 기
00288343,삼영이엔씨,065570,2024,별도재무제표,36103058846.0,33338252948.0,-5933203085.0,-6125614406.0,매출액,영업이익(손실),제 30 기,제 29 기
00288343,삼영이엔씨,065570,2025,별도재무제표,33261463483.0,36103058846.0,-194608893.0,-5933203085.0,매출액,영업이익(손실),제 31 기,제 30 기
00127200,삼영전자공업,005680,2023,연결재무제표,177289642415.0,227806509955.0,6457447965.0,16282037403.0,매출액,영업이익(손실),제 56 기,제 55 기
00127200,삼영전자공업,005680,2024,연결재무제표,162977940986.0,177289642415.0,7300356335.0,6457447965.0,매출액,영업이익(손실),제 57 기,제 56 기
00127200,삼영전자공업,005680,2025,연결재무제표,149728576895.0,162977940986.0,9239531197.0,7300356335.0,수익(매출액),영업이익(손실),제 58 기,제 57 기
00191588,삼원강재,023000,2023,별도재무제표,359058169925.0,364111085653.0,16504971399.0,16532526342.0,매출액,영업이익,제 32 기,제 31 기
00191588,삼원강재,023000,2024,별도재무제표,343558905658.0,359058169925.0,11756354957.0,16504971399.0,매출액,영업이익,제 33 기,제 32 기
00191588,삼원강재,023000,2025,별도재무제표,359287042852.0,343558905658.0,9879193208.0,11756354957.0,매출액,영업이익(손실),제 34 기,제 33 기
00127802,삼익THK,004380,2023,연결재무제표,315640474732.0,339133931324.0,6935482797.0,20638429209.0,매출액,영업이익,제 59 기,제 58 기
00127802,삼익THK,004380,2024,연결재무제표,304426059356.0,315640474732.0,564892513.0,6935482797.0,매출액,영업이익,제 60 기,제 59 기
00127802,삼익THK,004380,2025,연결재무제표,222175005872.0,304426059356.0,-35459793585.0,564892513.0,수익(매출액),영업이익,제 61 기,제 60 기
00127857,삼익악기,002450,2023,연결재무제표,247929198845.0,325699587394.0,6465355387.0,11556311058.0,수익(매출액),영업이익(손실),제 51 기,제 50 기
00127857,삼익악기,002450,2024,연결재무제표,230380204827.0,247929198845.0,5934200402.0,6465355387.0,수익(매출액),영업이익(손실),제 52 기,제 51 기
00127857,삼익악기,002450,2025,연결재무제표,224438993364.0,230380204827.0,2281982590.0,5934200402.0,매출액,영업이익,제 53 기,제 52 기
00127875,삼익제약,014950,2025,연결재무제표,60020414513.0,55857374361.0,3272885603.0,3677956161.0,수익(매출액),영업이익(손실),제 46 기,제 45 기
00127909,삼일,032280,2023,별도재무제표,99668556013.0,91979315853.0,1721681269.0,1796436109.0,수익(매출액),영업이익(손실),제 48 기,제 47 기
00127909,삼일,032280,2024,별도재무제표,105109049374.0,99668556013.0,2474034253.0,1721681269.0,수익(매출액),영업이익(손실),제 49 기,제 48 기
00127909,삼일,032280,2025,별도재무제표,99989845264.0,105109049374.0,2129168375.0,2474034253.0,수익(매출액),영업이익(손실),제 50 기,제 49 기
00127936,삼일기업공사,002290,2023,별도재무제표,78639206759.0,63621775713.0,3104213935.0,2165696619.0,매출액,영업이익(손실),제 66 기,제 65 기
00127936,삼일기업공사,002290,2024,별도재무제표,112650084355.0,78639206759.0,5653268035.0,3104213935.0,매출액,영업이익(손실),제 67 기,제 66 기
00127936,삼일기업공사,002290,2025,별도재무제표,85177109801.0,112650084355.0,7394157183.0,5653268035.0,매출액,영업이익(손실),제 68 기,제 67 기
00109806,삼일씨엔에스,004440,2023,연결재무제표,216447816121.0,241241191453.0,5170081404.0,-6978041314.0,수익(매출액),영업이익(손실),제 58 기,제 57 기
00109806,삼일씨엔에스,004440,2024,별도재무제표,221295516428.0,216447816121.0,-1674561213.0,5170081404.0,수익(매출액),영업이익(손실),제 59 기,제 58 기
00109806,삼일씨엔에스,004440,2025,별도재무제표,223128675519.0,221295516428.0,4995949054.0,-1674561213.0,매출액,영업이익(손실),제 60 기,제 59 기
00128032,삼일제약,000520,2023,연결재무제표,196345807846.0,179676108240.0,6471027760.0,4016581828.0,매출액,영업이익(손실),제 71 기,제 70 기
00128032,삼일제약,000520,2024,연결재무제표,219699586442.0,196345807846.0,113040731.0,6471027760.0,매출액,영업이익(손실),제 72 기,제 71 기
00128032,삼일제약,000520,2025,연결재무제표,210253472993.0,219699586442.0,-22211884927.0,113040731.0,영업수익,영업이익(손실),제 73 기,제 72 기
00128227,삼정펄프,009770,2023,별도재무제표,178308058944.0,174464091782.0,7375339325.0,4665535399.0,수익(매출액),영업이익(손실),제 50 기,제 49 기
00128227,삼정펄프,009770,2024,별도재무제표,163884080446.0,178308058944.0,4868322824.0,6460065856.0,수익(매출액),영업이익(손실),제 51 기,제 50 기
00128227,삼정펄프,009770,2025,별도재무제표,148565929898.0,163884080446.0,-1440493506.0,4868322824.0,수익(매출액),영업이익(손실),제 52 기,제 51 기
00128315,삼지전자,037460,2023,연결재무제표,2526207927918.0,2918903060210.0,78343445249.0,88562973589.0,매출액,영업이익(손실),제 43 기,제 42 기
00128315,삼지전자,037460,2024,연결재무제표,3359681220937.0,2526207927918.0,115613198250.0,78343445249.0,매출액,영업이익(손실),제 44 기,제 43 기
00128315,삼지전자,037460,2025,연결재무제표,4291096557599.0,3359681220937.0,162447915281.0,115613198250.0,수익(매출액),영업이익(손실),제 45 기,제 44 기
00173351,삼진,032750,2023,연결재무제표,156407806151.0,155138532129.0,1887196131.0,1655448106.0,매출액,영업이익(손실),제 48 기,제 47 기
00173351,삼진,032750,2024,연결재무제표,159164388476.0,156407806151.0,7248112232.0,1887196131.0,매출액,영업이익(손실),제 49 기,제 48 기
00173351,삼진,032750,2025,연결재무제표,148323178536.0,159164388476.0,5823087821.0,7248112232.0,매출액,영업이익(손실),제 50 기,제 49 기
00239514,삼진엘앤디,054090,2023,연결재무제표,212735144757.0,256482274502.0,-14446647071.0,-1520787922.0,수익(매출액),영업이익(손실),제 37 기,제 36 기
00239514,삼진엘앤디,054090,2024,연결재무제표,173217410933.0,189023403147.0,-8939281749.0,-12927586523.0,수익(매출액),영업이익(손실),제 38 기,제 37 기
00239514,삼진엘앤디,054090,2025,연결재무제표,136342510480.0,148006060698.0,-1973808837.0,-3742841087.0,수익(매출액),영업이익(손실),제 39 기,제 38 기
00128412,삼진제약,005500,2023,별도재무제표,292128533737.0,274031808452.0,20484355464.0,23184322386.0,수익(매출액),영업이익(손실),제 56 기,제 55 기
00128412,삼진제약,005500,2024,별도재무제표,308349934442.0,292128533737.0,31637502800.0,20484355464.0,수익(매출액),영업이익(손실),제 57 기,제 56 기
00128412,삼진제약,005500,2025,별도재무제표,309133530719.0,308349934442.0,26784499637.0,31637502800.0,매출액,영업이익,제 58 기,제 57 기
00128546,삼천당제약,000250,2023,연결재무제표,192668515628.0,177335410013.0,9559814333.0,12224651499.0,수익(매출액),영업이익(손실),제 80 기,제 79 기
00128546,삼천당제약,000250,2024,연결재무제표,210923804522.0,192668515628.0,2641971274.0,9559814333.0,수익(매출액),영업이익(손실),제 81 기,제 80 기
00128546,삼천당제약,000250,2025,연결재무제표,231805277738.0,210923804522.0,8466512950.0,2641971274.0,수익(매출액),영업이익(손실),제 82 기,제 81 기
00128555,삼천리,004690,2023,연결재무제표,5664041261167.0,5789104871674.0,174490517245.0,91236419550.0,영업수익,영업이익,제 58 기,제 57 기
00128555,삼천리,004690,2024,연결재무제표,5120527432173.0,5664041261167.0,114302576748.0,174490517245.0,매출액,영업이익,제 59 기,제 58 기
00128555,삼천리,004690,2025,연결재무제표,5275461012669.0,5120527432173.0,159630890886.0,114302576748.0,매출액,영업이익,제 60 기,제 59 기
00128607,삼천리자전거,024950,2023,연결재무제표,106783297522.0,113103904244.0,-6290389338.0,2127873334.0,매출액,영업이익,제 45 기,제 44 기
00128607,삼천리자전거,024950,2024,연결재무제표,161167353566.0,106783297522.0,3013641806.0,-6290389338.0,매출액,영업이익,제 46 기,제 45 기
00128607,삼천리자전거,024950,2025,연결재무제표,175559935938.0,161167353566.0,12425252616.0,3013641806.0,매출액,영업이익,제 47 기,제 46 기
00239639,삼표시멘트,038500,2023,연결재무제표,823729443914.0,721115587886.0,84701114941.0,71098446532.0,매출액,영업이익(손실),제 33 기,제 32 기
00239639,삼표시멘트,038500,2024,연결재무제표,790786523331.0,823729443914.0,103930124574.0,84701114941.0,매출액,영업이익,제 34 기,제 33 기
00239639,삼표시멘트,038500,2025,연결재무제표,676926715424.0,790786523331.0,76583468141.0,103930124574.0,매출액,영업이익,제 35 기,제 34 기
00262266,삼현,437730,2023,별도재무제표,99848743018.0,68617808568.0,9796377029.0,2753382474.0,매출액,영업이익,제 36 기,제 35 기
00262266,삼현,437730,2024,연결재무제표,100447699055.0,99848743018.0,5516949984.0,9796377029.0,매출액,영업이익(손실),제 37 기,제 36 기
00262266,삼현,437730,2025,연결재무제표,95041722249.0,100447699055.0,805333955.0,5516949984.0,매출액,영업이익(손실),제 38 기,제 37 기
00128926,삼현철강,017480,2023,별도재무제표,262437778010.0,340566810816.0,9727719983.0,19125865555.0,수익(매출액),영업이익(손실),제 40 기,제 39 기
00128926,삼현철강,017480,2024,별도재무제표,223661506913.0,262437778010.0,3559859456.0,9727719983.0,수익(매출액),영업이익(손실),제 41 기,제 40 기
00128926,삼현철강,017480,2025,별도재무제표,217962237638.0,223661506913.0,5099289480.0,3559859456.0,수익(매출액),영업이익(손실),제 42 기,제 41 기
00128980,삼호개발,010960,2023,연결재무제표,361917141434.0,307522114170.0,10532376679.0,4469401497.0,매출액,영업이익,제 48 기,제 47 기
00128980,삼호개발,010960,2024,연결재무제표,401776583229.0,361917141434.0,1172393105.0,10532376679.0,매출액,영업이익,제 49 기,제 48 기
00128980,삼호개발,010960,2025,연결재무제표,409727353425.0,401776583229.0,14486355618.0,1172393105.0,매출액,영업이익,제 50 기,제 49 기
00301112,삼화네트웍스,046390,2023,연결재무제표,62368852039.0,82311425331.0,-1822762592.0,10766774371.0,매출액,영업이익(손실),제 33 기,제 32 기
00301112,삼화네트웍스,046390,2024,연결재무제표,46719353180.0,62368852039.0,671031251.0,-1822762592.0,매출액,영업이익(손실),제 34 기,제 33 기
00301112,삼화네트웍스,046390,2025,연결재무제표,37266321862.0,46719353180.0,-1547996543.0,671031251.0,매출액,영업이익(손실),제 35 기,제 34 기
00129235,삼화왕관,004450,2023,연결재무제표,157903566081.0,154447846282.0,6945255277.0,3605485104.0,매출액,영업이익,제 58 기,제 57 기
00129235,삼화왕관,004450,2024,연결재무제표,167142498336.0,157903566081.0,10627822764.0,6945255277.0,매출액,영업이익,제 59 기,제 58 기
00129235,삼화왕관,004450,2025,연결재무제표,162897513863.0,167142498336.0,6756629237.0,10627822764.0,매출액,영업이익,제 60 기,제 59 기
00129271,삼화전기,009470,2023,연결재무제표,202450938538.0,239112733902.0,7828690534.0,13648212242.0,수익(매출액),영업이익(손실),제 51 기,제 50 기
00129271,삼화전기,009470,2024,연결재무제표,233116164397.0,202450938538.0,24788845997.0,7828690534.0,매출액,영업이익,제 52 기,제 51 기
00129271,삼화전기,009470,2025,연결재무제표,230067797956.0,233116164397.0,12036508083.0,24788845997.0,매출액,영업이익(손실),제 53 기,제 52 기
00129280,삼화전자공업,011230,2023,연결재무제표,41906999638.0,48326219525.0,-5003290248.0,-4295416659.0,매출액,영업이익(손실),제 48 기,제 47 기
00129280,삼화전자공업,011230,2024,연결재무제표,33397439064.0,41906999638.0,-7272936114.0,-5003290248.0,매출액,영업이익(손실),제 49 기,제 48 기
00129280,삼화전자공업,011230,2025,연결재무제표,29632415122.0,33397439064.0,-7775962013.0,-7272936114.0,매출액,영업이익(손실),제 50 기,제 49 기
00129350,삼화콘덴서공업,001820,2023,연결재무제표,280768545013.0,263469129967.0,23693227777.0,30515172659.0,매출액,영업이익(손실),제 68 기,제 67 기
00129350,삼화콘덴서공업,001820,2024,연결재무제표,295412198601.0,280768545013.0,17842307493.0,23693227777.0,매출액,영업이익(손실),제 69 기,제 68 기
00129350,삼화콘덴서공업,001820,2025,연결재무제표,294491998379.0,295412198601.0,12866483343.0,17842307493.0,수익(매출액),영업이익(손실),제 70 기,제 69 기
00129615,상보,027580,2023,연결재무제표,66156769308.0,67412484219.0,2254501294.0,2541236225.0,매출액,영업이익(손실),제 35 기,제 34 기
00129615,상보,027580,2024,연결재무제표,53827014584.0,66156769308.0,-8030705994.0,2254501294.0,매출액,영업이익(손실),제 36 기,제 35 기
00129615,상보,027580,2025,연결재무제표,50105278206.0,53827014584.0,-8907837438.0,-8030705994.0,매출액,영업이익(손실),제 37 기,제 36 기
00306162,상상인,038540,2023,연결재무제표,936962706826.0,764621201141.0,-64717139541.0,64850625855.0,수익(매출액),영업이익(손실),제 35 기,제 34 기
00306162,상상인,038540,2024,연결재무제표,870250386459.0,936962706826.0,-214829324595.0,-64717139541.0,수익(매출액),영업이익(손실),제 36 기,제 35 기
00306162,상상인,038540,2025,연결재무제표,418561194722.0,588250647629.0,-48213058666.0,-76414522568.0,수익(매출액),영업이익(손실),제 37 기,제 36 기
00112059,상상인증권,001290,2023,연결재무제표,182188880534.0,51097917726.0,961727538.0,-847277006.0,"영업수익 (주41,42)",영업이익(손실),제 71 기,제 70 기
00112059,상상인증권,001290,2024,연결재무제표,322674868493.0,182188880534.0,-49707791308.0,961727538.0,"I.영업수익 (주41,42)",III.영업이익(손실),제 72 기,제 71 기
00112059,상상인증권,001290,2025,연결재무제표,181734041730.0,322674868493.0,-9089480944.0,-49707791308.0,"I.영업수익 (주41,42)",III.영업이익(손실),제 73 기,제 72 기
00129642,상신브레이크,041650,2023,연결재무제표,575491184783.0,489014822462.0,27544460360.0,14080989932.0,수익(매출액),영업이익(손실),제 49 기,제 48 기
00129642,상신브레이크,041650,2024,연결재무제표,578555061212.0,575491184783.0,20646142654.0,27544460360.0,수익(매출액),영업이익(손실),제 50 기,제 49 기
00129642,상신브레이크,041650,2025,연결재무제표,542260553063.0,578555061212.0,-1358122964.0,20646142654.0,수익(매출액),영업이익(손실),제 51 기,제 50 기
00480783,상신이디피,091580,2023,연결재무제표,301635718758.0,290811126688.0,30203143040.0,32756372592.0,수익(매출액),영업이익(손실),제 32 기,제 31 기
00480783,상신이디피,091580,2024,연결재무제표,251800540845.0,301635718758.0,-8221282918.0,30203143040.0,수익(매출액),영업이익(손실),제 33 기,제 32 기
00480783,상신이디피,091580,2025,연결재무제표,250083513076.0,245143658182.0,8654871859.0,-6513388498.0,매출액,영업이익(손실),제 34 기,제 33 기
00760999,상신전자,263810,2023,연결재무제표,109703758730.0,111344599957.0,1544294604.0,840928487.0,매출액,영업이익,제 36 기,제 35 기
00760999,상신전자,263810,2024,연결재무제표,124971626613.0,109703758730.0,2128294838.0,1544294604.0,매출액,영업이익,제 37 기,제 36 기
00760999,상신전자,263810,2025,연결재무제표,129139555836.0,124971626613.0,2562993642.0,2128294838.0,매출액,영업이익,제 38 기,제 37 기
00181299,상아프론테크,089980,2023,연결재무제표,183599147402.0,181155503171.0,8958369872.0,12905637676.0,매출액,영업이익,제 38 기,제 37 기
00181299,상아프론테크,089980,2024,연결재무제표,171751657758.0,183599147402.0,5849621931.0,8958369872.0,매출액,영업이익,제 39 기,제 38 기
00181299,상아프론테크,089980,2025,연결재무제표,195987991877.0,171751657758.0,6712413242.0,5849621931.0,매출액,영업이익,제 40 기,제 39 기
00232007,상지건설,042940,2023,연결재무제표,173869290148.0,53794404397.0,32464309346.0,5403269253.0,매출액,영업이익(손실),제 45 기,제 44 기
00232007,상지건설,042940,2024,연결재무제표,20428414745.0,173869290148.0,-21767056471.0,32464309346.0,매출액,영업이익(손실),제 46 기,제 45 기
00232007,상지건설,042940,2025,연결재무제표,18611908600.0,20428414745.0,-6846100596.0,-21767056471.0,매출액,영업이익(손실),제 47 기,제 46 기
00147994,새로닉스,042600,2023,연결재무제표,201701546184.0,218666962658.0,389601220.0,472202217.0,수익(매출액),영업이익(손실),제 54 기,제 53 기
00147994,새로닉스,042600,2024,연결재무제표,202501396859.0,201701546184.0,7282953087.0,389601220.0,수익(매출액),영업이익(손실),제 55 기,제 54 기
00147994,새로닉스,042600,2025,연결재무제표,164947822818.0,202501396859.0,-2632839358.0,7282953087.0,수익(매출액),영업이익(손실),제 56 기,제 55 기
00305668,새론오토모티브,075180,2023,연결재무제표,140307231181.0,138037550411.0,-7620523972.0,-3096423313.0,수익(매출액),영업이익(손실),제 25 기,제 24 기
00305668,새론오토모티브,075180,2024,연결재무제표,142009270182.0,140307231181.0,-5783033372.0,-7620523972.0,수익(매출액),영업이익(손실),제 26 기,제 25 기
00305668,새론오토모티브,075180,2025,연결재무제표,138694899840.0,142009270182.0,-739051422.0,-5783033372.0,수익(매출액),영업이익(손실),제 27 기,제 26 기
00862880,새빗켐,107600,2023,별도재무제표,45990061261.0,48126170903.0,-4902529763.0,10199488063.0,매출액,영업이익,제 23 기,제 22 기
00862880,새빗켐,107600,2024,별도재무제표,30336503327.0,45990061261.0,-6157119470.0,-4902529763.0,매출액,영업이익,제 24 기,제 23 기
00862880,새빗켐,107600,2025,별도재무제표,38390648152.0,30336503327.0,-9419303009.0,-6157119470.0,매출액,영업이익,제 25 기,제 24 기
01242241,샌즈랩,411080,2023,별도재무제표,11721914034.0,9299538168.0,-883678732.0,2089463274.0,영업수익,영업이익(손실),제 20 기,제 19 기
01242241,샌즈랩,411080,2024,별도재무제표,8296932833.0,11721914034.0,-3709115101.0,-883678732.0,영업수익,영업이익(손실),제 21 기,제 20 기
01242241,샌즈랩,411080,2025,연결재무제표,11612082342.0,8296932833.0,-1770367370.0,-3709115101.0,영업수익,영업이익(손실),제 22 기,제 21 기
01199727,샘씨엔에스,252990,2023,별도재무제표,30934610500.0,50118586232.0,-2912391718.0,14898936338.0,수익(매출액),영업이익(손실),제 8 기,제 7 기
01199727,샘씨엔에스,252990,2024,별도재무제표,53315552043.0,30934610500.0,5200613544.0,-2912391718.0,수익(매출액),영업이익(손실),제 9 기,제 8 기
01199727,샘씨엔에스,252990,2025,별도재무제표,77985021913.0,53315552043.0,14666259843.0,5200613544.0,매출액,영업이익(손실),제 10 기,제 9 기
00130091,샘표,007540,2023,연결재무제표,383926496950.0,371827516670.0,8130901397.0,10335490908.0,수익(매출액),영업이익(손실),제 53 기,제 52 기
00130091,샘표,007540,2024,연결재무제표,404955848041.0,383926496950.0,5875234279.0,8130901397.0,수익(매출액),영업이익(손실),제 54 기,제 53 기
00130091,샘표,007540,2025,연결재무제표,408963972960.0,404955848041.0,24142975241.0,5875234279.0,수익(매출액),영업이익(손실),제 55 기,제 54 기
01167056,샘표식품,248170,2023,연결재무제표,383426040745.0,371198280962.0,9846452060.0,11131354481.0,수익(매출액),영업이익(손실),제 8 기,제 7 기
01167056,샘표식품,248170,2024,연결재무제표,404881504598.0,383426040745.0,6460516653.0,9846452060.0,수익(매출액),영업이익(손실),제 9 기,제 8 기
01167056,샘표식품,248170,2025,연결재무제표,408926546791.0,404881504598.0,24475787476.0,6460516653.0,수익(매출액),영업이익(손실),제 10 기,제 9 기
01387164,샤페론,378800,2023,연결재무제표,215251274.0,2000000000.0,-13228301461.0,-11029970345.0,영업수익,영업이익(손실),제 16 기,제 15 기
01387164,샤페론,378800,2024,연결재무제표,17704497.0,215251274.0,-15141502559.0,-13228301461.0,영업수익,영업이익(손실),제 17 기,제 16 기
01387164,샤페론,378800,2025,연결재무제표,227804629.0,17704497.0,-15839057550.0,-15141502559.0,매출액,영업이익(손실),제 18 기,제 17 기
00867973,서남,294630,2023,별도재무제표,6390911562.0,6364610272.0,-3093888012.0,-2400302378.0,수익(매출액),영업이익(손실),제 20 기,제 19 기
00867973,서남,294630,2024,별도재무제표,1405653733.0,6390911562.0,-4466955298.0,-3093888012.0,수익(매출액),영업이익(손실),제 21 기,제 20 기
00867973,서남,294630,2025,별도재무제표,3386486863.0,1405653733.0,-3857862253.0,-4466955298.0,수익(매출액),영업이익(손실),제 22 기,제 21 기
00373447,서린바이오,038070,2023,연결재무제표,89569472309.0,104708360149.0,2494508388.0,9197165421.0,매출액,영업이익(손실),제 30 기,제 29 기
00373447,서린바이오,038070,2024,연결재무제표,75410358630.0,89569472309.0,952670448.0,2494508388.0,매출액,영업이익(손실),제 31 기,제 30 기
00373447,서린바이오,038070,2025,연결재무제표,77091299573.0,75410358630.0,691623464.0,952670448.0,매출액,영업이익(손실),제 32 기,제 31 기
00130383,서부T&D,006730,2023,연결재무제표,169161889592.0,135281001825.0,37223707165.0,19185280991.0,매출액,영업이익(손실),제 44 기,제 43 기
00130383,서부T&D,006730,2024,연결재무제표,187479112967.0,169161889592.0,47986173901.0,37223707165.0,수익(매출액),영업이익(손실),제 45 기,제 44 기
00130383,서부T&D,006730,2025,연결재무제표,248329962530.0,180946752003.0,70337173396.0,48050305863.0,수익(매출액),영업이익(손실),제 46 기,제 45 기
00130408,서산,079650,2023,연결재무제표,41252744468.0,49163419144.0,-1576866107.0,-490722601.0,수익(매출액),영업이익(손실),제 50 기,제 49 기
00130408,서산,079650,2024,연결재무제표,35683765002.0,41252744468.0,-2494575557.0,-1576866107.0,수익(매출액),영업이익(손실),제 51 기,제 50 기
00130408,서산,079650,2025,연결재무제표,45103016559.0,35683765002.0,-3330555325.0,-2494575557.0,수익(매출액),영업이익(손실),제 52 기,제 51 기
00166528,서암기계공업,100660,2023,별도재무제표,45836974166.0,50418205177.0,613607689.0,1610872010.0,수익(매출액),영업이익(손실),제 46 기,제 45 기
00166528,서암기계공업,100660,2024,별도재무제표,42371013550.0,45836974166.0,-1293990084.0,613607689.0,수익(매출액),영업이익(손실),제 47 기,제 46 기
00166528,서암기계공업,100660,2025,연결재무제표,46501236360.0,42371013550.0,44269957.0,-1293990084.0,수익(매출액),영업이익(손실),제 48 기,제 47 기
00163114,서연,007860,2023,연결재무제표,4020724761964.0,3251548681865.0,256859542763.0,188572721382.0,매출액,영업이익,제 52 기,제 51 기
00163114,서연,007860,2024,연결재무제표,4498780011654.0,4020724761964.0,241938199007.0,256859542763.0,매출액,영업이익,제 53 기,제 52 기
00163114,서연,007860,2025,연결재무제표,4916072967528.0,4498780011654.0,199589955218.0,241938199007.0,매출액,영업이익,제 54 기,제 53 기
01036446,서연이화,200880,2023,연결재무제표,3574265560035.0,2845253369954.0,193109887890.0,150682128141.0,매출액,영업이익(손실),제 10 기,제 9 기
01036446,서연이화,200880,2024,연결재무제표,4041529108352.0,3574265560035.0,154404448469.0,193109887890.0,매출액,영업이익,제 11 기,제 10 기
01036446,서연이화,200880,2025,연결재무제표,4505249722750.0,4041529108352.0,161799822068.0,154404448469.0,매출액,영업이익,제 12 기,제 11 기
00153278,서연탑메탈,019770,2023,연결재무제표,173052825577.0,164178182253.0,6949154558.0,2807000983.0,수익(매출액),영업이익(손실),제 37 기,제 36 기
00153278,서연탑메탈,019770,2024,연결재무제표,182361573211.0,173052825577.0,9257114848.0,6949154558.0,수익(매출액),영업이익(손실),제 38 기,제 37 기
00153278,서연탑메탈,019770,2025,별도재무제표,207061838044.0,182361573211.0,11911500625.0,9257114848.0,수익(매출액),영업이익(손실),제 39 기,제 38 기
00130684,서울도시가스,017390,2023,연결재무제표,1717423189672.0,1724452004293.0,-3200619585.0,3324640638.0,매출액,영업이익(손실),제 41 기,제 40 기
00130684,서울도시가스,017390,2024,연결재무제표,1703788525280.0,1717423189672.0,-10285296486.0,-3200619585.0,매출액,영업이익(손실),제 42 기,제 41 기
00130684,서울도시가스,017390,2025,연결재무제표,1827997485378.0,1703788525280.0,17405786429.0,-10285296486.0,매출액,영업이익(손실),제 43 기,제 42 기
00488402,서울바이오시스,092190,2023,연결재무제표,503960846284.0,438791591285.0,-72949875244.0,-62117967238.0,매출액,영업이익,제 22 기,제 21 기
00488402,서울바이오시스,092190,2024,연결재무제표,699232725004.0,503960846284.0,3487592223.0,-72949875244.0,매출액,영업이익(손실),제 23 기,제 22 기
00488402,서울바이오시스,092190,2025,연결재무제표,763809147116.0,699232725004.0,225831786.0,3487592223.0,수익(매출액),영업이익(손실),제 24 기,제 23 기
00130763,서울반도체,046890,2023,연결재무제표,1032380637430.0,1109427463605.0,-49351836734.0,-33437894990.0,매출액,영업이익,제 37 기,제 36 기
00130763,서울반도체,046890,2024,연결재무제표,1090485819261.0,1032380637430.0,796674308.0,-49351836734.0,수익(매출액),영업이익,제 38 기,제 37 기
00130763,서울반도체,046890,2025,연결재무제표,1013523607401.0,1090485819261.0,-31515946872.0,-10824867940.0,수익(매출액),영업이익,제 39 기,제 38 기
00112998,서울보증보험,031210,2025,연결재무제표,445475884681.0,461580178965.0,375701743924.0,279662786859.0,투자영업수익,영업이익,제 59 기,제 58 기
00130879,서울식품공업,004410,2023,별도재무제표,64784789661.0,64349405690.0,586533680.0,1310279754.0,수익(매출액),영업이익(손실),제 59 기,제 58 기
00130879,서울식품공업,004410,2024,별도재무제표,58588657427.0,64784789661.0,-2232262628.0,586533680.0,수익(매출액),영업이익(손실),제 60 기,제 59 기
00130879,서울식품공업,004410,2025,별도재무제표,68603497542.0,58588657427.0,-459735590.0,-2232262628.0,수익(매출액),영업이익(손실),제 61 기,제 60 기
00410915,서울옥션,063170,2023,연결재무제표,44965867806.0,55137015987.0,-3547805936.0,7708465822.0,매출액,영업이익(손실),제 26 기,제 25 기
00410915,서울옥션,063170,2024,연결재무제표,20599064531.0,44965867806.0,-3390242787.0,-3547805936.0,매출액,영업이익(손실),제 27 기,제 26 기
00410915,서울옥션,063170,2025,연결재무제표,21334383653.0,20599064531.0,-3953230030.0,-3390242787.0,매출액,영업이익(손실),제 28 기,제 27 기
00130587,서울전자통신,027040,2023,연결재무제표,34586691657.0,51836203952.0,-3756620550.0,-7727186324.0,매출액,영업이익(손실),제 41 기,제 40 기
00130587,서울전자통신,027040,2024,연결재무제표,35822248206.0,34586691657.0,-2230403436.0,-3756620550.0,매출액,영업손실,제 42 기,제 41 기
00130587,서울전자통신,027040,2025,연결재무제표,33729253174.0,35822248206.0,-1609196308.0,-2230403436.0,매출액,영업이익(손실),제 43 기,제 42 기
00131018,서울제약,018680,2023,별도재무제표,52458517117.0,50056724915.0,1212776458.0,1738725291.0,수익(매출액),영업이익(손실),제 38 기,제 37 기
00131018,서울제약,018680,2024,별도재무제표,53579628595.0,52458517117.0,1527776530.0,1212776458.0,매출액,영업이익(손실),제 39 기,제 38 기
00131018,서울제약,018680,2025,별도재무제표,52149309124.0,53579628595.0,-1279411220.0,1527776530.0,매출액,영업이익(손실),제 40 기,제 39 기
00260745,서울평가정보,036120,2023,연결재무제표,34374009972.0,40899238308.0,401056866.0,4581125564.0,영업수익,영업이익(손실),제 32 기,제 31 기
00260745,서울평가정보,036120,2024,연결재무제표,38082158968.0,34374009972.0,5160192153.0,401056866.0,영업수익,영업이익,제 33 기,제 32 기
00260745,서울평가정보,036120,2025,연결재무제표,41257827184.0,38082158968.0,6757649441.0,5160192153.0,영업수익,영업이익,제 34 기,제 33 기
00131197,서원,021050,2023,별도재무제표,233179269197.0,275679212522.0,452953609.0,173336109.0,수익(매출액),영업이익(손실),제 36 기,제 35 기
00131197,서원,021050,2024,연결재무제표,1229526508990.0,233179269197.0,27647640318.0,452953609.0,수익(매출액),영업이익(손실),제 37 기,제 36 기
00131197,서원,021050,2025,연결재무제표,1713611354765.0,1229526508990.0,53323111520.0,27647640318.0,수익(매출액),영업이익,제 38 기,제 37 기
00445799,서원인텍,093920,2023,연결재무제표,262811619114.0,316789922430.0,9986462505.0,22560152834.0,수익(매출액),영업이익(손실),제 27 기,제 26 기
00445799,서원인텍,093920,2024,연결재무제표,229274691662.0,259802125913.0,8856367356.0,11837410897.0,수익(매출액),영업이익(손실),제 28 기,제 27 기
00445799,서원인텍,093920,2025,연결재무제표,194904120443.0,223990808357.0,3433147237.0,9618779179.0,수익(매출액),영업이익(손실),제 29 기,제 28 기
00869272,서전기전,189860,2023,별도재무제표,43269003267.0,50705101233.0,-3459108384.0,-2909881446.0,수익(매출액),영업이익(손실),제 32 기,제 31 기
00869272,서전기전,189860,2024,별도재무제표,63335667930.0,43269003267.0,612300391.0,-3459108384.0,수익(매출액),영업이익(손실),제 33 기,제 32 기
00869272,서전기전,189860,2025,별도재무제표,68106757182.0,63335667930.0,-8800092301.0,612300391.0,수익(매출액),영업이익(손실),제 34 기,제 33 기
00838005,서진시스템,178320,2023,연결재무제표,778694260990.0,735988528835.0,48998367201.0,59685469635.0,매출액,영업이익(손실),제 17 기,제 16 기
00838005,서진시스템,178320,2024,연결재무제표,1213752801436.0,778694260990.0,108700662517.0,48998367201.0,매출액,영업이익,제 18 기,제 17 기
00838005,서진시스템,178320,2025,연결재무제표,1066330738953.0,1213752801436.0,1145784823.0,108700662517.0,매출액,영업이익,제 19 기,제 18 기
00800145,서진오토모티브,122690,2023,연결재무제표,2451930583574.0,2093667836219.0,73758587434.0,46358890455.0,수익(매출액),영업이익(손실),제 14 기,제 13 기
00800145,서진오토모티브,122690,2024,연결재무제표,2589137132700.0,2451930583574.0,36521257119.0,73758587434.0,수익(매출액),영업이익(손실),제 15 기,제 14 기
00800145,서진오토모티브,122690,2025,연결재무제표,2941851720462.0,2589137132700.0,26809316912.0,36521257119.0,매출액,영업이익,제 16 기,제 15 기
00599285,서플러스글로벌,140070,2023,연결재무제표,166034852561.0,234921237463.0,13032683453.0,31905194432.0,수익(매출액),영업이익(손실),제 24 기,제 23 기
00599285,서플러스글로벌,140070,2024,연결재무제표,251619315953.0,166034852561.0,14156543996.0,13032683453.0,수익(매출액),영업이익(손실),제 25 기,제 24 기
00599285,서플러스글로벌,140070,2025,연결재무제표,208410779850.0,251619315953.0,-11696354740.0,14156543996.0,수익(매출액),영업이익(손실),제 26 기,제 25 기
00131504,서한,011370,2023,연결재무제표,621658295698.0,730033168624.0,24232110451.0,59842013346.0,매출액,영업이익,제 48 기,제 47 기
00131504,서한,011370,2024,연결재무제표,749383130637.0,621658295698.0,26460995446.0,25105632693.0,수익(매출액),영업이익(손실),제 49 기,제 48 기
00131504,서한,011370,2025,연결재무제표,645114465728.0,749383130637.0,62554266987.0,26460995446.0,수익(매출액),영업이익(손실),제 50 기,제 49 기
00220622,서호전기,065710,2023,연결재무제표,66169002063.0,60170515020.0,12980216204.0,12465917949.0,수익(매출액),영업이익,제 36 기,제 35 기
00220622,서호전기,065710,2024,연결재무제표,46467231659.0,66169002063.0,1645582899.0,12980216204.0,매출액,영업이익,제 37 기,제 36 기
00220622,서호전기,065710,2025,연결재무제표,116625518085.0,46467231659.0,25325581550.0,1645582899.0,매출액,영업이익,제 38 기,제 37 기
00131692,서흥,008490,2023,연결재무제표,594567151213.0,634966079026.0,42994972090.0,61977343251.0,매출액,영업이익,제 51 기,제 50 기
00131692,서흥,008490,2024,연결재무제표,653264494420.0,594567151213.0,33843445254.0,42994972090.0,매출액,영업이익,제 52 기,제 51 기
00131692,서흥,008490,2025,연결재무제표,722308593846.0,653264494420.0,50206468443.0,33843445254.0,매출액,영업이익,제 53 기,제 52 기
00219848,서희건설,035890,2023,연결재무제표,1441907750436.0,1437668988542.0,228215359127.0,206067723959.0,수익(매출액),영업이익,제 42 기,제 41 기
00219848,서희건설,035890,2024,연결재무제표,1473606222319.0,1441907750436.0,235743001764.0,228215359127.0,수익(매출액),영업이익,제 43 기,제 42 기
00219848,서희건설,035890,2025,연결재무제표,1100130344137.0,1473606222319.0,144388838105.0,235743001764.0,수익(매출액),영업이익,제 44 기,제 43 기
00921916,석경에이티,357550,2023,연결재무제표,12196671042.0,12345756305.0,3501622974.0,4708072873.0,매출액,영업이익,제 24 기,제 23 기
00921916,석경에이티,357550,2024,연결재무제표,13816434795.0,12196671042.0,2019072935.0,3501622974.0,매출액,영업이익,제 25 기,제 24 기
00921916,석경에이티,357550,2025,연결재무제표,17546662983.0,13816434795.0,3897552749.0,2019072935.0,매출액,영업이익,제 26 기,제 25 기
00131896,선광,003100,2023,연결재무제표,185300554838.0,172141436308.0,39087432544.0,26761774363.0,수익(매출액),영업이익(손실),제 75 기,제 74 기
00131896,선광,003100,2024,연결재무제표,186752030108.0,185300554838.0,36374328619.0,39087432544.0,수익(매출액),영업이익(손실),제 76 기,제 75 기
00131896,선광,003100,2025,연결재무제표,190422002484.0,186752030108.0,41390125061.0,36374328619.0,수익(매출액),영업이익(손실),제 77 기,제 76 기
00131939,선도전기,007610,2023,연결재무제표,41641878386.0,64020094129.0,-7214331618.0,-11292685179.0,수익(매출액),영업이익(손실),제 52 기,제 51 기
00131939,선도전기,007610,2024,연결재무제표,23984030522.0,41641878386.0,-5748394178.0,-7214331618.0,수익(매출액),영업이익(손실),제 53 기,제 52 기
00131939,선도전기,007610,2025,연결재무제표,38170718483.0,23984030522.0,1248969765.0,-5748394178.0,수익(매출액),영업이익(손실),제 54 기,제 53 기
00407036,선바이오,067370,2023,별도재무제표,12291883598.0,7420394142.0,5192339957.0,190910321.0,수익(매출액),영업이익(손실),제 27 기,제 26 기
00407036,선바이오,067370,2024,별도재무제표,8682778981.0,12291883598.0,-533240318.0,5192339957.0,수익(매출액),영업이익(손실),제 28 기,제 27 기
00407036,선바이오,067370,2025,별도재무제표,13672512814.0,8682778981.0,5036101422.0,-533240318.0,수익(매출액),영업이익(손실),제 29 기,제 28 기
00327819,선익시스템,171090,2023,연결재무제표,62412802428.0,74052657060.0,-4057386187.0,4434988604.0,수익(매출액),영업이익(손실),제 34 기,제 33 기
00327819,선익시스템,171090,2024,연결재무제표,112925047956.0,62412802428.0,7906583113.0,-4057386187.0,수익(매출액),영업이익(손실),제 35 기,제 34 기
00327819,선익시스템,171090,2025,연결재무제표,515761033577.0,112925047956.0,111525548096.0,7906583113.0,매출액,영업이익(손실),제 36 기,제 35 기
00855093,선진,136490,2023,연결재무제표,1906005301125.0,1870781185636.0,97522940188.0,70603246898.0,수익(매출액),영업이익(손실),제 13 기,제 12 기
00855093,선진,136490,2025,연결재무제표,1895741974966.0,1681370807177.0,179191482600.0,124085515096.0,수익(매출액),영업이익(손실),제 15 기,제 14 기
00132202,선진뷰티사이언스,086710,2023,연결재무제표,72622359560.0,64332226652.0,9043651973.0,5320882252.0,수익(매출액),영업이익(손실),제 36 기,제 35 기
00132202,선진뷰티사이언스,086710,2024,연결재무제표,79372060433.0,72622359560.0,10639844772.0,9043651973.0,수익(매출액),영업이익(손실),제 37 기,제 36 기
00132202,선진뷰티사이언스,086710,2025,연결재무제표,80766128193.0,79372060433.0,6059554129.0,10639844772.0,수익(매출액),영업이익(손실),제 38 기,제 37 기
00132318,성광벤드,014620,2023,연결재무제표,254692907041.0,244025545479.0,44833439099.0,26760618158.0,매출액,영업이익(손실),제 44 기,제 43 기
00132318,성광벤드,014620,2024,연결재무제표,227683121973.0,254692907041.0,41988089482.0,44833439099.0,매출액,영업이익,제 45 기,제 44 기
00132318,성광벤드,014620,2025,연결재무제표,245669879092.0,227683121973.0,41955658561.0,41988089482.0,매출액,영업이익,제 46 기,제 45 기
00216498,성도이엔지,037350,2023,연결재무제표,678599013645.0,705803485232.0,12314577967.0,-4985258685.0,매출액,영업이익,제 36 기,제 35 기
00216498,성도이엔지,037350,2024,연결재무제표,999611416620.0,678599013645.0,27296131094.0,12314577967.0,매출액,영업이익,제 37 기,제 36 기
00216498,성도이엔지,037350,2025,연결재무제표,743406393090.0,999611416620.0,57697884783.0,27296131094.0,수익(매출액),영업이익,제 38 기,제 37 기
00132628,성문전자,014910,2023,연결재무제표,45063801937.0,49973898725.0,513645939.0,2467546877.0,매출액,영업이익(손실),제 44 기,제 43 기
00132628,성문전자,014910,2024,연결재무제표,48061878139.0,45063801937.0,1103250622.0,513645939.0,매출액,영업이익(손실),제 45 기,제 44 기
00132628,성문전자,014910,2025,연결재무제표,53675382629.0,48061878139.0,1673330872.0,1103250622.0,매출액,영업이익(손실),제 46 기,제 45 기
00132804,성신양회,004980,2023,연결재무제표,1113282184538.0,1030414329947.0,73331934254.0,1833600738.0,수익(매출액),영업이익(손실),제 58 기,제 57 기
00132804,성신양회,004980,2024,연결재무제표,1162632731807.0,1113282184538.0,53239362394.0,73331934254.0,매출액,영업이익,제 59 기,제 58 기
00132804,성신양회,004980,2025,연결재무제표,1216265960464.0,1162632731807.0,43656046848.0,53239362394.0,매출액,영업이익,제 60 기,제 59 기
00319272,성우,458650,2024,연결재무제표,130913082962.0,146659200324.0,14634597855.0,28922102544.0,수익(매출액),영업이익(손실),제 33 기,제 32 기
00319272,성우,458650,2025,연결재무제표,85550263958.0,130913082962.0,1040762216.0,14634597855.0,수익(매출액),영업이익(손실),제 34 기,제 33 기
00364306,성우전자,081580,2023,연결재무제표,149212401734.0,165924786547.0,-4460396786.0,2805113897.0,수익(매출액),영업이익(손실),제 37 기,제 36 기
00364306,성우전자,081580,2024,연결재무제표,146900969431.0,149212401734.0,-5094733278.0,-4460396786.0,수익(매출액),영업이익(손실),제 38 기,제 37 기
00364306,성우전자,081580,2025,연결재무제표,182738934318.0,146900969431.0,3982695738.0,-5094733278.0,수익(매출액),영업이익(손실),제 39 기,제 38 기
00350482,성우테크론,045300,2023,연결재무제표,33775629980.0,44409948471.0,-808211684.0,4833191541.0,매출액,영업이익(손실),제 27 기,제 26 기
00350482,성우테크론,045300,2024,연결재무제표,41687064810.0,33775629980.0,1183990318.0,-808211684.0,매출액,영업이익(손실),제 28 기,제 27 기
00350482,성우테크론,045300,2025,연결재무제표,40916515347.0,41687064810.0,1952258057.0,1183990318.0,매출액,영업이익(손실),제 29 기,제 28 기
00132992,성우하이텍,015750,2023,연결재무제표,4321987308635.0,3976784541043.0,256728659148.0,102793647469.0,수익(매출액),영업이익(손실),제 43 기,제 42 기
00132992,성우하이텍,015750,2024,연결재무제표,4245092707610.0,4321987308635.0,205882638168.0,256728659148.0,영업수익,영업이익(손실),제 44 기,제 43 기
00132992,성우하이텍,015750,2025,연결재무제표,4382670411366.0,4245092707610.0,242683147425.0,205882638168.0,매출액,영업이익(손실),제 45 기,제 44 기
00133089,성원,015200,2023,별도재무제표,130267159476.0,144305036481.0,13049947442.0,17821077765.0,수익(매출액),영업이익(손실),제 43 기,제 42 기
00133089,성원,015200,2024,별도재무제표,116929435279.0,130267159476.0,6129127645.0,13049947442.0,수익(매출액),영업이익(손실),제 44 기,제 43 기
00133089,성원,015200,2025,별도재무제표,112187773208.0,116929435279.0,7887090504.0,6129127645.0,수익(매출액),영업이익(손실),제 45 기,제 44 기
01368637,성원에너텍,340930,2023,연결재무제표,38507805865.0,47468577156.0,-10108980369.0,-19282004973.0,매출액,영업이익(손실),제 12 기,제 11 기
01368637,성원에너텍,340930,2024,연결재무제표,59689568831.0,38507805865.0,-16722746774.0,-10108980369.0,매출액,영업이익(손실),제 13 기,제 12 기
01368637,성원에너텍,340930,2025,연결재무제표,60014953095.0,59689568831.0,-2713122013.0,-16722746774.0,매출액,영업이익(손실),제 14 기,제 13 기
01274329,성일하이텍,365340,2023,연결재무제표,247367786854.0,269895520527.0,-8338433228.0,48313488557.0,매출액,영업이익(손실),제 7 기,제 6 기
01274329,성일하이텍,365340,2024,연결재무제표,136215012576.0,247367786854.0,-71393158346.0,-8338433228.0,수익(매출액),영업이익(손실),제 8 기,제 7 기
01274329,성일하이텍,365340,2025,연결재무제표,194629131476.0,136215012576.0,-54533608529.0,-71393158346.0,매출액,영업이익(손실),제 9 기,제 8 기
00133335,성창기업지주,000180,2023,연결재무제표,166253799305.0,227519697624.0,-16701274741.0,-11487135610.0,수익(매출액),영업이익(손실),제 94 기,제 93 기
00133335,성창기업지주,000180,2024,연결재무제표,143105590875.0,166253799305.0,-7293464621.0,-16701274741.0,수익(매출액),영업이익(손실),제 95 기,제 94 기
00133335,성창기업지주,000180,2025,연결재무제표,127218274093.0,143105590875.0,-6928127999.0,-7293464621.0,수익(매출액),영업이익(손실),제 96 기,제 95 기
00486370,성창오토텍,080470,2023,연결재무제표,169274188884.0,184784543631.0,4058130289.0,6954638923.0,매출액,영업이익(손실),제 28 기,제 27 기
00486370,성창오토텍,080470,2024,연결재무제표,194360449325.0,169274188884.0,6307217775.0,4058130289.0,매출액,영업이익(손실),제 29 기,제 28 기
00486370,성창오토텍,080470,2025,연결재무제표,243521604086.0,194360449325.0,11607786887.0,6307217775.0,매출액,영업이익(손실),제 30 기,제 29 기
00317210,성호전자,043260,2023,연결재무제표,208061479027.0,153575649263.0,25857169613.0,2045667031.0,수익(매출액),영업이익(손실),제 51 기,제 50 기
00317210,성호전자,043260,2024,연결재무제표,207326568063.0,208061479027.0,6311648229.0,25857169613.0,수익(매출액),영업이익(손실),제 52 기,제 51 기
00317210,성호전자,043260,2025,연결재무제표,231577035770.0,207326568063.0,7551422708.0,6311648229.0,수익(매출액),영업이익(손실),제 53 기,제 52 기
00913689,세경하이테크,148150,2023,연결재무제표,304477120594.0,260647147230.0,36183441126.0,7998634087.0,매출액.,영업이익(손실),제 18 기,제 17 기
00913689,세경하이테크,148150,2024,연결재무제표,320333197014.0,304477120594.0,31495713182.0,36183441126.0,매출액.,영업이익(손실),제 19 기,제 18 기
00913689,세경하이테크,148150,2025,연결재무제표,277917111183.0,320333197014.0,1762505924.0,31495713182.0,매출액,영업이익(손실),제 20 기,제 19 기
01010615,세나테크놀로지,061090,2025,연결재무제표,179288201881.0,167502055387.0,16289649592.0,21554345697.0,매출액,영업이익,제 28 기,제 27 기
01305869,세니젠,188260,2023,별도재무제표,20186588315.0,26757764411.0,-6476009361.0,-4082410663.0,매출액,영업이익(손실),제 19 기,제 18 기
01305869,세니젠,188260,2024,별도재무제표,15427879108.0,20186588315.0,-5874575015.0,-6476009361.0,매출액,영업이익(손실),제 20 기,제 19 기
01305869,세니젠,188260,2025,별도재무제표,15354255261.0,15427879108.0,-4374487146.0,-5874575015.0,매출액,영업이익(손실),제 21 기,제 20 기
00133663,세동,053060,2023,연결재무제표,169895212565.0,156051328239.0,12554831007.0,12725623531.0,수익(매출액),영업이익(손실),제 38 기,제 37 기
00133663,세동,053060,2024,연결재무제표,171088252415.0,169895212565.0,10712273142.0,12554831007.0,수익(매출액),영업이익(손실),제 39 기,제 38 기
00133663,세동,053060,2025,연결재무제표,189439770060.0,171088252415.0,9102838003.0,10712273142.0,수익(매출액),영업이익(손실),제 40 기,제 39 기
01416572,세림B&G,340440,2023,별도재무제표,58245452504.0,52526153669.0,4298983844.0,2692107814.0,매출액,영업이익,제 5 기,제 4 기
01416572,세림B&G,340440,2024,별도재무제표,55419229158.0,58245452504.0,3081847064.0,4298983844.0,매출액,영업이익,제 6 기,제 5 기
01416572,세림B&G,340440,2025,별도재무제표,47989768658.0,55419229158.0,913686463.0,3081847064.0,매출액,영업이익,제 7 기,제 6 기
00133751,세명전기,017510,2023,별도재무제표,11835001413.0,13966161594.0,1351879736.0,1022697460.0,매출,영업이익(손실),제 40 기,제 39 기
00133751,세명전기,017510,2024,별도재무제표,14431484950.0,12480171413.0,3029673182.0,1997049736.0,수익(매출액),영업이익(손실),제 41 기,제 40 기
00133751,세명전기,017510,2025,별도재무제표,32333208200.0,14431484950.0,14815685792.0,3029673182.0,수익(매출액),영업이익(손실),제 42 기,제 41 기
01627363,세미파이브,490470,2025,연결재무제표,120952056617.0,111813068704.0,-53394038561.0,-22926802833.0,매출액,영업이익(손실),제 7 기,제 6 기
00133812,세방,004360,2023,연결재무제표,1141950047426.0,1290350585813.0,28656237456.0,45146617926.0,수익(매출액),영업이익(손실),제 59 기,제 58 기
00133812,세방,004360,2024,연결재무제표,1373388758110.0,1141950047426.0,24495686269.0,28656237456.0,영업수익,영업이익(손실),제 60 기,제 59 기
00133812,세방,004360,2025,연결재무제표,1241786832538.0,1373388758110.0,27300616862.0,24495686269.0,매출액,영업이익,제 61 기,제 60 기
00133858,세방전지,004490,2023,연결재무제표,1684815345750.0,1473142777934.0,129915669248.0,81090384601.0,매출액,영업이익(손실),제 58 기,제 57 기
00133858,세방전지,004490,2024,연결재무제표,2059542800914.0,1684815345750.0,179667570936.0,129915669248.0,수익(매출액),영업이익(손실),제 59 기,제 58 기
00133858,세방전지,004490,2025,연결재무제표,2142068327877.0,2059542800914.0,153763577366.0,179667570936.0,수익(매출액),영업이익(손실),제 60 기,제 59 기
00133876,세보엠이씨,011560,2023,연결재무제표,871724995143.0,1031969465597.0,37561158354.0,33057021843.0,매출액,영업이익,제 46 기,제 45 기
00133876,세보엠이씨,011560,2024,연결재무제표,788786717342.0,880439526919.0,28614245880.0,46615416680.0,매출액,영업이익,제 47 기,제 46 기
00133876,세보엠이씨,011560,2025,연결재무제표,715793070282.0,788786717342.0,40367964669.0,28614245880.0,매출액,영업이익,제 48 기,제 47 기
01575361,세븐브로이맥주,267080,2023,연결재무제표,12399818269.0,32684685970.0,-6188672593.0,4937757791.0,수익(매출액),영업이익(손실),제 13 기,제 12 기
01575361,세븐브로이맥주,267080,2024,연결재무제표,8487066181.0,12399818269.0,-9085618631.0,-6188672593.0,수익(매출액),영업이익(손실),제 14 기,제 13 기
01575361,세븐브로이맥주,267080,2025,별도재무제표,6831219026.0,8487066181.0,-5364356590.0,-9085618631.0,수익(매출액),영업이익(손실),제 15 기,제 14 기
00106669,세아베스틸지주,001430,2023,연결재무제표,4083481175925.0,4386332748546.0,196690160681.0,127856465832.0,매출액,영업이익,제 69 기,제 68 기
00106669,세아베스틸지주,001430,2024,연결재무제표,3636063257694.0,4083481175925.0,52332166350.0,196690160681.0,수익(매출액),영업이익,제 70 기,제 69 기
00106669,세아베스틸지주,001430,2025,연결재무제표,3651585276954.0,3636063257694.0,98411992401.0,52332166350.0,수익(매출액),영업이익,제 71 기,제 70 기
01325979,세아제강,306200,2023,별도재무제표,1860904969919.0,1801835090460.0,231910194040.0,215165657893.0,매출액,영업이익,제 6 기,제 5 기
01325979,세아제강,306200,2024,연결재무제표,1809432963576.0,1860904969919.0,202908673849.0,231910194040.0,수익(매출액),영업이익,제 7 기,제 6 기
01325979,세아제강,306200,2025,연결재무제표,1484796736010.0,1809432963576.0,49601484490.0,202908673849.0,수익(매출액),영업이익,제 8 기,제 7 기
00124197,세아제강지주,003030,2023,연결재무제표,3913342472741.0,3953834150660.0,590946429587.0,567163868807.0,매출액,영업이익,제 65 기,제 64 기
00124197,세아제강지주,003030,2024,연결재무제표,3675086864147.0,3913342472741.0,211611279793.0,590946429587.0,수익(매출액),영업이익,제 66 기,제 65 기
00124197,세아제강지주,003030,2025,연결재무제표,3759574982771.0,3675086864147.0,205826153302.0,211611279793.0,수익(매출액),영업이익,제 67 기,제 66 기
00133991,세아특수강,019440,2023,연결재무제표,1029295896117.0,1074355051797.0,9048844451.0,28815275301.0,매출액,영업이익(손실),제 38 기,제 37 기
00133991,세아특수강,019440,2024,연결재무제표,1008676692070.0,1029295896117.0,22956958016.0,9048844451.0,수익(매출액),영업이익(손실),제 39 기,제 38 기
00133991,세아특수강,019440,2025,연결재무제표,956656048226.0,1008676692070.0,35619974034.0,22956958016.0,수익(매출액),영업이익(손실),제 40 기,제 39 기
00377610,세아홀딩스,058650,2023,연결재무제표,6419203603021.0,6745801494898.0,200772104770.0,196126337931.0,매출액,영업이익(손실),제 23 기,제 22 기
00377610,세아홀딩스,058650,2024,연결재무제표,6016826083760.0,6419203603021.0,99186065812.0,200772104770.0,수익(매출액),영업이익(손실),제 24 기,제 23 기
00377610,세아홀딩스,058650,2025,연결재무제표,6611085565727.0,6016826083760.0,175467417940.0,99186065812.0,수익(매출액),영업이익(손실),제 25 기,제 24 기
00347877,세영디앤씨,052190,2023,연결재무제표,327272727.0,114785226.0,-266849267.0,-722102042.0,수익(매출액),영업이익(손실),제 30 기,제 29 기
00347877,세영디앤씨,052190,2024,연결재무제표,0.0,327272727.0,-226689948.0,-266849267.0,수익(매출액),영업이익(손실),제 31 기,제 30 기
00347877,세영디앤씨,052190,2025,연결재무제표,0.0,0.0,-217449304.0,-226689948.0,수익(매출액),영업이익(손실),제 32 기,제 31 기
00134176,세우글로벌,013000,2023,연결재무제표,36127556606.0,28065827220.0,2368614961.0,1558551419.0,매출액,영업이익,제 46 기,제 45 기
00134176,세우글로벌,013000,2024,별도재무제표,35874839491.0,36127556606.0,2453243138.0,2368614961.0,매출액,영업이익,제 47 기,제 46 기
00134176,세우글로벌,013000,2025,별도재무제표,32679926710.0,35874839491.0,2433262939.0,2453243138.0,매출액,영업이익,제 48 기,제 47 기
00362201,세운메디칼,100700,2023,연결재무제표,68246934042.0,60116115365.0,16920173786.0,12187019080.0,매출액,영업이익,제 42 기,제 41 기
00362201,세운메디칼,100700,2024,연결재무제표,60150954758.0,68246934042.0,11376806206.0,16920173786.0,매출액,영업이익,제 43 기,제 42 기
00362201,세운메디칼,100700,2025,연결재무제표,63656938818.0,60150954758.0,12700763051.0,11376806206.0,매출액,영업이익,제 44 기,제 43 기
00173591,세원물산,024830,2023,별도재무제표,193044822258.0,171133634720.0,5906879018.0,14982919221.0,매출액,영업이익(손실),제 39 기,제 38 기
00173591,세원물산,024830,2024,별도재무제표,230905196586.0,193044822258.0,1341678298.0,5906879018.0,매출액,영업이익(손실),제 40 기,제 39 기
00173591,세원물산,024830,2025,별도재무제표,211615991165.0,230905196586.0,3056732966.0,1341678298.0,수익(매출액),영업이익(손실),제 41 기,제 40 기
00585219,세원이앤씨,091090,2023,연결재무제표,130624043162.0,126627325096.0,-6073766291.0,1818195585.0,수익(매출액),영업이익(손실),제 18 기,제 17 기
00585219,세원이앤씨,091090,2024,연결재무제표,141070220015.0,130624043162.0,-13992151587.0,-6073766291.0,수익(매출액),영업이익(손실),제 19 기,제 18 기
00585219,세원이앤씨,091090,2025,연결재무제표,74974080122.0,141070220015.0,692426188.0,-13992151587.0,수익(매출액),영업이익(손실),제 20 기,제 19 기
00134316,세원정공,021820,2023,연결재무제표,159199457308.0,115215348076.0,12037913130.0,-10941609997.0,수익(순매출액),영업이익,제 34 기,제 33 기
00134316,세원정공,021820,2024,연결재무제표,162533026895.0,159199457308.0,19208271775.0,12037913130.0,수익(순매출액),영업이익,제 35 기,제 34 기
00134316,세원정공,021820,2025,연결재무제표,179353786749.0,162533026895.0,17027924616.0,19208271775.0,수익(순매출액),영업이익,제 36 기,제 35 기
00422895,세이브존I&C,067830,2023,별도재무제표,123786863309.0,119350275142.0,11043745814.0,9219026026.0,수익(매출액),영업이익(손실),제 22 기,제 21 기
00422895,세이브존I&C,067830,2024,별도재무제표,117239836613.0,123786863309.0,7777044370.0,11043745814.0,수익(매출액),영업이익(손실),제 23 기,제 22 기
00422895,세이브존I&C,067830,2025,별도재무제표,118101449478.0,117239836613.0,4585913625.0,7777044370.0,수익(매출액),영업이익(손실),제 24 기,제 23 기
00959229,세종메디칼,258830,2023,연결재무제표,17991718820.0,16082925282.0,2190258857.0,-1799952350.0,수익(매출액),영업이익(손실),제 14 기,제 13 기
00959229,세종메디칼,258830,2024,연결재무제표,18952234158.0,17991718820.0,-472212733.0,2190258857.0,수익(매출액),영업이익(손실),제 15 기,제 14 기
00959229,세종메디칼,258830,2025,연결재무제표,18535097964.0,18952234158.0,2264502775.0,-472212733.0,수익(매출액),영업이익(손실),제 16 기,제 15 기
00268002,세종텔레콤,036630,2023,연결재무제표,339300781424.0,324268447254.0,-3114263444.0,-5481772508.0,수익(매출액),영업이익(손실),제 32 기,제 31 기
00268002,세종텔레콤,036630,2024,연결재무제표,371390754350.0,339300781424.0,-12136039289.0,-3114263444.0,수익(매출액),영업이익(손실),제 33 기,제 32 기
00268002,세종텔레콤,036630,2025,연결재무제표,284195339074.0,371390754350.0,-10752773678.0,-12136039289.0,매출액,영업이익(손실),제 34 기,제 33 기
00264671,세중,039310,2023,연결재무제표,36300830203.0,38087691405.0,1181250873.0,-2169441372.0,수익(매출액),영업이익(손실),제 29 기,제 28 기
00264671,세중,039310,2024,별도재무제표,37305979168.0,36300830203.0,418218295.0,1181250873.0,수익(매출액),영업이익(손실),제 30 기,제 29 기
00264671,세중,039310,2025,별도재무제표,35627831088.0,37305979168.0,-1032176903.0,418218295.0,수익(매출액),영업이익(손실),제 31 기,제 30 기
00415628,세진중공업,075580,2023,연결재무제표,384796445852.0,410053666579.0,33554734501.0,24932252322.0,매출액,영업이익(손실),제 25 기,제 24 기
00415628,세진중공업,075580,2024,연결재무제표,352376572888.0,384796445852.0,35979489245.0,33554734501.0,수익(매출액),영업이익(손실),제 26 기,제 25 기
00415628,세진중공업,075580,2025,연결재무제표,402686260726.0,352376572888.0,73388632210.0,35979489245.0,매출액,영업이익(손실),제 27 기,제 26 기
00406727,세진티에스,067770,2023,연결재무제표,10294388815.0,16525057618.0,-2577140264.0,-1897791595.0,수익(매출액),영업이익(손실),제 28 기,제 27 기
00406727,세진티에스,067770,2024,연결재무제표,13176332207.0,10294388815.0,736039898.0,-2577140264.0,수익(매출액),영업이익(손실),제 29 기,제 28 기
00406727,세진티에스,067770,2025,연결재무제표,11896547885.0,13176332207.0,-207245981.0,736039898.0,수익(매출액),영업이익(손실),제 30 기,제 29 기
00351630,세코닉스,053450,2023,연결재무제표,502361137353.0,479616173505.0,16166026744.0,6155839009.0,매출액,영업이익,제 35 기,제 34 기
00351630,세코닉스,053450,2024,연결재무제표,462708965937.0,502361137353.0,14423020838.0,16166026744.0,매출액,영업이익,제 36 기,제 35 기
00351630,세코닉스,053450,2025,연결재무제표,434869078123.0,462708965937.0,3006279897.0,14423020838.0,수익(매출액),영업이익(손실),제 37 기,제 36 기
01091382,세토피아,222810,2023,연결재무제표,104713472502.0,113133085902.0,-13635978366.0,-10329144640.0,매출액,영업이익(손실),제 9 기,제 8 기
01091382,세토피아,222810,2024,연결재무제표,55155664182.0,104713472502.0,-8893191605.0,-13635978366.0,매출액,영업이익(손실),제 10 기,제 9 기
01091382,세토피아,222810,2025,연결재무제표,12072117094.0,55155664182.0,-5587148199.0,-8893191605.0,매출액,영업이익(손실),제 11 기,제 10 기
01169267,세화피앤씨,252500,2023,별도재무제표,41216885876.0,37918740286.0,1957687472.0,825019863.0,수익(매출액),영업이익(손실),제 8 기,제 7 기
01169267,세화피앤씨,252500,2024,별도재무제표,43868375036.0,41216885876.0,2740861244.0,1957687472.0,수익(매출액),영업이익(손실),제 9 기,제 8 기
01169267,세화피앤씨,252500,2025,별도재무제표,37645110414.0,43868375036.0,626800433.0,2740861244.0,수익(매출액),영업이익(손실),제 10 기,제 9 기
01593668,센서뷰,321370,2023,연결재무제표,8462919584.0,5614289674.0,-18044346431.0,-15690957885.0,수익(매출액),영업이익(손실),제 9 기,제 8 기
01593668,센서뷰,321370,2024,연결재무제표,15601876294.0,8462919584.0,-15785555200.0,-18044346431.0,수익(매출액),영업이익(손실),제 10 기,제 9 기
01593668,센서뷰,321370,2025,연결재무제표,19015844360.0,15601876294.0,-11557754187.0,-15785555200.0,수익(매출액),영업이익(손실),제 11 기,제 10 기
01023318,센코,347000,2023,연결재무제표,33952242199.0,38490343314.0,2245775452.0,3321460234.0,수익(매출액),영업이익(손실),제 19 기,제 18 기
01023318,센코,347000,2024,연결재무제표,35862109477.0,33952242199.0,2718008245.0,2245775452.0,수익(매출액),영업이익(손실),제 20 기,제 19 기
01023318,센코,347000,2025,연결재무제표,36725295188.0,35862109477.0,2504690284.0,2718008245.0,수익(매출액),영업이익(손실),제 21 기,제 20 기
01114586,셀레믹스,331920,2023,연결재무제표,6577578379.0,8728940013.0,-5770408718.0,-5733902326.0,매출액,영업이익(손실),제 14 기,제 13 기
01114586,셀레믹스,331920,2024,연결재무제표,6718995008.0,6577578379.0,-1903132941.0,-5770408718.0,매출액,영업이익(손실),제 15 기,제 14 기
01114586,셀레믹스,331920,2025,연결재무제표,5767635388.0,6718995008.0,-3324045675.0,-1903132941.0,매출액,영업이익(손실),제 16 기,제 15 기
01201970,셀레스트라,352770,2023,연결재무제표,11407673306.0,23083152245.0,-34587921703.0,-10783594785.0,매출액,영업이익(손실),제 13 기,제 12 기
01201970,셀레스트라,352770,2024,연결재무제표,8501826471.0,11407673306.0,-28709445847.0,-34587921703.0,매출액,영업이익(손실),제 14 기,제 13 기
01201970,셀레스트라,352770,2025,연결재무제표,2007745450.0,8501826471.0,-7760021046.0,-28709445847.0,매출액,영업이익(손실),제 15 기,제 14 기
01448544,셀로맥스사이언스,471820,2024,별도재무제표,21630336194.0,19309523033.0,5500520367.0,4618736755.0,매출액,영업이익,제 11 기,제 10 기
01448544,셀로맥스사이언스,471820,2025,연결재무제표,22183949136.0,21630336194.0,2835403592.0,5500520367.0,매출액,영업이익,제 12 기,제 11 기
00310156,셀루메드,049180,2023,연결재무제표,95552959605.0,122085263074.0,-10457800920.0,-2728013074.0,매출액,영업이익(손실),제 39 기,제 38 기
00310156,셀루메드,049180,2024,연결재무제표,129139780664.0,95552959605.0,-6831631213.0,-10457800920.0,매출액,영업이익(손실),제 40 기,제 39 기
00310156,셀루메드,049180,2025,연결재무제표,140194245644.0,129139780664.0,-5128510087.0,-6831631213.0,매출액,영업이익(손실),제 41 기,제 40 기
01235296,셀리드,299660,2025,별도재무제표,8841828282.0,4165091858.0,-11343055983.0,-11980498848.0,매출,영업손실,제 20 기,제 19 기
00666064,셀바스AI,108860,2023,연결재무제표,53011546842.0,50869207977.0,4086696337.0,5154506648.0,영업수익,영업이익,제 25 기,제 24 기
00666064,셀바스AI,108860,2024,연결재무제표,112454363009.0,53011546842.0,799960142.0,4086696337.0,영업수익,영업이익,제 26 기,제 25 기
00666064,셀바스AI,108860,2025,연결재무제표,114780821863.0,112454363009.0,1482121007.0,799960142.0,영업수익,영업이익,제 27 기,제 26 기
01047451,셀바스헬스케어,208370,2023,연결재무제표,29812771015.0,27685710222.0,3345879719.0,2482536562.0,수익(매출액),영업이익,제 10 기,제 9 기
01047451,셀바스헬스케어,208370,2024,연결재무제표,31702268070.0,29812771015.0,3273928848.0,3345879719.0,수익(매출액),영업이익,제 11 기,제 10 기
01047451,셀바스헬스케어,208370,2025,연결재무제표,30824695858.0,31702268070.0,-161563032.0,3273928848.0,수익(매출액),영업이익(손실),제 12 기,제 11 기
01288410,셀바이오휴먼텍,318160,2023,연결재무제표,27324211009.0,27544537889.0,3149395754.0,3534897992.0,수익(매출액),영업이익(손실),제 9 기,제 8 기
01288410,셀바이오휴먼텍,318160,2024,연결재무제표,28418645601.0,27324211009.0,4036756741.0,3149395754.0,수익(매출액),영업이익(손실),제 10 기,제 9 기
01288410,셀바이오휴먼텍,318160,2025,연결재무제표,51066196366.0,28418645601.0,9317112607.0,4036756741.0,수익(매출액),영업이익(손실),제 11 기,제 10 기
01275489,셀비온,308430,2024,별도재무제표,2289802980.0,1471257198.0,-7136638558.0,-5043268302.0,매출액,영업이익(손실),제 15 기,제 14 기
01275489,셀비온,308430,2025,별도재무제표,1945073476.0,2289802980.0,-8244608272.0,-7136638558.0,매출액,영업이익(손실),제 16 기,제 15 기
00413046,셀트리온,068270,2023,연결재무제표,2176431531380.0,2283967480394.0,651481422157.0,647198174586.0,매출액,영업이익,제 33 기,제 32 기
00413046,셀트리온,068270,2024,연결재무제표,3557303554371.0,2176431531380.0,492015534847.0,651481422157.0,영업수익,영업이익,제 34 기,제 33 기
00413046,셀트리온,068270,2025,연결재무제표,4162495108881.0,3557303554371.0,1168471345595.0,492015534847.0,매출액,영업이익,제 35 기,제 34 기
00541349,셀트리온제약,068760,2023,별도재무제표,388794335490.0,386039612595.0,36070715954.0,38169582298.0,매출액,영업이익,제 24 기,제 23 기
00541349,셀트리온제약,068760,2024,별도재무제표,477835307770.0,388794335490.0,37222949682.0,36070715954.0,수익(매출액),영업이익(손실),제 25 기,제 24 기
00541349,셀트리온제약,068760,2025,별도재무제표,536400308882.0,477835307770.0,56091784420.0,37222949682.0,수익(매출액),영업이익(손실),제 26 기,제 25 기
00308896,셀피글로벌,068940,2023,연결재무제표,34548050084.0,37586755718.0,2059022012.0,484788964.0,매출액,영업이익(손실),제 26 기,제 25 기
00308896,셀피글로벌,068940,2024,연결재무제표,33712530431.0,34548050084.0,-1707181447.0,2059022012.0,매출액,영업이익(손실),제 27 기,제 26 기
00308896,셀피글로벌,068940,2025,연결재무제표,35505883136.0,33712530431.0,-3428445028.0,-1707181447.0,매출액,영업이익(손실),제 28 기,제 27 기
00104810,소노스퀘어,007720,2023,연결재무제표,159946400719.0,170972649935.0,-1589433754.0,-18503823286.0,매출액,영업이익,제 40 기,제 39 기
00104810,소노스퀘어,007720,2024,연결재무제표,133458255008.0,158785011369.0,656024469.0,-1128199000.0,수익(매출액),영업이익(손실),제 41 기,제 40 기
00104810,소노스퀘어,007720,2025,연결재무제표,162871417133.0,133458255008.0,1396947928.0,656024469.0,매출액,영업이익(손실),제 42 기,제 41 기
01442115,소마젠,950200,2023,연결재무제표,24723776.0,33572854.0,-2721409.0,-1141416.0,매출액,영업이익(손실),제 20 기,제 19 기
01442115,소마젠,950200,2024,연결재무제표,32012115.0,24723776.0,-3834331.0,-2721409.0,매출액,영업이익(손실),제 21 기,제 20 기
01442115,소마젠,950200,2025,연결재무제표,41619339.0,32012115.0,-1585454.0,-3834331.0,매출액,영업이익(손실),제 22 기,제 21 기
00204226,소프트센,032680,2023,연결재무제표,61085045079.0,73373050121.0,-1418785527.0,16284103976.0,매출액,영업이익(손실),제 37 기,제 36 기
00204226,소프트센,032680,2024,연결재무제표,59901019376.0,61085045079.0,-1375131016.0,-1418785527.0,매출액,영업이익(손실),제 38 기,제 37 기
00204226,소프트센,032680,2025,연결재무제표,54814529134.0,59901019376.0,-244485201.0,-1375131016.0,매출액,영업이익(손실),제 39 기,제 38 기
01182408,소프트캠프,258790,2023,연결재무제표,18485371904.0,19017389288.0,-2568547973.0,1341910575.0,수익(매출액),영업이익(손실),제 8 기,제 7 기
01182408,소프트캠프,258790,2024,연결재무제표,16887234056.0,18485371904.0,-1831061034.0,-2568547973.0,수익(매출액),영업이익(손실),제 9 기,제 8 기
01182408,소프트캠프,258790,2025,연결재무제표,25721722546.0,16887234056.0,2981626076.0,-1831061034.0,수익(매출액),영업이익(손실),제 10 기,제 9 기
00306870,손오공,066910,2023,연결재무제표,50347819486.0,66683494889.0,-9498690286.0,-5991087663.0,매출액,영업이익(손실),제 27 기,제 26 기
00306870,손오공,066910,2024,연결재무제표,32021507888.0,50347819486.0,-9454678185.0,-9498690286.0,수익(매출액),영업이익(손실),제 28 기,제 27 기
00306870,손오공,066910,2025,연결재무제표,96999899742.0,30533858527.0,-6683270784.0,-9086673747.0,수익(매출액),영업이익(손실),제 29 기,제 28 기
01063884,솔디펜스,215090,2023,별도재무제표,16254001186.0,15656058286.0,-2368528249.0,-2850938242.0,수익(매출액),영업이익(손실),제 9 기,제 8 기
01063884,솔디펜스,215090,2024,별도재무제표,21756567908.0,16254001186.0,3032802358.0,-2368528249.0,수익(매출액),영업이익(손실),제 10 기,제 9 기
01063884,솔디펜스,215090,2025,연결재무제표,26761166493.0,21756567908.0,1324012697.0,3032802358.0,수익(매출액),영업이익(손실),제 11 기,제 10 기
01412822,솔루스첨단소재,336370,2023,연결재무제표,429422392943.0,418285694715.0,-73207987858.0,-49673692019.0,영업수익(매출액),영업이익(손실),제 5 기,제 4 기
01412822,솔루스첨단소재,336370,2024,연결재무제표,570949198601.0,429422392943.0,-54418745322.0,-73207987858.0,매출액,영업이익(손실),제 6 기,제 5 기
01412822,솔루스첨단소재,336370,2025,연결재무제표,616083220023.0,570949198601.0,-73336006541.0,-54418745322.0,매출액,영업손실,제 7 기,제 6 기
01159233,솔루엠,248070,2023,연결재무제표,1951087864184.0,1694543907800.0,154515562835.0,75604636414.0,매출액,영업이익(손실),제 9 기,제 8 기
01159233,솔루엠,248070,2024,연결재무제표,1594442254779.0,1951087864184.0,69087394974.0,154515562835.0,매출액,영업이익,제 10 기,제 9 기
01159233,솔루엠,248070,2025,연결재무제표,1700246425329.0,1594442254779.0,46500186977.0,69087394974.0,매출액,영업이익,제 11 기,제 10 기
00249982,솔본,035610,2023,연결재무제표,123382776486.0,93816087048.0,31759409160.0,-26845562593.0,매출액,영업이익(손실),제 30 기,제 29 기
00249982,솔본,035610,2024,연결재무제표,116081151319.0,117223969210.0,21174221428.0,29927956709.0,매출액,영업이익(손실),제 31 기,제 30 기
00249982,솔본,035610,2025,연결재무제표,120651025450.0,116081151319.0,24620979407.0,21158651978.0,매출액,영업이익(손실),제 32 기,제 31 기
01489648,솔브레인,357780,2023,연결재무제표,844029122465.0,1090867446512.0,133488376256.0,207050667237.0,매출액,영업이익,제 4 기,제 3 기
01489648,솔브레인,357780,2024,연결재무제표,863356156458.0,844029122465.0,167948756594.0,133488376256.0,매출액,영업이익(손실),제 5 기,제 4 기
01489648,솔브레인,357780,2025,연결재무제표,923381966875.0,863356156458.0,133642405522.0,167948756594.0,매출액,영업이익,제 6 기,제 5 기
00247975,솔브레인홀딩스,036830,2023,연결재무제표,661555097819.0,565106276036.0,120961316226.0,73497317893.0,매출액 및 지분법손익,영업이익(손실),제 35 기,제 34 기
00247975,솔브레인홀딩스,036830,2024,연결재무제표,515379498506.0,661555097819.0,85313447432.0,120961316226.0,매출액 및 지분법손익,영업이익,제 36 기,제 35 기
00247975,솔브레인홀딩스,036830,2025,연결재무제표,556646781397.0,433749481738.0,8859913929.0,31810422475.0,매출액 및 지분법손익,영업이익,제 37 기,제 36 기
01050738,솔트룩스,304100,2023,연결재무제표,30828903129.0,30313561776.0,-9292178997.0,-1959183772.0,영업수익,영업이익(손실),제 43 기,제 42 기
01050738,솔트룩스,304100,2024,연결재무제표,45944417924.0,30828903129.0,-6631928392.0,-9292178997.0,영업수익,영업이익(손실),제 44 기,제 43 기
01050738,솔트룩스,304100,2025,연결재무제표,41635622271.0,45944417924.0,-8042487449.0,-6631928392.0,영업수익,영업이익(손실),제 45 기,제 44 기
01390399,솔트웨어,328380,2023,연결재무제표,49340647407.0,31349477155.0,-88856956.0,-613214891.0,매출액,영업이익(손실),제 5 기,제 4 기
01390399,솔트웨어,328380,2024,연결재무제표,57869530985.0,49340647407.0,-1709290119.0,-88856956.0,매출액,영업이익(손실),제 6 기,제 5 기
01390399,솔트웨어,328380,2025,연결재무제표,63674240726.0,57869530985.0,566164265.0,-1709290119.0,매출액,영업이익(손실),제 7 기,제 6 기
00134963,송원산업,004430,2023,연결재무제표,1029975000000.0,1329509000000.0,58469000000.0,185116000000.0,매출액,영업이익(손실),제 59 기,제 58 기
00134963,송원산업,004430,2024,연결재무제표,1070200000000.0,1029975000000.0,62814000000.0,58469000000.0,수익(매출액),영업이익,제 60 기,제 59 기
00134963,송원산업,004430,2025,연결재무제표,1039162000000.0,1070200000000.0,21845000000.0,62814000000.0,수익(매출액),영업이익,제 61 기,제 60 기
00303794,쇼박스,086980,2023,연결재무제표,40170208807.0,56684307302.0,-28295165725.0,-3194257528.0,매출액,영업이익,제 25 기,제 24 기
00303794,쇼박스,086980,2024,연결재무제표,93117572900.0,40170208807.0,24524420126.0,-28295165725.0,매출액,영업이익(손실),제 26 기,제 25 기
00303794,쇼박스,086980,2025,연결재무제표,62748042504.0,93117572900.0,-11651067244.0,24524420126.0,매출액,영업이익(손실),제 27 기,제 26 기
00135111,수산세보틱스,017550,2023,연결재무제표,226540510519.0,286296769359.0,16398431249.0,22598864801.0,매출액,영업이익,제 40 기,제 39 기
00135111,수산세보틱스,017550,2024,연결재무제표,197892248312.0,226540510519.0,12067922457.0,16398431249.0,매출액,영업이익,제 41 기,제 40 기
00135111,수산세보틱스,017550,2025,연결재무제표,229388263473.0,197892248312.0,18964316244.0,12067922457.0,수익(매출액),영업이익(손실),제 42 기,제 41 기
00577016,수산아이앤티,050960,2023,연결재무제표,23886469827.0,21815921863.0,6465621370.0,5988500969.0,영업수익,영업이익,제 26 기,제 25 기
00577016,수산아이앤티,050960,2024,별도재무제표,26671468809.0,23886469827.0,5669736256.0,6465621370.0,영업수익,영업이익,제 27 기,제 26 기
00577016,수산아이앤티,050960,2025,별도재무제표,30711816841.0,26671468809.0,5096939062.0,5669736256.0,영업수익,영업이익,제 28 기,제 27 기
00193328,수산인더스트리,126720,2023,연결재무제표,324740172778.0,303539437938.0,50231142470.0,50593944044.0,수익(매출액),영업이익(손실),제 41 기,제 40 기
00193328,수산인더스트리,126720,2024,연결재무제표,316791494897.0,324740172778.0,43499599612.0,50231142470.0,수익(매출액),영업이익(손실),제 42 기,제 41 기
00193328,수산인더스트리,126720,2025,연결재무제표,337655195254.0,316791494897.0,43079177203.0,43499599612.0,수익(매출액),영업이익(손실),제 43 기,제 42 기
00243979,수성웹툰,084180,2023,연결재무제표,41276921129.0,52344332244.0,-4094670678.0,-4322058163.0,수익(매출액),영업이익(손실),제 43 기,제 42 기
00243979,수성웹툰,084180,2024,연결재무제표,68604904843.0,41276921129.0,-307431976.0,-4094670678.0,수익(매출액),영업이익(손실),제 44 기,제 43 기
00243979,수성웹툰,084180,2025,연결재무제표,92774434022.0,54734930801.0,5213051449.0,-1243530334.0,수익(매출액),영업이익(손실),제 45 기,제 44 기
01063954,수젠텍,253840,2023,연결재무제표,7132305545.0,101399255833.0,-22758094888.0,24970549363.0,매출액,영업이익(손실),제 13 기,제 12 기
01063954,수젠텍,253840,2024,연결재무제표,10097082997.0,7132305545.0,-22021742938.0,-22758094888.0,매출액,영업이익(손실),제 14 기,제 13 기
01063954,수젠텍,253840,2025,연결재무제표,9416857906.0,10097082997.0,-18820144482.0,-22021742938.0,매출액,영업이익(손실),제 15 기,제 14 기
01012640,슈어소프트테크,298830,2023,연결재무제표,63289972389.0,43423820903.0,11472691041.0,9667508619.0,영업수익,영업이익(손실),제 22 기,제 21 기
01012640,슈어소프트테크,298830,2024,연결재무제표,88803218148.0,63289972389.0,7890549456.0,11472691041.0,영업수익,영업이익(손실),제 23 기,제 22 기
01012640,슈어소프트테크,298830,2025,연결재무제표,93937691086.0,88803218148.0,12600109809.0,7890549456.0,영업수익,영업이익(손실),제 24 기,제 23 기
01124653,슈프리마,236200,2023,연결재무제표,94630270174.0,89397131101.0,16661341796.0,17858985886.0,수익(매출액),영업이익(손실),제 9 기,제 8 기
01124653,슈프리마,236200,2024,연결재무제표,108231735860.0,94630270174.0,23285437816.0,16661341796.0,매출액,영업이익,제 10 기,제 9 기
01124653,슈프리마,236200,2025,연결재무제표,137302003098.0,108231735860.0,32744704137.0,23285437816.0,매출액,영업이익,제 11 기,제 10 기
00599957,슈프리마에이치큐,094840,2023,연결재무제표,20386641334.0,17325402965.0,-2677599728.0,3555599812.0,수익(매출액),영업이익(손실),제 24 기,제 23 기
00599957,슈프리마에이치큐,094840,2024,연결재무제표,20101969494.0,20386641334.0,2463666865.0,-2677599728.0,수익(매출액),영업이익(손실),제 25 기,제 24 기
00599957,슈프리마에이치큐,094840,2025,연결재무제표,21223018606.0,20101969494.0,3859090083.0,2463666865.0,매출액,영업이익,제 26 기,제 25 기
00917861,슈피겐코리아,192440,2023,연결재무제표,447398859445.0,445896426301.0,35316027360.0,51987480410.0,수익(매출액),영업이익(손실),제 15 기,제 14 기
00917861,슈피겐코리아,192440,2024,연결재무제표,465294035302.0,447398859445.0,21749189256.0,35316027360.0,수익(매출액),영업이익(손실),제 16 기,제 15 기
00917861,슈피겐코리아,192440,2025,연결재무제표,463698273567.0,465294035302.0,33213220412.0,21749189256.0,수익(매출액),영업이익,제 17 기,제 16 기
01555215,스마트레이더시스템,424960,2023,연결재무제표,4075934941.0,4024884536.0,-5372878506.0,-5515471027.0,수익(매출액),영업이익(손실),제 7 기,제 6 기
01555215,스마트레이더시스템,424960,2024,연결재무제표,4736694422.0,4075934941.0,-6755603570.0,-5372878506.0,매출액,영업이익(손실),제 8 기,제 7 기
01555215,스마트레이더시스템,424960,2025,연결재무제표,9397297026.0,4736694422.0,-5269843048.0,-6755603570.0,수익(매출액),영업이익(손실),제 9 기,제 8 기
00763358,스마트솔루션즈,136510,2023,연결재무제표,2680548119.0,11700288696.0,-5851976457.0,1734891546.0,수익(매출액),영업이익(손실),제 24 기,제 23 기
00763358,스마트솔루션즈,136510,2024,연결재무제표,4138378463.0,2680548119.0,-5596770163.0,-5851976457.0,수익(매출액),영업이익(손실),제 25 기,제 24 기
00763358,스마트솔루션즈,136510,2025,연결재무제표,2783742036.0,4138378463.0,-2879174220.0,-5596770163.0,수익(매출액),영업이익(손실),제 26 기,제 25 기
00580056,스맥,099440,2023,연결재무제표,176628631520.0,159473204075.0,22035848534.0,11745651889.0,매출액,영업이익,제 28 기,제 27 기
00580056,스맥,099440,2024,연결재무제표,201298944290.0,176628631520.0,23955100228.0,22035848534.0,매출액,영업이익,제 29 기,제 28 기
00580056,스맥,099440,2025,연결재무제표,153589636057.0,201298944290.0,-16809504557.0,23955100228.0,매출액,영업이익(손실),제 30 기,제 29 기
00301422,스모트로닉,066590,2023,연결재무제표,347995612773.0,325340615018.0,8384697540.0,3828724837.0,수익(매출액),영업이익(손실),제 29 기,제 28 기
00301422,스모트로닉,066590,2024,연결재무제표,354215329745.0,347995612773.0,9048785590.0,8384697540.0,수익(매출액),영업이익(손실),제 30 기,제 29 기
00301422,스모트로닉,066590,2025,연결재무제표,368608811121.0,354215329745.0,451203342.0,9048785590.0,수익(매출액),영업이익(손실),제 31 기,제 30 기
01290248,스코넥,276040,2023,연결재무제표,51462641.0,24756789.0,-6054392063.0,-4634920334.0,기타영업외수익,III.영업이익(손실),제 23 기,제 22 기
01290248,스코넥,276040,2024,연결재무제표,26072777.0,51300505.0,-7461334251.0,-5947587271.0,기타영업외수익,III.영업이익(손실),제 24 기,제 23 기
01290248,스코넥,276040,2025,연결재무제표,286895079.0,26072777.0,-12232805445.0,-7461334251.0,기타영업외수익,III.영업이익(손실),제 25 기,제 24 기
00373571,스타코링크,060240,2023,연결재무제표,10387748369.0,29086009233.0,-6086499713.0,-17568271181.0,수익(매출액),영업이익(손실),제 31 기,제 30 기
00373571,스타코링크,060240,2024,연결재무제표,13689816132.0,10387748369.0,-5499730863.0,-6086499713.0,매출액,영업이익(손실),제 32 기,제 31 기
00373571,스타코링크,060240,2025,연결재무제표,24780379700.0,13689816132.0,-5444084712.0,-5499730863.0,매출액,영업이익(손실),제 33 기,제 32 기
00405959,스타플렉스,115570,2023,연결재무제표,70700646378.0,104072501016.0,-3406826203.0,3963756222.0,수익(매출액),영업이익(손실),제 28 기,제 27 기
00405959,스타플렉스,115570,2024,연결재무제표,80150853762.0,70700646378.0,-157769219.0,-3406826203.0,수익(매출액),영업이익(손실),제 29 기,제 28 기
00405959,스타플렉스,115570,2025,연결재무제표,98655425592.0,80150853762.0,6566950723.0,-157769219.0,수익(매출액),영업이익(손실),제 30 기,제 29 기
01305249,스톤브릿지벤처스,330730,2023,별도재무제표,19002056584.0,29580726671.0,6440509588.0,7785826246.0,영업수익,영업이익(손실),제 7 기,제 6 기
01305249,스톤브릿지벤처스,330730,2024,별도재무제표,14175207477.0,19002056584.0,3373889240.0,6440509588.0,영업수익,영업이익(손실),제 8 기,제 7 기
01305249,스톤브릿지벤처스,330730,2025,별도재무제표,25549170407.0,14175207477.0,13461156317.0,3373889240.0,영업수익,영업이익(손실),제 9 기,제 8 기
01226270,스톰테크,352090,2023,별도재무제표,55161763218.0,51030670723.0,11654525617.0,11804290232.0,수익(매출액),영업이익(손실),제 25 기,제 24 기
01226270,스톰테크,352090,2024,연결재무제표,66914685956.0,55161763218.0,12423879987.0,11654525617.0,매출액,영업이익(손실),제 26 기,제 25 기
01226270,스톰테크,352090,2025,연결재무제표,69679394350.0,66914685956.0,11939381803.0,12423879987.0,매출액,영업이익(손실),제 27 기,제 26 기
01168684,스튜디오드래곤,253450,2023,연결재무제표,753145749935.0,697945822981.0,55871055692.0,65219473466.0,매출액,영업이익,제 8 기,제 7 기
01168684,스튜디오드래곤,253450,2024,연결재무제표,550080744350.0,753145749935.0,36393818100.0,55871055692.0,매출액,영업이익(손실),제 9 기,제 8 기
01168684,스튜디오드래곤,253450,2025,연결재무제표,530685384145.0,550080744350.0,30359009641.0,36393818100.0,수익(매출액),영업이익(손실),제 10 기,제 9 기
01139965,스튜디오미르,408900,2023,연결재무제표,23161814202.0,25781360550.0,861046653.0,3339855242.0,영업수익,영업이익(손실),제 14 기,제 13 기
01139965,스튜디오미르,408900,2024,연결재무제표,17570718243.0,23161814202.0,-1902218175.0,861046653.0,영업수익,영업이익(손실),제 15 기,제 14 기
01139965,스튜디오미르,408900,2025,연결재무제표,16391297221.0,17570718243.0,-2145865828.0,-1902218175.0,영업수익,영업이익(손실),제 16 기,제 15 기
01540815,스튜디오삼익,415380,2023,별도재무제표,95399010878.0,86585909893.0,2777920676.0,2396516104.0,수익(매출액),영업이익(손실),제 7 기,제 6 기
01540815,스튜디오삼익,415380,2024,별도재무제표,107928008994.0,95399010878.0,3988123144.0,2777920676.0,수익(매출액),영업이익(손실),제 8 기,제 7 기
01540815,스튜디오삼익,415380,2025,별도재무제표,95931078734.0,107928008994.0,2828880586.0,3988123144.0,수익(매출액),영업이익(손실),제 9 기,제 8 기
01370517,스트라드비젼,475040,2024,연결재무제표,11539392256.0,7171271925.0,-63875179774.0,-64903684157.0,수익(매출액),영업이익(손실),제 11 기,제 10 기
01370517,스트라드비젼,475040,2025,연결재무제표,18109229713.0,11539392256.0,-58595029759.0,-63875179774.0,영업수익,영업이익(손실),제 12 기,제 11 기
00117498,스틱인베스트먼트,026890,2023,연결재무제표,93760178861.0,60448538379.0,33098199451.0,10342871516.0,영업수익,영업이익,제 42 기,제 41 기
00117498,스틱인베스트먼트,026890,2024,연결재무제표,79465712795.0,93760178861.0,13418332276.0,33098199451.0,영업수익,영업이익,제 43 기,제 42 기
00117498,스틱인베스트먼트,026890,2025,연결재무제표,91217510708.0,79465712795.0,17184071250.0,13418332276.0,영업수익,영업이익,제 44 기,제 43 기
00136165,스페코,013810,2023,연결재무제표,22987862181.0,31079586548.0,-4148483505.0,-3766587275.0,매출액,영업이익(손실),제 45 기,제 44 기
00136165,스페코,013810,2024,연결재무제표,27191519908.0,22987862181.0,-5693400709.0,-4148483505.0,매출액,영업이익(손실),제 46 기,제 45 기
00136165,스페코,013810,2025,연결재무제표,37964956719.0,27191519908.0,-460595979.0,-5693400709.0,매출액,영업이익(손실),제 47 기,제 46 기
01336762,스피어,347700,2023,연결재무제표,3325344082.0,2818919837.0,-9591751526.0,-5609469055.0,영업수익,영업손실,제 12 기,제 11 기
01336762,스피어,347700,2024,연결재무제표,2557761611.0,1651462855.0,-6372865544.0,-9074497239.0,영업수익,영업손실,제 13 기,제 12 기
01336762,스피어,347700,2025,연결재무제표,95638566409.0,85428150956.0,9052274666.0,15177749687.0,매출액,영업이익(손실),제 14 기,제 13 기
00135467,승일,049830,2023,별도재무제표,141948416534.0,158939395096.0,597884268.0,1286649592.0,매출액,영업이익,제 45 기,제 44 기
00135467,승일,049830,2024,별도재무제표,144432917013.0,141948416534.0,2285444380.0,597884268.0,매출액,영업이익,제 46 기,제 45 기
00135467,승일,049830,2025,별도재무제표,141548185822.0,144432917013.0,2276369777.0,2285444380.0,매출액,영업이익,제 47 기,제 46 기
00170026,시공테크,020710,2023,연결재무제표,134871392216.0,100207500673.0,5608277410.0,-5203968932.0,매출,영업이익(손실),제 36 기,제 35 기
00170026,시공테크,020710,2024,연결재무제표,147145562711.0,134871392216.0,6430715556.0,5608277410.0,매출,영업이익(손실),제 37 기,제 36 기
00170026,시공테크,020710,2025,연결재무제표,168394146947.0,147145562711.0,15079911549.0,6430715556.0,수익(매출액),영업이익(손실),제 38 기,제 37 기
00158219,시그네틱스,033170,2023,연결재무제표,185484580200.0,287600045582.0,-14999228872.0,8884748083.0,수익(매출액),영업이익(손실),제 61 기,제 60 기
00158219,시그네틱스,033170,2024,연결재무제표,118150985037.0,185484580200.0,-25833789534.0,-14999228872.0,수익(매출액),영업이익(손실),제 62 기,제 61 기
00158219,시그네틱스,033170,2025,연결재무제표,103046699790.0,118150985037.0,-23831622389.0,-25833789534.0,수익(매출액),영업이익(손실),제 63 기,제 62 기
00475985,시너지이노베이션,048870,2023,연결재무제표,83214793566.0,86539071427.0,14984595606.0,22927197270.0,매출액,영업이익(손실),제 26 기,제 25 기
00475985,시너지이노베이션,048870,2024,연결재무제표,90605209448.0,83214793566.0,16109545847.0,14984595606.0,매출액,영업이익(손실),제 27 기,제 26 기
00475985,시너지이노베이션,048870,2025,연결재무제표,113050025181.0,90605209448.0,19163813549.0,16109545847.0,매출액,영업이익(손실),제 28 기,제 27 기
00203023,시노펙스,025320,2023,연결재무제표,262172878615.0,244769214357.0,24177306064.0,12861584537.0,매출액,영업이익,제 39 기,제 38 기
00203023,시노펙스,025320,2024,연결재무제표,238339306692.0,262172878615.0,21229402758.0,24177306064.0,매출액,영업이익(손실),제 40 기,제 39 기
00203023,시노펙스,025320,2025,연결재무제표,261537523873.0,238339306692.0,6758695228.0,21229402758.0,매출액,영업이익,제 41 기,제 40 기
00852087,시디즈,134790,2023,연결재무제표,200135778002.0,243320658371.0,-1927437377.0,40885780.0,매출액,영업이익(손실),제 14 기,제 13 기
00852087,시디즈,134790,2024,연결재무제표,208408238360.0,200135778002.0,-3363725188.0,-1927437377.0,매출액,영업이익(손실),제 15 기,제 14 기
00852087,시디즈,134790,2025,연결재무제표,195719724417.0,208408238360.0,-6682962310.0,-3363725188.0,매출액,영업이익(손실),제 16 기,제 15 기
01315042,시선AI,340810,2023,별도재무제표,14100761179.0,16807020347.0,-9771154270.0,-6337998299.0,매출액,영업이익(손실),제 14 기,제 13 기
01315042,시선AI,340810,2024,연결재무제표,14447002396.0,14100761179.0,-10440188251.0,-9771154270.0,매출액,영업이익(손실),제 15 기,제 14 기
01315042,시선AI,340810,2025,연결재무제표,13970253305.0,14447002396.0,-11271052457.0,-10440188251.0,매출액,영업이익(손실),제 16 기,제 15 기
01101722,시스네오텍,226440,2023,연결재무제표,11214790346.0,27680229422.0,-12280587543.0,-12834216034.0,매출액,영업이익,제 9 기,제 8 기
01101722,시스네오텍,226440,2024,연결재무제표,6828191337.0,7380625036.0,-3759249862.0,-9048428684.0,매출액,영업이익,제 10 기,제 9 기
01101722,시스네오텍,226440,2025,별도재무제표,25405268539.0,6828191337.0,2226109520.0,-3759249862.0,매출액,영업이익,제 11 기,제 10 기
01188378,시스웍,269620,2023,연결재무제표,14496957782.0,26538567314.0,-2995920216.0,-38747592.0,매출액,영업이익(손실),제 20 기,제 19 기
01188378,시스웍,269620,2024,연결재무제표,12863193552.0,14496957782.0,-1840730986.0,-2995920216.0,매출액,영업이익(손실),제 21 기,제 20 기
01188378,시스웍,269620,2025,연결재무제표,11033617511.0,12863193552.0,-2569907083.0,-1840730986.0,매출액,영업이익(손실),제 22 기,제 21 기
00148984,시알홀딩스,000480,2023,연결재무제표,816904445534.0,798039613255.0,39415273348.0,22597868685.0,매출액,영업이익(손실),제 76 기,제 75 기
00148984,시알홀딩스,000480,2024,연결재무제표,810831515000.0,816904445000.0,17438364000.0,39415273000.0,매출액,영업이익(손실),제 77 기,제 76 기
00148984,시알홀딩스,000480,2025,연결재무제표,827752427000.0,810831515000.0,27823631000.0,17438364000.0,매출액,영업이익(손실),제 78 기,제 77 기
00346610,시지메드텍,056090,2023,연결재무제표,34968541350.0,41168961921.0,-1622255971.0,424014690.0,매출액,영업이익(손실),제 27 기,제 26 기
00346610,시지메드텍,056090,2024,연결재무제표,34622756083.0,34968541350.0,-1116337752.0,-1622255971.0,매출액,영업이익(손실),제 28 기,제 27 기
00346610,시지메드텍,056090,2025,연결재무제표,47234945024.0,34622756083.0,3814388241.0,-1116337752.0,매출액,영업이익(손실),제 29 기,제 28 기
01284751,시지트로닉스,429270,2023,별도재무제표,12513645275.0,14521214328.0,-5442515302.0,-4846781071.0,매출액,영업이익(손실),제 16 기,제 15 기
01284751,시지트로닉스,429270,2024,별도재무제표,12172663876.0,12513645275.0,-6285180565.0,-5442515302.0,매출액,영업이익(손실),제 17 기,제 16 기
01284751,시지트로닉스,429270,2025,별도재무제표,12748957402.0,12172663876.0,-7585557629.0,-6285180565.0,매출액,영업이익(손실),제 18 기,제 17 기
01579570,시큐레터,418250,2023,별도재무제표,2143877357.0,2542390024.0,-5914101807.0,-5801838918.0,수익(매출액),영업이익(손실),제 9 기,제 8 기
01579570,시큐레터,418250,2024,별도재무제표,1411766617.0,2173321638.0,-7263579966.0,-5884657526.0,수익(매출액),영업이익(손실),제 10 기,제 9 기
01579570,시큐레터,418250,2025,별도재무제표,1168573306.0,1411766617.0,-4286950415.0,-7263579966.0,수익(매출액),영업이익(손실),제 11 기,제 10 기
00402110,시큐브,131090,2023,별도재무제표,14445671814.0,13702794762.0,4453118488.0,5304365069.0,수익(매출액),영업이익(손실),제 24 기,제 23 기
00402110,시큐브,131090,2024,별도재무제표,12075656393.0,14445671814.0,3420835998.0,4453118488.0,수익(매출액),영업이익(손실),제 25 기,제 24 기
00402110,시큐브,131090,2025,별도재무제표,13438054169.0,12075656393.0,4313922657.0,3420835998.0,매출액,영업이익(손실),제 26 기,제 25 기
01384787,시프트업,462870,2024,별도재무제표,224084645616.0,168594168364.0,152676273166.0,111062581629.0,영업수익,영업이익,제 12 기,제 11 기
01384787,시프트업,462870,2025,연결재무제표,294545937439.0,224084645616.0,181417657557.0,152676273166.0,영업수익,영업이익,제 13 기,제 12 기
00135777,신대양제지,016590,2023,연결재무제표,645359891647.0,676402223828.0,58513877508.0,50861766330.0,매출액,영업이익,제 42 기,제 41 기
00135777,신대양제지,016590,2024,연결재무제표,658502364521.0,645359891647.0,29284139868.0,58513877508.0,매출액,영업이익,제 43 기,제 42 기
00135777,신대양제지,016590,2025,연결재무제표,639529019559.0,658502364521.0,22240505362.0,29284139868.0,수익(매출액),영업이익,제 44 기,제 43 기
00961570,신도기연,290520,2023,연결재무제표,20754838406.0,21815309134.0,-2511118560.0,-3733139816.0,매출액,영업손실,제 24 기,제 23 기
00961570,신도기연,290520,2024,연결재무제표,10597641707.0,20754838406.0,-4096312646.0,-2511118560.0,매출액,영업이익(손실),제 25 기,제 24 기
00961570,신도기연,290520,2025,연결재무제표,31923243012.0,10597641707.0,1807614008.0,-4096312646.0,매출액,영업이익(손실),제 26 기,제 25 기
00135795,신도리코,029530,2023,연결재무제표,395823115252.0,378186827805.0,25334080155.0,-2209596552.0,수익(매출액),영업이익(손실),제 64 기,제 63 기
00135795,신도리코,029530,2024,연결재무제표,340994882503.0,402553029898.0,20156744960.0,30109355962.0,매출액,영업이익,제 65 기,제 64 기
00135795,신도리코,029530,2025,연결재무제표,317327883419.0,340994882503.0,6247695108.0,20156744960.0,매출액,영업이익,제 66 기,제 65 기
00135962,신라교역,004970,2023,연결재무제표,434185755533.0,432649280569.0,13925633567.0,14467242991.0,수익(매출액),영업이익,제 57 기,제 56 기
00135962,신라교역,004970,2024,연결재무제표,496120565456.0,434185755533.0,16438800579.0,13925633567.0,수익(매출액),영업이익(손실),제 58 기,제 57 기
00135962,신라교역,004970,2025,연결재무제표,454741129091.0,470510573950.0,-1566075725.0,16823878669.0,수익(매출액),영업이익(손실),제 59 기,제 58 기
00135999,신라섬유,001000,2023,별도재무제표,3777530598.0,4429624973.0,391543799.0,464547764.0,수익(매출액),영업이익(손실),제 48 기,제 47 기
00135999,신라섬유,001000,2024,별도재무제표,3669468488.0,3777530598.0,416940298.0,391543799.0,수익(매출액),영업이익(손실),제 49 기,제 48 기
00135999,신라섬유,001000,2025,별도재무제표,3590565852.0,3669468488.0,487816030.0,416940298.0,수익(매출액),영업이익(손실),제 50 기,제 49 기
00136004,신라에스지,025870,2023,연결재무제표,88377059730.0,73421934268.0,1688008975.0,2252248416.0,매출액,영업이익,제 47 기,제 46 기
00136004,신라에스지,025870,2024,연결재무제표,85618791494.0,88377059730.0,1148170505.0,1688008975.0,매출액,영업이익,제 48 기,제 47 기
00136004,신라에스지,025870,2025,연결재무제표,70037103949.0,85618791494.0,-1555191664.0,1148170505.0,매출액,영업이익(손실),제 49 기,제 48 기
00919966,신라젠,215600,2023,연결재무제표,3939558696.0,5013362991.0,-21345852210.0,-24476247012.0,영업수익,영업손실,제 18 기,제 17 기
00919966,신라젠,215600,2024,연결재무제표,3926654280.0,3939558696.0,-26768169823.0,-21345852210.0,영업수익,영업손실,제 19 기,제 18 기
00919966,신라젠,215600,2025,연결재무제표,9225416503.0,3926654280.0,-25587648216.0,-26768169823.0,영업수익,영업이익(손실),제 20 기,제 19 기
00136226,신성델타테크,065350,2023,연결재무제표,833704098779.0,793424019846.0,29867445100.0,32055395246.0,수익(매출액),영업이익(손실),제 37 기,제 36 기
00136226,신성델타테크,065350,2024,연결재무제표,909722446409.0,833704098779.0,27176239810.0,29867445100.0,수익(매출액),영업이익(손실),제 38 기,제 37 기
00136226,신성델타테크,065350,2025,연결재무제표,945363793218.0,881982008853.0,27689928290.0,26466732671.0,수익(매출액),영업이익(손실),제 39 기,제 38 기
00761183,신성에스티,416180,2023,연결재무제표,124673269789.0,106505634411.0,8372804515.0,7893242769.0,수익(매출액),영업이익(손실),제 20 기,제 19 기
00761183,신성에스티,416180,2024,연결재무제표,127027520143.0,124673269789.0,8805097417.0,8372804515.0,수익(매출액),영업이익(손실),제 21 기,제 20 기
00761183,신성에스티,416180,2025,연결재무제표,116912967727.0,127027520143.0,2270544742.0,8805097417.0,수익(매출액),영업이익(손실),제 22 기,제 21 기
00136271,신성이엔지,011930,2023,연결재무제표,576519652360.0,664143679914.0,7357387392.0,21021027961.0,수익(매출액),영업이익(손실),제 45 기,제 44 기
00136271,신성이엔지,011930,2024,연결재무제표,582301298381.0,576519652360.0,4991741264.0,7357387392.0,수익(매출액),영업이익(손실),제 46 기,제 45 기
00136271,신성이엔지,011930,2025,연결재무제표,567454391304.0,582301298381.0,1281312264.0,4991741264.0,수익(매출액),영업이익(손실),제 47 기,제 46 기
00136341,신성통상,005390,2023,연결재무제표,1542577088968.0,1465811234211.0,144094934645.0,139903882685.0,수익(매출액),영업이익(손실),제 56 기,제 55 기
00136341,신성통상,005390,2024,연결재무제표,1507869284122.0,1542577088968.0,121791701728.0,143660896560.0,수익(매출액),영업이익(손실),제 57 기,제 56 기
00136341,신성통상,005390,2025,연결재무제표,1476972318390.0,1507869284122.0,74488038737.0,121791701728.0,매출액,영업이익,제 58 기,제 57 기
00136378,신세계,004170,2023,연결재무제표,6357088542148.0,7812755198909.0,639780613579.0,645448993543.0,매출액,영업이익(손실),제 67 기,제 66 기
00136378,신세계,004170,2024,연결재무제표,6570412728809.0,6357088542148.0,477024306786.0,639780613579.0,매출액,영업이익(손실),제 68 기,제 67 기
00136378,신세계,004170,2025,연결재무제표,6929498818333.0,6570412728809.0,479961762138.0,477024306786.0,매출액,영업이익(손실),제 69 기,제 68 기
00219486,신세계I&C,035510,2023,연결재무제표,618922936014.0,596870394817.0,39957882041.0,37528514949.0,수익(매출액),영업이익(손실),제 27 기,제 26 기
00219486,신세계I&C,035510,2024,연결재무제표,625716262145.0,618922936014.0,36953168486.0,39957882041.0,수익(매출액),영업이익(손실),제 28 기,제 27 기
00219486,신세계I&C,035510,2025,연결재무제표,687200163879.0,625716262145.0,49113030897.0,36953168486.0,수익(매출액),영업이익(손실),제 29 기,제 28 기
00217947,신세계건설,034300,2023,연결재무제표,1502628133685.0,1432384948018.0,-187816502373.0,-12042239735.0,매출액,영업이익(손실),제 33 기,제 32 기
00217947,신세계건설,034300,2024,연결재무제표,954969919960.0,1415436944084.0,-134050573266.0,-193499425773.0,매출액,영업손실,제 34 기,제 33 기
00217947,신세계건설,034300,2025,연결재무제표,1087621328274.0,954969919960.0,-198352365259.0,-134050573266.0,매출액,영업손실,제 35 기,제 34 기
00234412,신세계인터내셔날,031430,2023,연결재무제표,1354327166187.0,1553877316519.0,48733428811.0,115270511523.0,매출액,영업이익,제 28 기,제 27 기
00234412,신세계인터내셔날,031430,2024,연결재무제표,1308633993458.0,1354327166187.0,26839827864.0,48733428811.0,수익(매출액),영업이익(손실),제 29 기,제 28 기
00234412,신세계인터내셔날,031430,2025,연결재무제표,1109969262713.0,1073588325694.0,-11496780963.0,7241101443.0,수익(매출액),영업이익(손실),제 30 기,제 29 기
00132488,신세계톰보이,012580,2023,별도재무제표,159462414225.0,111478109428.0,13928534211.0,12531861823.0,매출액,영업이익,제 47 기,제 46 기
00132488,신세계톰보이,012580,2024,별도재무제표,213893738939.0,159462414225.0,6318297981.0,13928534211.0,매출액,영업이익,제 48 기,제 47 기
00132488,신세계톰보이,012580,2025,별도재무제표,189927759809.0,213893738939.0,-1597400441.0,6318297981.0,매출액,영업이익,제 49 기,제 48 기
00274933,신세계푸드,031440,2023,연결재무제표,1488920671051.0,1411305169297.0,26424244975.0,20577349768.0,매출액,영업이익,제 29 기,제 28 기
00274933,신세계푸드,031440,2024,연결재무제표,1534799832427.0,1488920671051.0,20764540801.0,26424244975.0,매출액,영업이익,제 30 기,제 29 기
00274933,신세계푸드,031440,2025,연결재무제표,1233240124762.0,1259285143936.0,4769484123.0,104235110.0,매출액,영업이익,제 31 기,제 30 기
00136402,신송홀딩스,006880,2023,연결재무제표,193419654722.0,209403828091.0,8381489448.0,8574416656.0,매출액,영업이익(손실),제 54 기,제 53 기
00136402,신송홀딩스,006880,2024,연결재무제표,164580506815.0,193419654722.0,8401885993.0,8381489448.0,매출액,영업이익(손실),제 55 기,제 54 기
00136402,신송홀딩스,006880,2025,연결재무제표,187759398480.0,164580506815.0,10311259918.0,8401885993.0,매출액,영업이익(손실),제 56 기,제 55 기
00958664,신스틸,162300,2023,연결재무제표,323817908414.0,381031986592.0,13051719126.0,15869285462.0,수익(매출액),영업이익(손실),제 16 기,제 15 기
00958664,신스틸,162300,2024,연결재무제표,386554918254.0,323817908414.0,10467207712.0,13051719126.0,매출액,영업이익(손실),제 17 기,제 16 기
00958664,신스틸,162300,2025,연결재무제표,352171696187.0,386554918254.0,3047366796.0,10467207712.0,매출액,영업이익(손실),제 18 기,제 17 기
00136448,신신제약,002800,2023,연결재무제표,102585576212.0,91925822969.0,6003846310.0,5426211394.0,수익(매출액),영업이익(손실),제 61 기,제 60 기
00136448,신신제약,002800,2024,연결재무제표,106387869012.0,102585576212.0,6890119518.0,6003846310.0,수익(매출액),영업이익(손실),제 62 기,제 61 기
00136448,신신제약,002800,2025,연결재무제표,113778253746.0,106387869012.0,10790159371.0,6890119518.0,수익(매출액),영업이익(손실),제 63 기,제 62 기
01796858,신영스팩10호,472220,2024,별도재무제표,0.0,0.0,-44930050.0,-11259640.0,영업수익,영업이익(손실),제 2 기,제 1 기
01796858,신영스팩10호,472220,2025,별도재무제표,0.0,0.0,-41102170.0,-44930050.0,영업수익,영업이익(손실),제 3 기,제 2 기
00136624,신영와코루,005800,2023,연결재무제표,202775168754.0,201443944940.0,2157294604.0,6613866012.0,매출액,영업이익,제 56 기,제 55 기
00136624,신영와코루,005800,2024,연결재무제표,196678118757.0,202775168754.0,2755794895.0,2157294604.0,매출액,영업이익,제 57 기,제 56 기
00136624,신영와코루,005800,2025,연결재무제표,185154553424.0,196678118757.0,1289206268.0,2755794895.0,매출액,영업이익,제 58 기,제 57 기
00136721,신영증권,001720,2024,연결재무제표,2764259939189.0,2353524310238.0,170377256793.0,115634691078.0,I. 영업수익,III. 영업이익,제 70 기,제 69 기
00136721,신영증권,001720,2025,연결재무제표,2466380710168.0,2764259939189.0,136145617008.0,170377256793.0,I. 영업수익,III. 영업이익,제 71 기,제 70 기
00136864,신원,009270,2023,연결재무제표,834478141461.0,995439504318.0,23429995620.0,33368554911.0,매출액,영업이익(손실),제 51 기,제 50 기
00136864,신원,009270,2024,연결재무제표,939536833803.0,834478141461.0,25317728223.0,23429995620.0,수익(매출액),영업이익(손실),제 52 기,제 51 기
00136864,신원,009270,2025,연결재무제표,1092254154426.0,939536833803.0,18778913228.0,25317728223.0,수익(매출액),영업이익(손실),제 53 기,제 52 기
00136925,신원종합개발,017000,2023,별도재무제표,309755353209.0,188210171518.0,3128726284.0,2032585973.0,매출액,영업이익(손실),제 41 기,제 40 기
00136925,신원종합개발,017000,2024,별도재무제표,259809713516.0,309755353209.0,15013758701.0,3128726284.0,매출액,영업이익(손실),제 42 기,제 41 기
00136925,신원종합개발,017000,2025,별도재무제표,211310547626.0,259809713516.0,8599532119.0,15013758701.0,매출액,영업이익(손실),제 43 기,제 42 기
00173698,신일전자,002700,2023,별도재무제표,184299576203.0,202728990445.0,2010103394.0,2828953931.0,매출액,영업이익(손실),제 65 기,제 64 기
00173698,신일전자,002700,2024,별도재무제표,178314873865.0,184299576203.0,4032944384.0,2010103394.0,매출액,영업이익(손실),제 66 기,제 65 기
00173698,신일전자,002700,2025,별도재무제표,193989833588.0,178314873865.0,5237045994.0,4032944384.0,매출액,영업이익(손실),제 67 기,제 66 기
00137058,신일제약,012790,2023,별도재무제표,89135208847.0,80007072042.0,13991301307.0,13656373682.0,수익(매출액),영업이익(손실),제 47 기,제 46 기
00137058,신일제약,012790,2024,별도재무제표,89440459441.0,89135208847.0,15221696388.0,13991301307.0,수익(매출액),영업이익(손실),제 48 기,제 47 기
00137058,신일제약,012790,2025,별도재무제표,80563639511.0,89440459441.0,7385520844.0,15221696388.0,수익(매출액),영업이익(손실),제 49 기,제 48 기
00577380,신진에스엠,138070,2023,연결재무제표,59704217015.0,66325154097.0,3954600202.0,6717903253.0,수익(매출액),영업이익(손실),제 23 기,제 22 기
00577380,신진에스엠,138070,2024,연결재무제표,54625630129.0,59704217015.0,1303694811.0,3954600202.0,수익(매출액),영업이익(손실),제 24 기,제 23 기
00577380,신진에스엠,138070,2025,연결재무제표,54436124843.0,54625630129.0,-382547242.0,1303694811.0,수익(매출액),영업이익(손실),제 25 기,제 24 기
01344336,신테카바이오,226330,2023,연결재무제표,123405804.0,243991568.0,-12276297771.0,-11792093799.0,영업수익,영업이익(손실),제 15 기,제 14 기
01344336,신테카바이오,226330,2024,연결재무제표,120887133.0,123405804.0,-14269530180.0,-12276297771.0,영업수익,영업이익(손실),제 16 기,제 15 기
01344336,신테카바이오,226330,2025,연결재무제표,3429231736.0,120887133.0,-10764609170.0,-14269530180.0,영업수익,영업이익(손실),제 17 기,제 16 기
00137368,신풍,002870,2023,연결재무제표,26895721826.0,18781761719.0,-3999446133.0,-4202051316.0,수익(매출액),영업이익(손실),제 63 기,제 62 기
00137368,신풍,002870,2024,연결재무제표,22778451624.0,26895721826.0,-4365691306.0,-3999446133.0,수익(매출액),영업이익(손실),제 64 기,제 63 기
00137368,신풍,002870,2025,연결재무제표,24228056503.0,22778451624.0,-2293337379.0,-4365691306.0,수익(매출액),영업이익(손실),제 65 기,제 64 기
00137359,신풍제약,019170,2023,연결재무제표,200228582505.0,209287627763.0,-47392405096.0,-34018686326.0,매출액,영업이익(손실),제 38 기,제 37 기
00137359,신풍제약,019170,2024,연결재무제표,221094069689.0,200228582505.0,-20455432597.0,-47392405096.0,매출액,영업이익(손실),제 39 기,제 38 기
00137359,신풍제약,019170,2025,연결재무제표,234680653227.0,221094069689.0,14255167972.0,-20455432597.0,매출액,영업이익(손실),제 40 기,제 39 기
01714997,신한글로벌액티브리츠,481850,2024,연결재무제표,3485471429.0,3285805947.0,147395778.0,1169706083.0,영업수익,영업이익(손실),제 4 기,제 3 기
01714997,신한글로벌액티브리츠,481850,2025,연결재무제표,3055377228.0,3330184885.0,1968635050.0,2273075527.0,영업수익,영업이익(손실),제 6 기,제 5 기
01436558,신한서부티엔디리츠,404990,2023,연결재무제표,16472785395.0,14939779229.0,10645701563.0,8261365565.0,영업수익,영업이익(손실),제 7 기,제 6 기
01436558,신한서부티엔디리츠,404990,2024,연결재무제표,18056047809.0,17530427308.0,11918498897.0,10471260277.0,영업수익,영업이익(손실),제 9 기,제 8 기
01436558,신한서부티엔디리츠,404990,2025,연결재무제표,32077312593.0,26944754268.0,23736239003.0,15780880498.0,영업수익,영업이익(손실),제 11 기,제 10 기
01276594,신한알파리츠,293940,2023,연결재무제표,47859035601.0,44944413216.0,25139446655.0,27122269780.0,영업수익,영업이익(손실),제 11 기,제 10 기
01276594,신한알파리츠,293940,2024,연결재무제표,58306126000.0,53419536116.0,33777395713.0,32175219793.0,영업수익,영업이익(손실),제 13 기,제 12 기
01276594,신한알파리츠,293940,2025,연결재무제표,82852115221.0,68629689986.0,51085925770.0,45085207224.0,영업수익,영업이익(손실),제 15 기,제 14 기
01719105,신한제11호기업인수목적,452980,2025,별도재무제표,0.0,0.0,-45617025.0,-51338365.0,영업수익,영업이익(손실),제 3 기,제 2 기
00307897,신한카드,032710,2023,연결재무제표,17523000000.0,77215000000.0,802827000000.0,765041000000.0,영업외수익,영업이익,제 38 기,제 37 기
00307897,신한카드,032710,2024,연결재무제표,24301000000.0,17523000000.0,757441000000.0,802827000000.0,영업외수익,영업이익,제 39 기,제 38 기
00307897,신한카드,032710,2025,연결재무제표,27568000000.0,24301000000.0,610020000000.0,757441000000.0,영업외수익,영업이익,제 40 기,제 39 기
00138321,신한투자증권,008670,2023,연결재무제표,9947400000000.0,10548842000000.0,253063000000.0,120975000000.0,영업수익,영업이익,제 25 기,제 24 기
00138321,신한투자증권,008670,2024,연결재무제표,11446637000000.0,9947400000000.0,281905000000.0,253063000000.0,영업수익,영업이익,제 26 기,제 25 기
00138321,신한투자증권,008670,2025,연결재무제표,115358000000.0,57149000000.0,488478000000.0,281905000000.0,영업외수익,영업이익,제 27 기,제 26 기
00228350,신화인터텍,056700,2023,연결재무제표,177452861811.0,201246037086.0,-15543220654.0,-2774529103.0,수익(매출액),영업이익(손실),제 36 기,제 35 기
00228350,신화인터텍,056700,2024,연결재무제표,247444120137.0,177452861811.0,5808525393.0,-15543220654.0,수익(매출액),영업이익(손실),제 37 기,제 36 기
00228350,신화인터텍,056700,2025,연결재무제표,229135522771.0,247444120137.0,9095918206.0,5808525393.0,수익(매출액),영업이익(손실),제 38 기,제 37 기
00925189,신화콘텍,187270,2023,연결재무제표,51942907903.0,44947291912.0,4913326276.0,3950942568.0,수익(매출액),영업이익,제 22 기,제 21 기
00925189,신화콘텍,187270,2024,연결재무제표,51968813986.0,51942907903.0,6962992748.0,4913326276.0,수익(매출액),영업이익,제 23 기,제 22 기
00925189,신화콘텍,187270,2025,연결재무제표,53433430757.0,51968813986.0,4799876921.0,6962992748.0,수익(매출액),영업이익,제 24 기,제 23 기
00526951,신화프리텍,095190,2023,연결재무제표,102239443703.0,95528614343.0,882373796.0,-2285191824.0,수익(매출액),영업이익(손실),제 21 기,제 20 기
00526951,신화프리텍,095190,2024,별도재무제표,120753572794.0,101463362603.0,2183464844.0,2979845014.0,수익(매출액),영업이익(손실),제 22 기,제 21 기
00526951,신화프리텍,095190,2025,별도재무제표,92505989386.0,85434971594.0,-4776540963.0,3904643573.0,매출액,영업이익,제 23 기,제 22 기
00173795,신흥,004080,2023,연결재무제표,112442780476.0,118176546667.0,11356003801.0,10458300238.0,수익(매출액),영업이익(손실),제 59 기,제 58 기
00173795,신흥,004080,2024,연결재무제표,101755599986.0,112442780476.0,6277866223.0,11356003801.0,수익(매출액),영업이익(손실),제 60 기,제 59 기
00173795,신흥,004080,2025,연결재무제표,102606917707.0,101755599986.0,7091121461.0,6277866223.0,수익(매출액),영업이익(손실),제 61 기,제 60 기
00807379,신흥에스이씨,243840,2023,연결재무제표,539851981578.0,477824689682.0,43651743021.0,31015020437.0,수익(매출액),영업이익(손실),제 15 기,제 14 기
00807379,신흥에스이씨,243840,2024,연결재무제표,432831192104.0,539851981578.0,13173121143.0,43651743021.0,수익(매출액),영업이익(손실),제 16 기,제 15 기
00807379,신흥에스이씨,243840,2025,연결재무제표,408233544783.0,432831192104.0,5927334473.0,13173121143.0,매출액,영업이익(손실),제 17 기,제 16 기
00982023,실리콘투,257720,2023,연결재무제표,342860997946.0,165272164547.0,47809343470.0,14239439136.0,매출액,영업이익,제 22 기,제 21 기
00982023,실리콘투,257720,2024,연결재무제표,691522368911.0,342860997946.0,137575012281.0,47809343470.0,매출액,영업이익,제 23 기,제 22 기
00982023,실리콘투,257720,2025,연결재무제표,1116287364104.0,691522368911.0,205361951857.0,137575012281.0,매출액,영업이익,제 24 기,제 23 기
01095722,심텍,222800,2023,연결재무제표,1041895724977.0,1697452348000.0,-88124119458.0,352354248115.0,매출액,영업이익,제 9 기,제 8 기
01095722,심텍,222800,2024,연결재무제표,1231421381070.0,1041895724977.0,-46969220820.0,-88124119458.0,수익(매출액),영업이익,제 10 기,제 9 기
01095722,심텍,222800,2025,연결재무제표,1410559919451.0,1231421381070.0,11868602919.0,-46969220820.0,수익(매출액),영업이익,제 11 기,제 10 기
00152127,심텍홀딩스,036710,2023,연결재무제표,1092958281242.0,1710417170744.0,-206310593777.0,299874298926.0,매출액,영업이익,제 37 기,제 36 기
00152127,심텍홀딩스,036710,2024,연결재무제표,1302111613999.0,1092958281242.0,-131512573158.0,-206310593777.0,매출액,영업이익,제 38 기,제 37 기
00152127,심텍홀딩스,036710,2025,연결재무제표,1528084012715.0,1302111613999.0,-34264413583.0,-131512573158.0,매출액,영업이익,제 39 기,제 38 기
01590980,심플랫폼,444530,2024,별도재무제표,7227053902.0,4389632354.0,-142923926.0,-1540097008.0,영업수익,영업이익(손실),제 14 기,제 13 기
01590980,심플랫폼,444530,2025,별도재무제표,10404472896.0,7227053902.0,-2664703884.0,-142923926.0,영업수익,영업이익(손실),제 15 기,제 14 기
00874168,싸이닉솔루션,234030,2025,연결재무제표,154563595625.0,167426001716.0,2512181957.0,5269821651.0,수익(매출액),영업이익(손실),제 21 기,제 20 기
00659161,싸이맥스,160980,2023,연결재무제표,156626583125.0,195055846091.0,7112986673.0,21161006038.0,수익(매출액),영업이익(손실),제 19 기,제 18 기
00659161,싸이맥스,160980,2024,연결재무제표,165058416302.0,156626583125.0,23405364176.0,7112986673.0,수익(매출액),영업이익(손실),제 20 기,제 19 기
00659161,싸이맥스,160980,2025,연결재무제표,164404533950.0,165058416302.0,23345730078.0,23405364176.0,매출액,영업이익,제 21 기,제 20 기
01293953,싸이버원,356890,2023,연결재무제표,24675744970.0,22753888786.0,1276134767.0,1868663188.0,매출액,영업이익,제 19 기,제 18 기
01293953,싸이버원,356890,2024,연결재무제표,47855112752.0,24675744970.0,11331960375.0,1276134767.0,영업수익,영업이익,제 20 기,제 19 기
01293953,싸이버원,356890,2025,연결재무제표,33726070959.0,47855112752.0,414314485.0,11331960375.0,영업수익,영업이익,제 21 기,제 20 기
01046391,싸이토젠,217330,2023,연결재무제표,3184360751.0,760777445.0,-11791605783.0,-11497462671.0,수익(매출액),영업이익(손실),제 14 기,제 13 기
01046391,싸이토젠,217330,2024,연결재무제표,10910643036.0,3184360751.0,-10665601019.0,-11791605783.0,수익(매출액),영업이익(손실),제 15 기,제 14 기
01046391,싸이토젠,217330,2025,연결재무제표,26054851084.0,10910643036.0,-8163323622.0,-10665601019.0,수익(매출액),영업이익(손실),제 16 기,제 15 기
00681142,쌍방울,102280,2023,연결재무제표,94737530954.0,103274971913.0,367210779.0,642206648.0,수익(매출액),영업이익(손실),제 16 기,제 15 기
00681142,쌍방울,102280,2024,연결재무제표,91989592645.0,94737530954.0,-2290327604.0,367210779.0,수익(매출액),영업이익(손실),제 17 기,제 16 기
00681142,쌍방울,102280,2025,연결재무제표,91612281777.0,91989592645.0,-2455358142.0,-2290327604.0,수익(매출액),영업이익(손실),제 18 기,제 17 기
00138224,쌍용씨앤이,003410,2023,연결재무제표,1869406412741.0,1705906744062.0,184113128233.0,192022361472.0,매출액,영업이익(손실),제 62 기,제 61 기
00138224,쌍용씨앤이,003410,2024,연결재무제표,1695728234643.0,1869406412741.0,190092114409.0,184113128233.0,매출액,영업이익,제 63 기,제 62 기
00138224,쌍용씨앤이,003410,2025,연결재무제표,1488638509094.0,1695728234643.0,106035516175.0,187175041628.0,매출액,영업이익,제 64 기,제 63 기
00138057,써니전자,004770,2023,별도재무제표,12759842344.0,17441063486.0,901749708.0,1685945860.0,수익(매출액),영업이익(손실),제 58 기,제 57 기
00138057,써니전자,004770,2024,별도재무제표,12809512519.0,12759842344.0,2576381536.0,901749708.0,수익(매출액),영업이익(손실),제 59 기,제 58 기
00138057,써니전자,004770,2025,별도재무제표,12360625475.0,12809512519.0,2200952273.0,2576381536.0,수익(매출액),영업이익(손실),제 60 기,제 59 기
01049422,썸에이지,208640,2023,연결재무제표,11560934744.0,12519373509.0,-12823161753.0,-16478666060.0,영업수익,영업이익(손실),제 10 기,제 9 기
01049422,썸에이지,208640,2024,연결재무제표,13975932832.0,11560934744.0,-10168798530.0,-12823161753.0,영업수익,영업이익(손실),제 11 기,제 10 기
01049422,썸에이지,208640,2025,연결재무제표,6018579018.0,13975932832.0,-7875912076.0,-10168798530.0,영업수익,영업이익(손실),제 12 기,제 11 기
01091054,쎄노텍,222420,2023,별도재무제표,31111152868.0,34731413625.0,-1056389909.0,1125897166.0,매출액,영업이익,제 9 기,제 8 기
01091054,쎄노텍,222420,2024,별도재무제표,31548983520.0,31111152868.0,954775109.0,-1056389909.0,매출액,영업이익(손실),제 10 기,제 9 기
01091054,쎄노텍,222420,2025,별도재무제표,35638307740.0,31548983520.0,3169827293.0,954775109.0,매출액,영업이익(손실),제 11 기,제 10 기
00239596,쎄니트,037760,2023,연결재무제표,140357557191.0,160097408657.0,4922899481.0,9997374529.0,수익(매출액),영업이익(손실),제 29 기,제 28 기
00239596,쎄니트,037760,2024,연결재무제표,132439879532.0,140357557191.0,3260971781.0,4922899481.0,수익(매출액),영업이익(손실),제 30 기,제 29 기
00239596,쎄니트,037760,2025,연결재무제표,126987862521.0,132439879532.0,-1083487980.0,3260971781.0,매출액,영업이익(손실),제 31 기,제 30 기
00406222,쎄크,081180,2025,별도재무제표,59205964528.0,53931372723.0,-3064318083.0,1335945972.0,매출액,영업이익(손실),제 26 기,제 25 기
00449254,쎄트렉아이,099320,2023,연결재무제표,125433494958.0,91357563655.0,-4353750903.0,-7728225536.0,수익(매출액),영업이익(손실),제 25 기,제 24 기
00449254,쎄트렉아이,099320,2024,연결재무제표,171279451654.0,125433494958.0,-3072159411.0,-4353750903.0,매출액,영업이익,제 26 기,제 25 기
00449254,쎄트렉아이,099320,2025,연결재무제표,206916796302.0,171279451654.0,10179660644.0,-3072159411.0,수익(매출액),영업이익(손실),제 27 기,제 26 기
00357430,쎌바이오텍,049960,2023,연결재무제표,53787388529.0,50525748850.0,2195388266.0,6051491931.0,수익(매출액),영업이익(손실),제 29 기,제 28 기
00357430,쎌바이오텍,049960,2024,연결재무제표,49912668669.0,53787388529.0,6795969136.0,2195388266.0,수익(매출액),영업이익(손실),제 30 기,제 29 기
00357430,쎌바이오텍,049960,2025,연결재무제표,53125673480.0,49912668669.0,7913762782.0,6795969136.0,수익(매출액),영업이익(손실),제 31 기,제 30 기
00561723,쏘닉스,088280,2023,별도재무제표,13813256246.0,15839004968.0,-5165198707.0,-3403228196.0,수익(매출액),영업이익(손실),제 24 기,제 23 기
00561723,쏘닉스,088280,2024,별도재무제표,16978336210.0,13813256246.0,-4539450342.0,-5165198707.0,수익(매출액),영업이익(손실),제 25 기,제 24 기
00561723,쏘닉스,088280,2025,별도재무제표,18205980616.0,16978336210.0,-6660877218.0,-4539450342.0,수익(매출액),영업이익(손실),제 26 기,제 25 기
01026157,쏘카,403550,2023,연결재무제표,398471745542.0,397560235879.0,-9690085854.0,9523634592.0,영업수익,영업이익,제 13 기,제 12 기
01026157,쏘카,403550,2024,연결재무제표,431763084374.0,398471745542.0,-9800724573.0,-9690085854.0,영업수익,영업이익(손실),제 14 기,제 13 기
01026157,쏘카,403550,2025,연결재무제표,470702674379.0,431763084374.0,23248933130.0,-9800724573.0,영업수익,영업이익(손실),제 15 기,제 14 기
00364403,쏠리드,050890,2023,연결재무제표,321364602371.0,279785548725.0,36268131817.0,28591491789.0,수익(매출액),영업이익(손실),제 26 기,제 25 기
00364403,쏠리드,050890,2024,연결재무제표,331067887419.0,321364602371.0,35139812698.0,36268131817.0,수익(매출액),영업이익(손실),제 27 기,제 26 기
00364403,쏠리드,050890,2025,연결재무제표,294830329228.0,331067887419.0,33282673656.0,35139812698.0,수익(매출액),영업이익(손실),제 28 기,제 27 기
01506617,쓰리빌리언,394800,2024,별도재무제표,5772098148.0,2730329272.0,-7419089160.0,-8352273046.0,영업수익,영업이익(손실),제 9 기,제 8 기
01506617,쓰리빌리언,394800,2025,연결재무제표,11708662411.0,5772098148.0,-5889097928.0,-7419089160.0,영업수익,영업이익(손실),제 10 기,제 9 기
00870065,쓰리에이로직스,177900,2024,별도재무제표,18114302063.0,14159386419.0,1749439298.0,-7952755115.0,매출액,영업이익(손실),제 21 기,제 20 기
00870065,쓰리에이로직스,177900,2025,별도재무제표,14494595306.0,18114302063.0,-2686355904.0,1749439298.0,매출액,영업이익(손실),제 22 기,제 21 기
01588189,씨메스로보틱스,475400,2024,연결재무제표,6888405852.0,7639315336.0,-14287728694.0,-9988360547.0,수익(매출액),영업이익(손실),제 11 기,제 10 기
01588189,씨메스로보틱스,475400,2025,연결재무제표,13056154094.0,6888405852.0,-18411160019.0,-14287728694.0,수익(매출액),영업이익(손실),제 12 기,제 11 기
00492706,씨싸이트,109670,2023,연결재무제표,152290472951.0,185575942387.0,780412614.0,13172869197.0,매출액,영업이익(손실),제 25 기,제 24 기
00492706,씨싸이트,109670,2024,연결재무제표,173856858567.0,152290472951.0,1254256907.0,780412614.0,매출액,영업이익(손실),제 26 기,제 25 기
00492706,씨싸이트,109670,2025,연결재무제표,169721832580.0,173856858567.0,150744963.0,1254256907.0,수익(매출액),영업이익(손실),제 27 기,제 26 기
00249441,씨씨에스,066790,2023,연결재무제표,19211399837.0,19355942259.0,453727360.0,648839089.0,수익(매출액),영업이익(손실),제 27 기,제 26 기
00249441,씨씨에스,066790,2024,연결재무제표,18337213022.0,19211399837.0,-850011520.0,453727360.0,수익(매출액),영업이익(손실),제 28 기,제 27 기
00249441,씨씨에스,066790,2025,연결재무제표,18271161053.0,18337213022.0,-5020235846.0,-850011520.0,수익(매출액),영업이익(손실),제 29 기,제 28 기
00127158,씨아이테크,004920,2023,연결재무제표,57050887121.0,56721432617.0,-7112247389.0,73930086.0,매출액,영업이익(손실),제 57 기,제 56 기
00127158,씨아이테크,004920,2024,연결재무제표,47436608009.0,56685997504.0,-2049221072.0,-6970983633.0,매출액,영업이익(손실),제 58 기,제 57 기
00127158,씨아이테크,004920,2025,연결재무제표,41449800518.0,33756128642.0,2001735146.0,-1273710483.0,매출액,영업이익(손실),제 59 기,제 58 기
01226410,씨앤씨인터내셔널,352480,2023,연결재무제표,220327417089.0,130605728419.0,32089995970.0,17452497154.0,매출액,영업이익,제 11 기,제 10 기
01226410,씨앤씨인터내셔널,352480,2024,연결재무제표,282883855707.0,220327417089.0,28962985598.0,32089995970.0,매출액,영업이익,제 12 기,제 11 기
01226410,씨앤씨인터내셔널,352480,2025,연결재무제표,288477800460.0,282883855707.0,22170749656.0,28962985598.0,매출액,영업이익,제 13 기,제 12 기
00173731,씨앤에스자산관리,032040,2023,연결재무제표,133754858967.0,110542085508.0,793931063.0,-434611693.0,수익(매출액),영업이익(손실),제 44 기,제 43 기
00173731,씨앤에스자산관리,032040,2024,연결재무제표,137089528379.0,133754858967.0,-1347862955.0,793931063.0,수익(매출액),영업이익(손실),제 45 기,제 44 기
00173731,씨앤에스자산관리,032040,2025,연결재무제표,146470176909.0,137089528379.0,2627882324.0,-1347862955.0,수익(매출액),영업이익(손실),제 46 기,제 45 기
00149266,씨앤에이치,023460,2023,연결재무제표,194449361638.0,234554650993.0,-9759794557.0,-41772850282.0,영업수익,영업이익(손실),제 35 기,제 34 기
00149266,씨앤에이치,023460,2024,연결재무제표,213296334165.0,194449361638.0,-91180293585.0,-9759794557.0,영업수익,영업이익(손실),제 36 기,제 35 기
00149266,씨앤에이치,023460,2025,연결재무제표,115563520113.0,213296334165.0,-4078812127.0,-91180293585.0,영업수익,영업이익(손실),제 37 기,제 36 기
00605328,씨앤지하이테크,264660,2023,연결재무제표,166725521459.0,192780700293.0,12740846167.0,25428008497.0,매출액,영업이익(손실),제 22 기,제 21 기
00605328,씨앤지하이테크,264660,2024,연결재무제표,151187855593.0,166725521459.0,12940400218.0,12740846167.0,매출액,영업이익(손실),제 23 기,제 22 기
00605328,씨앤지하이테크,264660,2025,연결재무제표,196194330780.0,151187855593.0,24742314123.0,12940400218.0,매출액,영업이익(손실),제 24 기,제 23 기
00875237,씨앤투스,352700,2023,연결재무제표,78037214136.0,141584468647.0,-744270435.0,26718958897.0,매출액,영업이익,제 21 기,제 20 기
00875237,씨앤투스,352700,2024,연결재무제표,72986615933.0,78037214136.0,1401980012.0,-744270435.0,매출액,영업이익,제 22 기,제 21 기
00875237,씨앤투스,352700,2025,연결재무제표,67177456978.0,72986615933.0,-5751223811.0,1401980012.0,매출액,영업이익,제 23 기,제 22 기
01514227,씨어스,458870,2024,별도재무제표,8099754810.0,1885010467.0,-8681501062.0,-9803411085.0,수익(매출액),영업이익(손실),제 16 기,제 15 기
01514227,씨어스,458870,2025,연결재무제표,48170737719.0,8099754810.0,16327166470.0,-8681501062.0,수익(매출액),영업이익(손실),제 17 기,제 16 기
00765462,씨에스베어링,297090,2023,연결재무제표,76607854875.0,49006656971.0,57074357.0,-8827162718.0,매출액,영업이익(손실),제 17 기,제 16 기
00765462,씨에스베어링,297090,2024,연결재무제표,105410424602.0,76607854875.0,2109689073.0,57074357.0,매출액,영업이익(손실),제 18 기,제 17 기
00765462,씨에스베어링,297090,2025,연결재무제표,126148072662.0,105410424602.0,11086289238.0,2109689073.0,매출액,영업이익(손실),제 19 기,제 18 기
00670340,씨에스윈드,112610,2023,연결재무제표,1520162115494.0,1374893317788.0,104666101614.0,42121940314.0,수익(매출액),영업이익(손실),제 18 기,제 17 기
00670340,씨에스윈드,112610,2024,연결재무제표,3072529196695.0,1520162115494.0,255481950329.0,104196455252.0,수익(매출액),영업이익(손실),제 19 기,제 18 기
00670340,씨에스윈드,112610,2025,연결재무제표,2931648581449.0,3072529196695.0,320323178301.0,255481950329.0,매출액,영업이익,제 20 기,제 19 기
00800084,씨엑스아이,900120,2023,연결재무제표,377032823.0,545209898.0,37566007.0,33836585.0,매출,영업이익(손실),제 15 기,제 14 기
00800084,씨엑스아이,900120,2024,연결재무제표,376932477.0,377032823.0,102434768.0,37566007.0,매출,영업이익(손실),제 16 기,제 15 기
00800084,씨엑스아이,900120,2025,연결재무제표,297018681.0,376932477.0,50174847.0,102434768.0,매출,영업이익,제 17 기,제 16 기
01487446,씨엔알리서치,359090,2023,연결재무제표,55102004323.0,48473173571.0,6232524670.0,4799911007.0,수익(매출액),영업이익(손실),제 4 기,제 3 기
01487446,씨엔알리서치,359090,2024,연결재무제표,59688657389.0,55102004323.0,3630240161.0,6232524670.0,수익(매출액),영업이익(손실),제 5 기,제 4 기
01487446,씨엔알리서치,359090,2025,연결재무제표,64982070922.0,59688657389.0,1384561417.0,3630240161.0,수익(매출액),영업이익(손실),제 6 기,제 5 기
00660033,씨엔플러스,115530,2023,연결재무제표,36261410433.0,43042658055.0,961055940.0,1382532301.0,매출액,영업이익(손실),제 21 기,제 20 기
00660033,씨엔플러스,115530,2024,연결재무제표,47492786638.0,36261410433.0,-36854309.0,961055940.0,매출액,영업이익(손실),제 22 기,제 21 기
00660033,씨엔플러스,115530,2025,연결재무제표,53617316563.0,47492786638.0,367552929.0,-36854309.0,매출액,영업이익(손실),제 23 기,제 22 기
01529982,씨엠티엑스,388210,2025,연결재무제표,160555762764.0,108665913336.0,51781944189.0,23639028765.0,매출액,영업이익(손실),제 13 기,제 12 기
00681249,씨유메디칼,115480,2023,연결재무제표,41803052141.0,46957359252.0,4940532433.0,11117955163.0,매출액,영업이익(손실),제 23 기,제 22 기
00681249,씨유메디칼,115480,2024,연결재무제표,40629340409.0,41803052141.0,7801018206.0,4940532433.0,매출액,영업이익(손실),제 24 기,제 23 기
00681249,씨유메디칼,115480,2025,연결재무제표,48222586383.0,40629340409.0,10812879962.0,7801018206.0,매출액,영업이익,제 25 기,제 24 기
00575106,씨유테크,376290,2023,연결재무제표,172928955346.0,216440887837.0,2171604116.0,4603329633.0,수익(매출액),영업이익(손실),제 20 기,제 19 기
00575106,씨유테크,376290,2024,연결재무제표,284171371287.0,172928955346.0,11493672748.0,2171604116.0,수익(매출액),영업이익(손실),제 21 기,제 20 기
00575106,씨유테크,376290,2025,연결재무제표,216513076154.0,284171371287.0,5419934689.0,11493672748.0,수익(매출액),영업이익(손실),제 22 기,제 21 기
00991298,씨이랩,189330,2023,연결재무제표,3663438456.0,9896926397.0,-6910776281.0,-4926220793.0,매출액,영업이익(손실),제 14 기,제 13 기
00991298,씨이랩,189330,2024,연결재무제표,9093357973.0,3663438456.0,-5284958770.0,-6910776281.0,매출액,영업이익(손실),제 15 기,제 14 기
00991298,씨이랩,189330,2025,연결재무제표,10272320511.0,9093357973.0,-3225075448.0,-5284958770.0,매출액,영업이익(손실),제 16 기,제 15 기
00788773,씨젠,096530,2023,연결재무제표,367375048980.0,853561091243.0,-30053478765.0,196492262649.0,매출액,영업이익(손실),제 24 기,제 23 기
00788773,씨젠,096530,2024,연결재무제표,414251733221.0,367375048980.0,-16479248127.0,-30053478765.0,매출액,영업이익(손실),제 25 기,제 24 기
00788773,씨젠,096530,2025,연결재무제표,474231586051.0,414251733221.0,34549810779.0,-16479248127.0,매출액,영업이익(손실),제 26 기,제 25 기
01210677,씨케이솔루션,480370,2024,연결재무제표,295772527163.0,215298444210.0,16524305283.0,17666706565.0,매출액,영업이익(손실),제 21 기,제 20 기
01210677,씨케이솔루션,480370,2025,연결재무제표,291009514864.0,295772527163.0,-36605183434.0,16524305283.0,매출액,영업이익(손실),제 22 기,제 21 기
00520610,씨큐브,101240,2023,별도재무제표,51101481903.0,46284761435.0,5030755309.0,6506493593.0,매출액,영업이익(손실),제 24 기,제 23 기
00520610,씨큐브,101240,2024,별도재무제표,60146725509.0,51101481903.0,10214678160.0,5030755309.0,매출액,영업이익(손실),제 25 기,제 24 기
00520610,씨큐브,101240,2025,별도재무제표,56519406165.0,60146725509.0,10172022142.0,10214678160.0,매출액,영업이익(손실),제 26 기,제 25 기
00362292,씨티씨바이오,060590,2023,연결재무제표,137878037215.0,165205513710.0,-4578130667.0,11229682544.0,매출액,영업이익(손실),제 28 기,제 27 기
00362292,씨티씨바이오,060590,2024,연결재무제표,144406933560.0,137878037215.0,-3953111981.0,-4578130667.0,매출액,영업이익(손실),제 29 기,제 28 기
00362292,씨티씨바이오,060590,2025,연결재무제표,123769377291.0,119876739034.0,6249530909.0,-5013536241.0,매출액,영업이익(손실),제 30 기,제 29 기
00450010,씨티알모빌리티,308170,2023,연결재무제표,444173625905.0,423096556243.0,524576905.0,-736093949.0,매출액,영업이익(손실),제 30 기,제 29 기
00450010,씨티알모빌리티,308170,2024,연결재무제표,432271164941.0,444173625905.0,3919580993.0,524576905.0,매출액,영업이익(손실),제 31 기,제 30 기
00450010,씨티알모빌리티,308170,2025,연결재무제표,461459309070.0,432271164941.0,5813747117.0,3919580993.0,수익(매출액),영업이익(손실),제 32 기,제 31 기
01144028,씨티케이,260930,2023,연결재무제표,88916001181.0,69361422438.0,2740146615.0,-15216893394.0,수익(매출액),영업이익(손실),제 23 기,제 22 기
01144028,씨티케이,260930,2024,연결재무제표,83598956255.0,88916001181.0,134939173.0,2740146615.0,수익(매출액),영업이익(손실),제 24 기,제 23 기
01144028,씨티케이,260930,2025,연결재무제표,89230284535.0,83598956255.0,-5666299231.0,134939173.0,매출액,영업이익(손실),제 25 기,제 24 기
01601222,씨피시스템,413630,2023,별도재무제표,0.0,0.0,-76329244.0,-55315450.0,수익(매출액),영업이익(손실),제 3 기,제 2 기
01601222,씨피시스템,413630,2024,연결재무제표,21290631574.0,21950488675.0,3315643565.0,6341861302.0,수익(매출액),영업이익(손실),제 4 기,제 3 기
01601222,씨피시스템,413630,2025,연결재무제표,19053735010.0,21290631574.0,2138726082.0,3315643565.0,수익(매출액),영업이익(손실),제 5 기,제 4 기
00138446,아가방컴퍼니,013990,2023,연결재무제표,186412760361.0,174318344068.0,16576163171.0,14530167691.0,매출액,영업이익(손실),제 45 기,제 44 기
00138446,아가방컴퍼니,013990,2024,연결재무제표,182742831122.0,186412760361.0,15205969477.0,16576163171.0,매출액,영업이익(손실),제 46 기,제 45 기
00138446,아가방컴퍼니,013990,2025,연결재무제표,189078048828.0,182742831122.0,13987123318.0,15205969477.0,수익(매출액),영업이익(손실),제 47 기,제 46 기
00861997,아고스,175140,2023,연결재무제표,38503045776.0,35536737811.0,-7993587338.0,-6615652988.0,Ⅰ.매출액,Ⅴ.영업이익(손실),제 22 기,제 21 기
00861997,아고스,175140,2024,연결재무제표,42683052327.0,38503045776.0,-6588215168.0,-7993587338.0,매출액,영업이익(손실),제 23 기,제 22 기
00861997,아고스,175140,2025,연결재무제표,55491024215.0,42683052327.0,-11628884044.0,-6588215168.0,매출액,영업이익(손실),제 24 기,제 23 기
00761952,아나패스,123860,2023,별도재무제표,71466090073.0,43291922796.0,4469540613.0,-7015267470.0,매출액,영업이익(손실),제 22 기,제 21 기
00761952,아나패스,123860,2024,별도재무제표,182209532699.0,71466090073.0,20043218842.0,4469540613.0,매출액,영업이익(손실),제 23 기,제 22 기
00761952,아나패스,123860,2025,별도재무제표,108165267297.0,182209532699.0,20152032995.0,20043218842.0,매출액,영업이익(손실),제 24 기,제 23 기
00161781,아난티,025980,2023,연결재무제표,897296641579.0,325346438455.0,267047733935.0,115222889272.0,매출액,영업이익,제 37 기,제 36 기
00161781,아난티,025980,2024,연결재무제표,285159195284.0,897296641579.0,800283769.0,267047733935.0,매출액,영업이익(손실),제 38 기,제 37 기
00161781,아난티,025980,2025,연결재무제표,258070776397.0,285159195284.0,8316490610.0,800283769.0,매출액,영업이익(손실),제 39 기,제 38 기
00138516,아남전자,008700,2023,연결재무제표,255594471.0,371831316.0,7179111.0,15981588.0,수익(매출액),영업이익(손실),제 51 기,제 50 기
00138516,아남전자,008700,2024,연결재무제표,189473465.0,255594471.0,7256370.0,7179111.0,수익(매출액),영업이익(손실),제 52 기,제 51 기
00138516,아남전자,008700,2025,연결재무제표,151351168.0,189473465.0,3370256.0,7256370.0,수익(매출액),영업이익,제 53 기,제 52 기
01141599,아리바이오LAB,261780,2023,별도재무제표,294124200.0,179484500.0,-6419346568.0,-6469261798.0,매출액,영업이익(손실),제 24 기,제 23 기
01141599,아리바이오LAB,261780,2024,별도재무제표,370658340.0,294124200.0,-7696424811.0,-6419346568.0,매출액,영업이익(손실),제 25 기,제 24 기
01141599,아리바이오LAB,261780,2025,별도재무제표,158616000.0,370658340.0,-14271049992.0,-7696424811.0,매출액,영업이익(손실),제 26 기,제 25 기
00605522,아리바이오홀딩스,290690,2023,별도재무제표,59827801602.0,55896292167.0,515597483.0,-4321420711.0,매출액,영업이익(손실),제 28 기,제 27 기
00605522,아리바이오홀딩스,290690,2024,별도재무제표,50689386299.0,59827801602.0,-6618788188.0,515597483.0,매출액,영업이익(손실),제 29 기,제 28 기
00605522,아리바이오홀딩스,290690,2025,별도재무제표,38268314998.0,50689386299.0,-6717469974.0,-6618788188.0,매출액,영업이익(손실),제 30 기,제 29 기
00611912,아모그린텍,125210,2023,별도재무제표,147600020643.0,142128437632.0,12286582302.0,8835373822.0,매출액,영업이익(손실),제 20 기,제 19 기
00611912,아모그린텍,125210,2024,연결재무제표,128565520649.0,147600020643.0,4470894722.0,12286582302.0,매출액,영업이익(손실),제 21 기,제 20 기
00611912,아모그린텍,125210,2025,연결재무제표,130600692643.0,128565520649.0,9383031410.0,4470894722.0,매출액,영업이익(손실),제 22 기,제 21 기
00583424,아모레퍼시픽,090430,2023,연결재무제표,3673963593157.0,4134932512111.0,108171257062.0,214233255761.0,매출액,영업이익,제 18 기,제 17 기
00583424,아모레퍼시픽,090430,2024,연결재무제표,3885110699186.0,3673963593157.0,220481343913.0,108171257062.0,매출액,영업이익,제 19 기,제 18 기
00583424,아모레퍼시픽,090430,2025,연결재무제표,4252820221496.0,3885110699186.0,335826547063.0,220481343913.0,매출액,영업이익,제 20 기,제 19 기
00154462,아모레퍼시픽홀딩스,002790,2023,연결재무제표,4021343038942.0,4494956806652.0,152001477210.0,271900712401.0,매출액,영업이익,제 65 기,제 64 기
00154462,아모레퍼시픽홀딩스,002790,2024,연결재무제표,4259886701995.0,4021343038942.0,249277525878.0,152001477210.0,매출액,영업이익,제 66 기,제 65 기
00154462,아모레퍼시픽홀딩스,002790,2025,연결재무제표,4623175217447.0,4259886701995.0,367999917421.0,249277525878.0,매출액,영업이익,제 67 기,제 66 기
01012987,아모센스,357580,2023,별도재무제표,87453532398.0,63013530325.0,796067214.0,852102867.0,매출액,영업이익(손실),제 16 기,제 15 기
01012987,아모센스,357580,2024,별도재무제표,134155017976.0,87453532398.0,7163114384.0,796067214.0,매출액,영업이익(손실),제 17 기,제 16 기
01012987,아모센스,357580,2025,연결재무제표,122140313384.0,134155017976.0,5321549322.0,7163114384.0,매출액,영업이익(손실),제 18 기,제 17 기
00298447,아모텍,052710,2023,연결재무제표,186814458731.0,215714387212.0,-25972729250.0,-4271806956.0,매출액,영업이익(손실),제 30 기,제 29 기
00298447,아모텍,052710,2024,연결재무제표,229444552451.0,186814458731.0,-23900819524.0,-25972729250.0,매출액,영업이익(손실),제 31 기,제 30 기
00298447,아모텍,052710,2025,연결재무제표,253765089587.0,229444552451.0,5505372842.0,-23900819524.0,매출액,영업이익(손실),제 32 기,제 31 기
00466428,아미노로직스,074430,2023,연결재무제표,20886622718.0,27336928096.0,1462016016.0,7034645185.0,매출액,영업이익,제 27 기,제 26 기
00466428,아미노로직스,074430,2024,연결재무제표,16790273164.0,20886622718.0,-2153048279.0,1462016016.0,매출액,영업이익(손실),제 28 기,제 27 기
00466428,아미노로직스,074430,2025,연결재무제표,22020233503.0,16790273164.0,3593847277.0,-2153048279.0,매출액,영업이익(손실),제 29 기,제 28 기
00545734,아미코젠,092040,2023,연결재무제표,159904289100.0,144295727345.0,2056140831.0,-4899462026.0,매출액,영업이익,제 24 기,제 23 기
00545734,아미코젠,092040,2024,연결재무제표,173604673969.0,159904289100.0,-7051211028.0,2056140831.0,매출액,영업이익,제 25 기,제 24 기
00545734,아미코젠,092040,2025,연결재무제표,41981406105.0,173604673969.0,-17138823540.0,-7051211028.0,매출액,영업이익(손실),제 26 기,제 25 기
00442145,아바코,083930,2023,연결재무제표,186852149260.0,217264065504.0,4408460446.0,13571251704.0,수익(매출액),영업이익(손실),제 24 기,제 23 기
00442145,아바코,083930,2024,연결재무제표,305514630290.0,186852149260.0,21104407254.0,4408460446.0,수익(매출액),영업이익(손실),제 25 기,제 24 기
00442145,아바코,083930,2025,연결재무제표,392896306694.0,305514630290.0,34618160545.0,20397848850.0,수익(매출액),영업이익(손실),제 26 기,제 25 기
00442048,아바텍,149950,2023,별도재무제표,75771249556.0,73183893397.0,2199978697.0,-5351206969.0,매출액,영업이익,제 24 기,제 23 기
00442048,아바텍,149950,2024,별도재무제표,84545739299.0,75771249556.0,5797381978.0,2199978697.0,매출액,영업이익,제 25 기,제 24 기
00442048,아바텍,149950,2025,별도재무제표,80944405170.0,84545739299.0,6148093789.0,5797381978.0,매출액,영업이익,제 26 기,제 25 기
00138598,아비코전자,036010,2023,연결재무제표,125029847788.0,164696756994.0,-4711554747.0,11291045446.0,수익(매출액),영업이익(손실),제 51 기,제 50 기
00138598,아비코전자,036010,2024,연결재무제표,120929975441.0,125029847788.0,-4876861940.0,-4711554747.0,수익(매출액),영업이익(손실),제 52 기,제 51 기
00138598,아비코전자,036010,2025,연결재무제표,133852502966.0,120929975441.0,8313696930.0,-4876861940.0,수익(매출액),영업이익(손실),제 53 기,제 52 기
00138701,아세아,002030,2023,연결재무제표,2115887323161.0,2072300589648.0,240394994935.0,232577852131.0,수익(매출액),영업이익(손실),제 59 기,제 58 기
00138701,아세아,002030,2024,연결재무제표,2007423276000.0,2115887323000.0,172421989000.0,240394994000.0,수익(매출액),영업이익(손실),제 60 기,제 59 기
00138701,아세아,002030,2025,연결재무제표,1884464676000.0,2007423276000.0,111030477000.0,172421989000.0,수익(매출액),영업이익(손실),제 61 기,제 60 기
00990165,아세아시멘트,183190,2023,연결재무제표,1200454909494.0,1040145906143.0,146886630781.0,117970811813.0,매출액,영업이익(손실),제 11 기,제 10 기
00990165,아세아시멘트,183190,2024,연결재무제표,1110338447000.0,1200454909000.0,140751172000.0,146886631000.0,수익(매출액),영업이익(손실),제 12 기,제 11 기
00990165,아세아시멘트,183190,2025,연결재무제표,1022789744000.0,1110338447000.0,77134472000.0,140751172000.0,수익(매출액),영업이익(손실),제 13 기,제 12 기
00138729,아세아제지,002310,2023,연결재무제표,908334402467.0,1023392875106.0,87582502735.0,109447038390.0,매출액,영업이익(손실),제 68 기,제 67 기
00138729,아세아제지,002310,2024,연결재무제표,891065284091.0,908334402467.0,26566121417.0,87582502735.0,수익(매출액),영업이익(손실),제 69 기,제 68 기
00138729,아세아제지,002310,2025,연결재무제표,855126180115.0,891065284091.0,27216050086.0,26566121417.0,수익(매출액),영업이익(손실),제 70 기,제 69 기
00138747,아세아텍,050860,2023,별도재무제표,123630723741.0,137718679157.0,11873245292.0,13864660992.0,수익(매출액),영업이익(손실),제 45 기,제 44 기
00138747,아세아텍,050860,2024,별도재무제표,123825860518.0,123630723741.0,6386005621.0,11873245292.0,수익(매출액),영업이익(손실),제 46 기,제 45 기
00138747,아세아텍,050860,2025,별도재무제표,113296319206.0,123825860518.0,3987776535.0,6386005621.0,수익(매출액),영업이익(손실),제 47 기,제 46 기
00145437,아센디오,012170,2023,연결재무제표,6883461279.0,12543892128.0,-10352386041.0,-7886271061.0,수익(매출액),영업이익(손실),제 47 기,제 46 기
00145437,아센디오,012170,2024,연결재무제표,13465653938.0,5398781608.0,-4121526339.0,-10500260218.0,수익(매출액),영업이익(손실),제 48 기,제 47 기
00145437,아센디오,012170,2025,연결재무제표,5921928326.0,13465653938.0,-4324824897.0,-4121526339.0,수익(매출액),영업이익(손실),제 49 기,제 48 기
00922304,아셈스,136410,2023,연결재무제표,47734640838.0,53052773971.0,6008991810.0,8685735334.0,수익(매출액),영업이익(손실),제 19 기,제 18 기
00922304,아셈스,136410,2024,연결재무제표,57174933309.0,47734640838.0,9224205328.0,6008991810.0,수익(매출액),영업이익(손실),제 20 기,제 19 기
00922304,아셈스,136410,2025,연결재무제표,60272993631.0,57174933309.0,12001220205.0,9224205328.0,수익(매출액),영업이익(손실),제 21 기,제 20 기
01157235,아스타,246720,2023,별도재무제표,3133234465.0,3345404074.0,-2723517456.0,-2779103898.0,매출액,영업이익(손실),제 18 기,제 17 기
01157235,아스타,246720,2024,별도재무제표,3354706693.0,3133234465.0,-4018724616.0,-2723517456.0,매출액,영업이익(손실),제 19 기,제 18 기
01157235,아스타,246720,2025,별도재무제표,2594819140.0,3354706693.0,-2589698780.0,-4018724616.0,매출액,영업이익(손실),제 20 기,제 19 기
01590528,아스테라시스,450950,2024,연결재무제표,28833182740.0,17497984287.0,6664217644.0,1555007407.0,매출액,영업이익(손실),제 10 기,제 9 기
01590528,아스테라시스,450950,2025,연결재무제표,37943714291.0,28833182740.0,10392032060.0,6664217644.0,매출액,영업이익(손실),제 11 기,제 10 기
00409681,아스트,067390,2023,연결재무제표,168484017802.0,162125182794.0,-36383148675.0,-13382603453.0,매출액,영업이익(손실),제 23 기,제 22 기
00409681,아스트,067390,2024,연결재무제표,171380120862.0,168484017802.0,-6396741096.0,-36383148675.0,매출액,영업이익(손실),제 24 기,제 23 기
00409681,아스트,067390,2025,연결재무제표,254386380552.0,171380120862.0,7358569541.0,-6396741096.0,매출액,영업이익(손실),제 25 기,제 24 기
00561732,아스플로,159010,2023,연결재무제표,86873727999.0,88655767575.0,6353099941.0,10502786502.0,수익,영업이익(손실),제 23 기,제 22 기
00561732,아스플로,159010,2024,연결재무제표,83609960696.0,86873727999.0,-1863944824.0,6353099941.0,수익,영업이익(손실),제 24 기,제 23 기
00561732,아스플로,159010,2025,연결재무제표,67924197059.0,83609960696.0,-7014701152.0,-1863944824.0,수익,영업이익(손실),제 25 기,제 24 기
00665676,아시아경제,127710,2023,연결재무제표,93135610392.0,85242477459.0,-28489053783.0,-1144008257.0,수익(매출액),영업이익(손실),제 19 기,제 18 기
00665676,아시아경제,127710,2024,연결재무제표,77972576476.0,93135610392.0,-35165441020.0,-28489053783.0,수익(매출액),영업이익(손실),제 20 기,제 19 기
00665676,아시아경제,127710,2025,연결재무제표,73144595774.0,77972576476.0,5479447146.0,-35165441020.0,수익(매출액),영업이익(손실),제 21 기,제 20 기
00458234,아시아나IDT,267850,2023,별도재무제표,188353920542.0,181365956561.0,9112194550.0,10236752051.0,매출,영업이익,제 33 기,제 32 기
00458234,아시아나IDT,267850,2024,별도재무제표,194024077326.0,188353920542.0,9225853941.0,9112194550.0,매출,영업이익,제 34 기,제 33 기
00458234,아시아나IDT,267850,2025,별도재무제표,194059284908.0,194024077326.0,12128135452.0,9225853941.0,매출,영업이익,제 35 기,제 34 기
00138792,아시아나항공,020560,2023,연결재무제표,7623348347364.0,6206669334674.0,619928673329.0,598763774896.0,매출,영업이익,제 36 기,제 35 기
00138792,아시아나항공,020560,2024,연결재무제표,8318567228711.0,7623348347364.0,275690391993.0,619928673329.0,매출,영업이익,제 37 기,제 36 기
00138792,아시아나항공,020560,2025,연결재무제표,7266849939986.0,8318567228711.0,-345190261173.0,275690391993.0,매출,영업이익(손실),제 38 기,제 37 기
00867478,아시아종묘,154030,2023,연결재무제표,26395658878.0,24047390439.0,-545738261.0,-1595951716.0,매출액,영업이익(손실),제 20 기,제 19 기
00867478,아시아종묘,154030,2024,연결재무제표,24593549936.0,26395658878.0,-1124665061.0,-545738261.0,매출액,영업이익(손실),제 21 기,제 20 기
00867478,아시아종묘,154030,2025,연결재무제표,3516111982.0,27806411703.0,-988696610.0,923849151.0,매출액,영업이익(손실),제 23 기,제 22 기
01080687,아우딘퓨쳐스,227610,2023,연결재무제표,32698314649.0,35044593341.0,162986825.0,-9692810262.0,수익(매출액),영업이익(손실),제 24 기,제 23 기
01080687,아우딘퓨쳐스,227610,2024,연결재무제표,34685968494.0,32698314649.0,-3367749311.0,162986825.0,수익(매출액),영업이익(손실),제 25 기,제 24 기
01080687,아우딘퓨쳐스,227610,2025,연결재무제표,42385393255.0,34685968494.0,-1810505836.0,-3367749311.0,수익(매출액),영업이익(손실),제 26 기,제 25 기
01649620,아우토크립트,331740,2025,연결재무제표,25479479430.0,23280563555.0,-13519713490.0,-18043625428.0,I. 영업수익,III. 영업손실,제 7 기,제 6 기
00883980,아이디스,143160,2023,연결재무제표,278189278977.0,269923346993.0,22645779197.0,27843659994.0,수익(매출액),영업이익(손실),제 13 기,제 12 기
00883980,아이디스,143160,2024,연결재무제표,313645958610.0,278189278977.0,16086789268.0,22645779197.0,수익(매출액),영업이익(손실),제 14 기,제 13 기
00883980,아이디스,143160,2025,연결재무제표,327595925715.0,313645958610.0,21242195723.0,16086789268.0,수익(매출액),영업이익(손실),제 15 기,제 14 기
00359580,아이디스홀딩스,054800,2023,연결재무제표,748555977151.0,874051270582.0,44718268391.0,94274859182.0,수익(매출액),영업이익(손실),제 27 기,제 26 기
00359580,아이디스홀딩스,054800,2024,연결재무제표,781350849775.0,748555977151.0,63135548774.0,44718268391.0,수익(매출액),영업이익(손실),제 28 기,제 27 기
00359580,아이디스홀딩스,054800,2025,연결재무제표,908094139658.0,781350849775.0,89736520339.0,63135548774.0,수익(매출액),영업이익(손실),제 29 기,제 28 기
01213586,아이디피,332370,2023,연결재무제표,36366131477.0,43111569109.0,5531281025.0,12372966273.0,매출액,영업이익,제 19 기,제 18 기
01213586,아이디피,332370,2024,연결재무제표,46525695543.0,36366131477.0,11083090078.0,5531281025.0,매출액,영업이익,제 20 기,제 19 기
01213586,아이디피,332370,2025,연결재무제표,49083311500.0,46525695543.0,10876410311.0,11083090078.0,매출액,영업이익,제 21 기,제 20 기
00370200,아이로보틱스,066430,2023,별도재무제표,35778569046.0,37411357602.0,125627765.0,219378636.0,매출액,영업이익(손실),제 26 기,제 25 기
00370200,아이로보틱스,066430,2024,별도재무제표,36145453798.0,35778569046.0,934623490.0,129522440.0,매출액,영업이익(손실),제 27 기,제 26 기
00370200,아이로보틱스,066430,2025,별도재무제표,36426291956.0,36145453798.0,169877798.0,934623490.0,매출액,영업이익(손실),제 28 기,제 27 기
00360142,아이마켓코리아,122900,2023,연결재무제표,3425595997363.0,3588174695943.0,51107089826.0,56299267838.0,매출,영업이익,제 24 기,제 23 기
00360142,아이마켓코리아,122900,2024,연결재무제표,3318335159154.0,3425595997363.0,44784623263.0,51107089826.0,매출,영업이익,제 25 기,제 24 기
00360142,아이마켓코리아,122900,2025,연결재무제표,3054422899510.0,3318335159154.0,20319970689.0,44784623263.0,매출,영업이익,제 26 기,제 25 기
01414422,아이비김영,339950,2023,연결재무제표,94698742467.0,86509520445.0,8935524758.0,3082754489.0,매출액,영업이익(손실),제 5 기,제 4 기
01414422,아이비김영,339950,2024,연결재무제표,107068569330.0,94698742467.0,16490034787.0,8935524758.0,매출액,영업이익(손실),제 6 기,제 5 기
01414422,아이비김영,339950,2025,연결재무제표,119488397139.0,107068569330.0,19067499968.0,16490034787.0,매출액,영업이익(손실),제 7 기,제 6 기
01516766,아이비젼웍스,469750,2024,별도재무제표,35170486748.0,23241688823.0,2385026314.0,2771094857.0,매출액,영업이익(손실),제 10 기,제 9 기
01516766,아이비젼웍스,469750,2025,별도재무제표,23001097577.0,35170486748.0,-390839029.0,2385026314.0,매출액,영업이익(손실),제 11 기,제 10 기
01785700,아이비케이에스제23호기업인수목적,467930,2024,별도재무제표,0.0,0.0,-53883100.0,-26709469.0,수익(매출액),영업이익(손실),제 2 기,제 1 기
01785700,아이비케이에스제23호기업인수목적,467930,2025,별도재무제표,0.0,0.0,-34360160.0,-53883100.0,수익(매출액),영업이익(손실),제 3 기,제 2 기
01678312,아이빔테크놀로지,460470,2024,별도재무제표,3564282688.0,4495088983.0,-4309493276.0,-2905069801.0,수익(매출액),영업이익(손실),제 8 기,제 7 기
01678312,아이빔테크놀로지,460470,2025,별도재무제표,4375864077.0,3564282688.0,-4153030940.0,-4309493276.0,수익(매출액),영업이익(손실),제 9 기,제 8 기
00550994,아이센스,099190,2023,연결재무제표,265120260375.0,264837131105.0,10929438236.0,19807041920.0,수익(매출액),영업이익(손실),제 24 기,제 23 기
00550994,아이센스,099190,2024,연결재무제표,291137903797.0,265120260375.0,2657678239.0,10929438236.0,수익(매출액),영업이익(손실),제 25 기,제 24 기
00550994,아이센스,099190,2025,연결재무제표,315444741611.0,291137903797.0,7886581393.0,2657678239.0,매출액,영업이익,제 26 기,제 25 기
00657224,아이스크림미디어,461300,2024,별도재무제표,152180302062.0,123055437787.0,46100544112.0,34045030934.0,수익(매출액),영업이익(손실),제 23 기,제 22 기
00657224,아이스크림미디어,461300,2025,별도재무제표,195910648546.0,152180302062.0,61763104721.0,46100544112.0,매출,영업이익,제 24 기,제 23 기
00983934,아이스크림에듀,289010,2023,연결재무제표,117613662193.0,133842491685.0,-16703739012.0,2092800853.0,수익(매출액),영업이익(손실),제 11 기,제 10 기
00983934,아이스크림에듀,289010,2024,연결재무제표,107627285871.0,117613662193.0,-1939876034.0,-16703739012.0,수익(매출액),영업이익(손실),제 12 기,제 11 기
00983934,아이스크림에듀,289010,2025,별도재무제표,91587213109.0,107627285871.0,1401677361.0,-1939876034.0,수익(매출액),영업이익(손실),제 13 기,제 12 기
00612489,아이쓰리시스템,214430,2023,별도재무제표,121539205459.0,83845591819.0,12204489179.0,5686971942.0,수익(매출액),영업이익(손실),제 26 기,제 25 기
00612489,아이쓰리시스템,214430,2024,별도재무제표,120701833274.0,121539205459.0,14759928402.0,12204489179.0,수익(매출액),영업이익(손실),제 27 기,제 26 기
00612489,아이쓰리시스템,214430,2025,별도재무제표,124275749815.0,120701833274.0,16458043794.0,14759928402.0,수익(매출액),영업이익(손실),제 28 기,제 27 기
00298377,아이씨디,040910,2023,연결재무제표,62273750997.0,150944906368.0,-37213580426.0,-5051610239.0,수익(매출액),영업이익(손실),제 25 기,제 24 기
00298377,아이씨디,040910,2024,연결재무제표,147615670947.0,62273750997.0,-26684100904.0,-39307816911.0,수익(매출액),영업이익(손실),제 26 기,제 25 기
00298377,아이씨디,040910,2025,연결재무제표,197041477697.0,147615670947.0,4452297110.0,-26684100904.0,매출액,영업이익(손실),제 27 기,제 26 기
01302853,아이씨에이치,368600,2023,연결재무제표,43192695143.0,22820911963.0,-10061095197.0,-7640252962.0,매출액,영업이익(손실),제 12 기,제 11 기
01302853,아이씨에이치,368600,2024,연결재무제표,64567994093.0,43192695143.0,-3229834130.0,-10061095197.0,매출액,영업이익(손실),제 13 기,제 12 기
01302853,아이씨에이치,368600,2025,연결재무제표,46852015447.0,64567994093.0,-14492170343.0,-3229834130.0,매출액,영업이익(손실),제 14 기,제 13 기
01373709,아이씨티케이,456010,2023,별도재무제표,6187514371.0,2566873755.0,-2364614723.0,-3334554411.0,수익(매출액),영업이익(손실),제 7 기,제 6 기
01373709,아이씨티케이,456010,2024,연결재무제표,6683572584.0,6187514371.0,-6685587200.0,-2364614723.0,수익(매출액),영업이익(손실),제 8 기,제 7 기
01373709,아이씨티케이,456010,2025,연결재무제표,4020136626.0,6683572584.0,-8864162135.0,-6685587200.0,수익(매출액),영업이익(손실),제 9 기,제 8 기
00365758,아이앤씨,052860,2023,연결재무제표,64285596112.0,39384695654.0,1433685935.0,2449098030.0,수익(매출액),영업이익(손실),제 28 기,제 27 기
00365758,아이앤씨,052860,2024,연결재무제표,23374281444.0,64285596112.0,-10673994878.0,1433685935.0,수익(매출액),영업이익(손실),제 29 기,제 28 기
00365758,아이앤씨,052860,2025,연결재무제표,36878556322.0,23374281444.0,4050146283.0,-10673994878.0,수익(매출액),영업이익(손실),제 30 기,제 29 기
01706794,아이언디바이스,464500,2024,연결재무제표,8371607726.0,6232338771.0,-4875558821.0,-3515751473.0,매출액,영업이익(손실),제 17 기,제 16 기
01706794,아이언디바이스,464500,2025,연결재무제표,10127280088.0,8371607726.0,-5574038498.0,-4875558821.0,매출액,영업이익(손실),제 18 기,제 17 기
00115977,아이에스동서,010780,2023,연결재무제표,2029440057224.0,2278442902307.0,340521475822.0,345076330100.0,매출액,영업이익(손실),제 49 기,제 48 기
00115977,아이에스동서,010780,2024,연결재무제표,1514572538167.0,2029440057224.0,169672413030.0,340521475822.0,매출액,영업이익(손실),제 50 기,제 49 기
00115977,아이에스동서,010780,2025,연결재무제표,1234356436787.0,1514572538167.0,68122603774.0,169672413030.0,매출액,영업이익(손실),제 51 기,제 50 기
01208751,아이에스티이,212710,2024,연결재무제표,41086620121.0,27196582574.0,637671808.0,-710436523.0,수익(매출액),영업이익(손실),제 12 기,제 11 기
01208751,아이에스티이,212710,2025,연결재무제표,32220867462.0,41086620121.0,-5840989125.0,637671808.0,수익(매출액),영업이익(손실),제 13 기,제 12 기
00252269,아이에이,038880,2023,연결재무제표,59179508587.0,74214714559.0,-10219010515.0,-2536734510.0,수익(매출액),영업이익(손실),제 31 기,제 30 기
00252269,아이에이,038880,2024,연결재무제표,50722605792.0,59179508587.0,-6441112791.0,-10219010515.0,수익(매출액),영업이익(손실),제 32 기,제 31 기
00252269,아이에이,038880,2025,연결재무제표,41182705121.0,50722605792.0,-7318500845.0,-6441112791.0,수익(매출액),영업이익(손실),제 33 기,제 32 기
00154426,아이에이치큐,003560,2023,연결재무제표,36300281506.0,46794198791.0,-17444415717.0,-32175585561.0,영업수익,영업이익(손실),제 62 기,제 61 기
00154426,아이에이치큐,003560,2024,연결재무제표,32431991390.0,36300281506.0,-7164297756.0,-17444415717.0,영업수익,영업이익(손실),제 63 기,제 62 기
00154426,아이에이치큐,003560,2025,연결재무제표,27725711733.0,32431991390.0,-7214692951.0,-7164297756.0,영업수익,영업이익(손실),제 64 기,제 63 기
01326279,아이엘,307180,2023,연결재무제표,39078135188.0,49164956238.0,-16743020132.0,-743998868.0,수익(매출액),영업이익(손실),제 6 기,제 5 기
01326279,아이엘,307180,2024,연결재무제표,83497969579.0,39078135188.0,5037681434.0,-16743020132.0,수익(매출액),영업이익(손실),제 7 기,제 6 기
01326279,아이엘,307180,2025,연결재무제표,102864055822.0,83215639985.0,-8501873229.0,5326709864.0,수익(매출액),영업이익(손실),제 8 기,제 7 기
00609634,아이엠,101390,2023,연결재무제표,124304995412.0,117379641039.0,-1063282369.0,-9801069340.0,매출액,영업이익(손실),제 18 기,제 17 기
00609634,아이엠,101390,2024,연결재무제표,126074201973.0,121173143659.0,-2892743214.0,-260750137.0,매출액,영업이익(손실),제 19 기,제 18 기
00609634,아이엠,101390,2025,연결재무제표,91765421849.0,126074201973.0,-8558874586.0,-2892743214.0,매출액,영업이익(손실),제 20 기,제 19 기
01859500,아이엠바이오로직스,493280,2025,별도재무제표,11618699446.0,27593912633.0,297697050.0,13998471477.0,영업수익,영업이익(손실),제 6 기,제 5 기
01497373,아이엠비디엑스,461030,2024,별도재무제표,3406964929.0,4026931213.0,-10611580142.0,-7768838247.0,매출액,영업이익(손실),제 7 기,제 6 기
01497373,아이엠비디엑스,461030,2025,별도재무제표,5328626310.0,3406964929.0,-8664254150.0,-10611580142.0,매출액,영업이익(손실),제 8 기,제 7 기
01546101,아이엠티,451220,2023,연결재무제표,6469805221.0,10756717708.0,-2238560925.0,254042570.0,수익(매출액),영업이익(손실),제 24 기,제 23 기
01546101,아이엠티,451220,2024,연결재무제표,13565444020.0,6469805221.0,-2161112622.0,-2238560925.0,수익(매출액),영업이익(손실),제 25 기,제 24 기
01546101,아이엠티,451220,2025,연결재무제표,32943967760.0,13565444020.0,158667407.0,-2161112622.0,매출액,영업손익,제 26 기,제 25 기
00543204,아이오케이이엔엠,078860,2023,연결재무제표,22401905047.0,18966224254.0,-7673728875.0,-10813506356.0,매출액,영업이익(손실),제 24 기,제 23 기
00543204,아이오케이이엔엠,078860,2024,연결재무제표,25103872700.0,21624929538.0,-7275827823.0,-6297873596.0,매출액,영업이익(손실),제 25 기,제 24 기
00543204,아이오케이이엔엠,078860,2025,연결재무제표,12227719936.0,24102439439.0,-8022887227.0,-6467640163.0,매출액,영업이익(손실),제 26 기,제 25 기
00365624,아이윈,090150,2023,연결재무제표,108275071416.0,94425491702.0,6353994073.0,2258539282.0,매출액,영업이익(손실),제 25 기,제 24 기
00365624,아이윈,090150,2024,연결재무제표,119318697988.0,108275071416.0,7901469034.0,6353994073.0,매출액,영업이익,제 26 기,제 25 기
00365624,아이윈,090150,2025,연결재무제표,115909884130.0,119318697988.0,6875269241.0,7901469034.0,매출액,영업이익,제 27 기,제 26 기
00200910,아이즈비전,031310,2023,연결재무제표,190968431347.0,191621557326.0,6785523313.0,6344360283.0,매출액,영업이익(손실),제 32 기,제 31 기
00200910,아이즈비전,031310,2024,연결재무제표,182782663558.0,190968431347.0,1024814466.0,6785523313.0,매출액,영업이익(손실),제 33 기,제 32 기
00200910,아이즈비전,031310,2025,연결재무제표,194376148403.0,182782663558.0,3377631184.0,1024814466.0,매출액,영업이익(손실),제 34 기,제 33 기
01728167,아이지넷,462980,2024,연결재무제표,23340662328.0,13005501306.0,352456597.0,-3233035052.0,영업수익,영업이익(손실),제 11 기,제 10 기
01728167,아이지넷,462980,2025,연결재무제표,39018670597.0,23340662328.0,3329722972.0,352456597.0,영업수익,영업이익(손실),제 12 기,제 11 기
00945457,아이진,185490,2023,연결재무제표,3125394060.0,5293453594.0,-27085530763.0,-24088859112.0,매출액,영업손실,제 24 기,제 23 기
00945457,아이진,185490,2024,연결재무제표,3355764039.0,3125394060.0,-13253741738.0,-27085530763.0,매출액,영업손실,제 25 기,제 24 기
00945457,아이진,185490,2025,연결재무제표,3566784886.0,3355764039.0,-9850606922.0,-13253741738.0,매출액,영업손실,제 26 기,제 25 기
00407285,아이컴포넌트,059100,2023,별도재무제표,27349339969.0,35305746404.0,-2149500566.0,2934887624.0,매출액,영업이익(손실),제 24 기,제 23 기
00407285,아이컴포넌트,059100,2024,별도재무제표,37099175885.0,27349339969.0,2596972420.0,-2149500566.0,매출액,영업이익(손실),제 25 기,제 24 기
00407285,아이컴포넌트,059100,2025,별도재무제표,34649217419.0,37099175885.0,6040285030.0,2596972420.0,매출액,영업이익(손실),제 26 기,제 25 기
01146822,아이퀘스트,262840,2023,연결재무제표,40078912565.0,26366936666.0,3624846623.0,4351135368.0,매출액,영업이익,제 28 기,제 27 기
01146822,아이퀘스트,262840,2024,연결재무제표,40638997617.0,40078912565.0,3418781244.0,3624846623.0,매출액,영업이익,제 29 기,제 28 기
01146822,아이퀘스트,262840,2025,연결재무제표,43564251822.0,40638997617.0,4275151300.0,3418781244.0,매출액,영업이익,제 30 기,제 29 기
00554352,아이큐어,175250,2023,연결재무제표,56806335194.0,59367111183.0,-22656494901.0,-26771353853.0,수익(매출액),영업이익(손실),제 24 기,제 23 기
00554352,아이큐어,175250,2024,연결재무제표,69207253527.0,56806335194.0,-17182238507.0,-22656494901.0,수익(매출액),영업이익(손실),제 25 기,제 24 기
00554352,아이큐어,175250,2025,연결재무제표,83384563119.0,50578007492.0,-11957366539.0,-15158841087.0,수익(매출액),영업이익(손실),제 26 기,제 25 기
00405719,아이크래프트,052460,2023,연결재무제표,138664496786.0,112898330825.0,5149045968.0,247175358.0,수익(매출액),영업이익(손실),제 24 기,제 23 기
00405719,아이크래프트,052460,2024,연결재무제표,100488003614.0,138664496786.0,1598422014.0,5149045968.0,수익(매출액),영업이익(손실),제 25 기,제 24 기
00405719,아이크래프트,052460,2025,연결재무제표,206499542172.0,100488003614.0,8014943926.0,1598422014.0,수익(매출액),영업이익(손실),제 26 기,제 25 기
00626011,아이텍,119830,2023,연결재무제표,83264313856.0,76653831108.0,-7176006243.0,717822628.0,수익(매출액),영업이익(손실),제 19 기,제 18 기
00626011,아이텍,119830,2024,연결재무제표,61956940814.0,52234250113.0,-4867055381.0,-7304008328.0,수익(매출액),영업이익(손실),제 20 기,제 19 기
00626011,아이텍,119830,2025,연결재무제표,48517802480.0,48631863997.0,-257048957.0,-2187921651.0,매출액,영업손실,제 21 기,제 20 기
00346911,아이톡시,052770,2023,연결재무제표,21646147033.0,28138644556.0,-4395913554.0,718430530.0,매출액,영업이익(손실),제 27 기,제 26 기
00346911,아이톡시,052770,2024,연결재무제표,17173788045.0,21646147033.0,-11848546017.0,-4395913554.0,매출액,영업이익(손실),제 28 기,제 27 기
00346911,아이톡시,052770,2025,별도재무제표,5704071824.0,16140878276.0,-4926344328.0,-9578563343.0,매출액,영업이익(손실),제 29 기,제 28 기
00620868,아이티센글로벌,124500,2023,연결재무제표,2815145201364.0,2621054378127.0,30518767988.0,30445407072.0,수익(매출액),영업이익(손실),제 20 기,제 19 기
00620868,아이티센글로벌,124500,2024,연결재무제표,4961847499151.0,2815145201364.0,58564721273.0,30518767988.0,매출액,영업이익(손실),제 21 기,제 20 기
00620868,아이티센글로벌,124500,2025,연결재무제표,8870844790093.0,4961847499151.0,279925759631.0,58564721273.0,수익(매출액),영업이익(손실),제 22 기,제 21 기
00186559,아이티센씨티에스,031820,2023,연결재무제표,892572862927.0,709847221879.0,15528861337.0,15878066941.0,매출액,영업이익,제 41 기,제 40 기
00186559,아이티센씨티에스,031820,2024,연결재무제표,995320658847.0,892572862927.0,21009952017.0,15528861337.0,매출액,영업이익,제 42 기,제 41 기
00186559,아이티센씨티에스,031820,2025,연결재무제표,1095214299936.0,995320658847.0,23550459117.0,21009952017.0,수익(매출액),영업이익(손실),제 43 기,제 42 기
00138303,아이티센엔텍,010280,2023,연결재무제표,392451834235.0,325214480599.0,8408970900.0,9673301505.0,매출액,영업이익(손실),제 43 기,제 42 기
00138303,아이티센엔텍,010280,2024,연결재무제표,441775895300.0,392451834235.0,9437606751.0,8408970900.0,매출액,영업이익(손실),제 44 기,제 43 기
00138303,아이티센엔텍,010280,2025,연결재무제표,572026600945.0,441775895300.0,20871338299.0,9437606751.0,수익(매출액),영업이익(손실),제 45 기,제 44 기
01113499,아이티센피엔에스,232830,2023,별도재무제표,16219150218.0,39515795103.0,-1283047422.0,2171898590.0,매출액,영업이익(손실),제 13 기,제 12 기
01113499,아이티센피엔에스,232830,2024,연결재무제표,104423115134.0,16219150218.0,-1569770960.0,-1283047422.0,매출액,영업이익(손실),제 14 기,제 13 기
01113499,아이티센피엔에스,232830,2025,연결재무제표,269551291750.0,104423115134.0,-302711455.0,-1569770960.0,매출액,영업이익(손실),제 15 기,제 14 기
01429840,아이티아이즈,372800,2023,연결재무제표,74949243889.0,54571511944.0,-6388091963.0,-11335106806.0,매출액,영업손익,제 12 기,제 11 기
01429840,아이티아이즈,372800,2024,연결재무제표,79578130695.0,74949243889.0,166552167.0,-6388091963.0,매출액,영업손익,제 13 기,제 12 기
01429840,아이티아이즈,372800,2025,연결재무제표,78053779536.0,79578130695.0,-5394921537.0,166552167.0,수익(매출액),영업손익,제 14 기,제 13 기
00579980,아이티엠반도체,084850,2023,연결재무제표,580535283001.0,633477432853.0,-14879697539.0,-16157288816.0,매출액,영업이익,제 24 기,제 23 기
00579980,아이티엠반도체,084850,2024,연결재무제표,647909543710.0,580535283001.0,2403483743.0,-14879697539.0,매출액,영업이익(손실),제 25 기,제 24 기
00579980,아이티엠반도체,084850,2025,연결재무제표,603110608556.0,647909543710.0,-6996601510.0,2403483743.0,매출액,영업이익(손실),제 26 기,제 25 기
00914341,아이티켐,309710,2025,연결재무제표,61966968775.0,49102752858.0,-1850846474.0,3594368188.0,수익(매출액),영업이익(손실),제 21 기,제 20 기
00141282,아이파크영창,001890,2023,연결재무제표,64183633812.0,68670561593.0,-9368970850.0,-10930385706.0,매출액,영업이익(손실),제 61 기,제 60 기
00141282,아이파크영창,001890,2024,연결재무제표,41106145216.0,64183633812.0,-4659554990.0,-9368970850.0,매출액,영업이익(손실),제 62 기,제 61 기
00141282,아이파크영창,001890,2025,연결재무제표,31105086538.0,41106145216.0,-5162826756.0,-4659554990.0,매출액,영업이익(손실),제 63 기,제 62 기
00692254,아이패밀리에스씨,114840,2023,연결재무제표,148685912955.0,85335168954.0,23996195140.0,9508401029.0,수익(매출액),영업이익(손실),제 24 기,제 23 기
00692254,아이패밀리에스씨,114840,2024,연결재무제표,204880606161.0,148685912955.0,33632455532.0,23996195140.0,수익(매출액),영업이익(손실),제 25 기,제 24 기
00692254,아이패밀리에스씨,114840,2025,연결재무제표,224096054183.0,204880606161.0,27127744195.0,33632455532.0,수익(매출액),영업이익(손실),제 26 기,제 25 기
00156895,아주IB투자,027360,2023,연결재무제표,190546261.0,41013409.0,17729078861.0,4845329840.0,영업외수익,Ⅰ. 영업이익,제 50 기,제 49 기
00156895,아주IB투자,027360,2024,연결재무제표,150237068.0,190546261.0,8385493188.0,17729078861.0,영업외수익,Ⅰ. 영업이익,제 51 기,제 50 기
00156895,아주IB투자,027360,2025,연결재무제표,132865217.0,150237068.0,11886131746.0,8385493188.0,영업외수익,Ⅰ. 영업이익,제 52 기,제 51 기
00486705,아주스틸,139990,2023,연결재무제표,956457905420.0,1056170390159.0,-19057421396.0,4599028519.0,매출액,영업이익,제 25 기,제 24 기
00486705,아주스틸,139990,2024,연결재무제표,999671752739.0,938544286063.0,-42399405216.0,-13322021538.0,수익(매출액),영업이익(손실),제 26 기,제 25 기
00486705,아주스틸,139990,2025,연결재무제표,1085603129063.0,999671752739.0,-25565892498.0,-42399405216.0,수익(매출액),영업이익(손실),제 27 기,제 26 기
00201131,아즈텍WB,032080,2023,별도재무제표,37089482391.0,45473797756.0,-75126221.0,2148865471.0,수익(매출액),영업이익(손실),제 31 기,제 30 기
00201131,아즈텍WB,032080,2024,별도재무제표,35365624219.0,37089482391.0,544665708.0,-75126221.0,수익(매출액),영업이익(손실),제 32 기,제 31 기
00201131,아즈텍WB,032080,2025,별도재무제표,30229023516.0,35365624219.0,458774703.0,544665708.0,수익(매출액),영업이익(손실),제 33 기,제 32 기
00139083,아진산업,013310,2023,연결재무제표,764289803909.0,597770521543.0,83852404913.0,47540403155.0,수익(매출액),영업이익(손실),제 46 기,제 45 기
00139083,아진산업,013310,2024,연결재무제표,776834397585.0,764289803909.0,32271930442.0,83852404913.0,수익(매출액),영업이익(손실),제 47 기,제 46 기
00139083,아진산업,013310,2025,연결재무제표,1008867839227.0,776834397585.0,64357887312.0,32271930442.0,매출액,영업이익,제 48 기,제 47 기
00404288,아진엑스텍,059120,2023,별도재무제표,24884104476.0,35691515631.0,-912692556.0,2059438358.0,수익(매출액),영업이익(손실),제 27 기,제 26 기
00404288,아진엑스텍,059120,2024,별도재무제표,25168306541.0,24884104476.0,-4189061187.0,-912692556.0,수익(매출액),영업이익(손실),제 28 기,제 27 기
00404288,아진엑스텍,059120,2025,별도재무제표,24617900877.0,25168306541.0,962725276.0,-4189061187.0,수익(매출액),영업이익(손실),제 29 기,제 28 기
00111689,아진전자부품,009320,2023,별도재무제표,113444154855.0,100501934262.0,2038286352.0,-5760515771.0,매출액,영업이익(손실),제 51 기,제 50 기
00111689,아진전자부품,009320,2024,연결재무제표,143497309408.0,113444154855.0,5939589951.0,2038286352.0,매출액,영업이익(손실),제 52 기,제 51 기
00111689,아진전자부품,009320,2025,연결재무제표,151831619994.0,143497309408.0,6297563802.0,5939589951.0,매출액,영업이익(손실),제 53 기,제 52 기
00173069,아진카인텍,011400,2023,별도재무제표,71666771025.0,66840072518.0,2984334033.0,10595588680.0,매출액,영업이익(손실),제 48 기,제 47 기
00173069,아진카인텍,011400,2024,연결재무제표,87451740568.0,71666771025.0,2174402710.0,2984334033.0,매출액,영업이익(손실),제 49 기,제 48 기
00173069,아진카인텍,011400,2025,연결재무제표,75022294479.0,87451740568.0,1938168692.0,2174402710.0,매출액,영업이익(손실),제 50 기,제 49 기
01036367,아크솔루션스,203690,2023,연결재무제표,37252698975.0,26575597422.0,-4787408536.0,-7333734662.0,매출액,영업이익,제 10 기,제 9 기
01036367,아크솔루션스,203690,2024,연결재무제표,33225106279.0,37252698975.0,-6201847455.0,-4787408536.0,매출액,영업이익(손실),제 11 기,제 10 기
01036367,아크솔루션스,203690,2025,연결재무제표,16078959889.0,33225106279.0,-7436680390.0,-6201847455.0,매출액,영업이익(손실),제 12 기,제 11 기
00595182,아톤,158430,2023,연결재무제표,55030886112.0,44743476684.0,11412710566.0,8046838457.0,매출액,영업이익(손실),제 25 기,제 24 기
00595182,아톤,158430,2024,연결재무제표,65423627200.0,55030886112.0,14436928478.0,11412710566.0,매출액,영업이익(손실),제 26 기,제 25 기
00595182,아톤,158430,2025,연결재무제표,67603200088.0,65423627200.0,10357738081.0,14436928478.0,매출액,영업이익(손실),제 27 기,제 26 기
01309795,아틀라스링크,297570,2023,별도재무제표,26583526247.0,28744200269.0,4250212435.0,4297759688.0,매출액,영업이익,제 6 기,제 5 기
01309795,아틀라스링크,297570,2024,별도재무제표,30947059461.0,26583526247.0,4807349942.0,4250212435.0,매출액,영업이익,제 7 기,제 6 기
01309795,아틀라스링크,297570,2025,연결재무제표,42912841922.0,30947059461.0,6538943174.0,4807349942.0,매출액,영업이익,제 8 기,제 7 기
00990819,아티스트스튜디오,200350,2023,연결재무제표,41863614133.0,44422278789.0,-7787502929.0,-6252551794.0,매출액,영업이익(손실),제 17 기,제 16 기
00990819,아티스트스튜디오,200350,2024,연결재무제표,27306791627.0,41863614133.0,-7321436149.0,-7787502929.0,매출액,영업이익(손실),제 18 기,제 17 기
00990819,아티스트스튜디오,200350,2025,연결재무제표,14618399763.0,27306791627.0,-3007373300.0,-7321436149.0,매출액,영업이익(손실),제 19 기,제 18 기
01116502,아티스트컴퍼니,321820,2023,연결재무제표,21272385828.0,30110649760.0,-3277590268.0,-1332504584.0,매출,영업이익(손실),제 14 기,제 13 기
01116502,아티스트컴퍼니,321820,2024,연결재무제표,21265284097.0,21272385828.0,-3148114885.0,-3277590268.0,매출,영업이익(손실),제 15 기,제 14 기
01116502,아티스트컴퍼니,321820,2025,연결재무제표,46650140282.0,21265284097.0,-3958696884.0,-3148114885.0,매출,영업이익(손실),제 16 기,제 15 기
00677334,아하,102950,2024,연결재무제표,56211087228.0,78305621279.0,2425949300.0,3006702112.0,매출액,영업이익,제 27 기,제 26 기
00677334,아하,102950,2025,연결재무제표,79000542929.0,56211087228.0,-335696266.0,2425949300.0,매출액,영업이익(손실),제 28 기,제 27 기
00139205,안국약품,001540,2023,연결재무제표,233675500767.0,205388536295.0,5061440940.0,9675844159.0,수익(매출액),영업이익(손실),제 66 기,제 65 기
00139205,안국약품,001540,2024,연결재무제표,271115916678.0,233675500767.0,6701374793.0,5061440940.0,매출액,영업이익,제 67 기,제 66 기
00139205,안국약품,001540,2025,연결재무제표,306873904373.0,271115916678.0,9822537198.0,6701374793.0,수익(매출액),영업이익(손실),제 68 기,제 67 기
00298270,안랩,053800,2023,연결재무제표,239201057076.0,227975280500.0,26422531585.0,26987237453.0,수익(매출액),영업이익(손실),제 29 기,제 28 기
00298270,안랩,053800,2024,연결재무제표,260569413451.0,239201057076.0,27682476881.0,26422531585.0,영업수익,영업이익(손실),제 30 기,제 29 기
00298270,안랩,053800,2025,연결재무제표,267656916942.0,260569413451.0,33276653034.0,27682476881.0,영업수익,영업이익,제 31 기,제 30 기
00631837,안트로젠,065660,2023,별도재무제표,6500249535.0,6591010796.0,-5073842629.0,-4648213293.0,수익(매출액),영업이익(손실),제 24 기,제 23 기
00631837,안트로젠,065660,2024,별도재무제표,6932864586.0,6500249535.0,-3749940513.0,-5073842629.0,수익(매출액),영업이익(손실),제 25 기,제 24 기
00631837,안트로젠,065660,2025,별도재무제표,7536467883.0,6932864586.0,-2433070253.0,-3749940513.0,수익(매출액),영업이익(손실),제 26 기,제 25 기
00117027,알루코,001780,2023,연결재무제표,591186560074.0,645412126051.0,37632269602.0,34572726220.0,매출액,영업이익(손실),제 68 기,제 67 기
00117027,알루코,001780,2024,연결재무제표,622944292918.0,591186560074.0,38053108468.0,37632269602.0,매출액,영업이익(손실),제 69 기,제 68 기
00117027,알루코,001780,2025,연결재무제표,575658057136.0,622944292918.0,34899686142.0,38053108468.0,매출액,영업이익,제 70 기,제 69 기
00447007,알리코제약,260660,2023,별도재무제표,187154507589.0,167737121788.0,3072523514.0,9863878345.0,매출액,영업이익,제 33 기,제 32 기
00447007,알리코제약,260660,2024,별도재무제표,190435818369.0,187154507589.0,-5159033074.0,3072523514.0,매출액,영업이익(손실),제 34 기,제 33 기
00447007,알리코제약,260660,2025,별도재무제표,201203501691.0,190435818369.0,989238752.0,-5159033074.0,매출액,영업이익(손실),제 35 기,제 34 기
00229030,알멕,354320,2023,연결재무제표,216024728022.0,156754943320.0,15852555850.0,11276436299.0,매출,영업이익(손실),제 23 기,제 22 기
00229030,알멕,354320,2024,연결재무제표,156864765066.0,216024728022.0,-2742893790.0,15852555850.0,매출,영업이익(손실),제 24 기,제 23 기
00229030,알멕,354320,2025,연결재무제표,187825356603.0,156864765066.0,6220742324.0,-2742893790.0,수익(매출액),영업이익(손실),제 25 기,제 24 기
01303029,알비더블유,361570,2023,연결재무제표,91434324727.0,63086449910.0,-2247765168.0,2815259566.0,매출액,영업이익(손실),제 11 기,제 10 기
01303029,알비더블유,361570,2024,연결재무제표,62519905445.0,91434324727.0,-12208367924.0,-2247765168.0,매출액,영업이익(손실),제 12 기,제 11 기
01303029,알비더블유,361570,2025,연결재무제표,46476881443.0,62519905445.0,169191031.0,-12208367924.0,매출액,영업이익(손실),제 13 기,제 12 기
00838962,알서포트,131370,2023,연결재무제표,50411451721.0,48599235514.0,7927568472.0,7246745357.0,영업수익,영업이익(손실),제 14 기,제 13 기
00838962,알서포트,131370,2024,연결재무제표,47528312054.0,50411451721.0,3678242611.0,7927568472.0,영업수익,영업이익(손실),제 15 기,제 14 기
00838962,알서포트,131370,2025,연결재무제표,48845260894.0,47528312054.0,2393373710.0,3678242611.0,영업수익,영업이익(손실),제 16 기,제 15 기
00858124,알에스오토메이션,140670,2023,연결재무제표,81275080014.0,102029573569.0,-2977651178.0,1772939762.0,수익(매출액),영업이익(손실),제 15 기,제 14 기
00858124,알에스오토메이션,140670,2024,연결재무제표,76767812357.0,81275080014.0,-3712857408.0,-2977651178.0,수익(매출액),영업이익(손실),제 16 기,제 15 기
00858124,알에스오토메이션,140670,2025,연결재무제표,67038479474.0,76767812357.0,-3560799616.0,-3712857408.0,수익(매출액),영업이익(손실),제 17 기,제 16 기
00516246,알에프세미,096610,2023,연결재무제표,27071406964.0,33238398440.0,-17281628410.0,-10492504057.0,수익(매출액),영업이익(손실),제 25 기,제 24 기
00516246,알에프세미,096610,2024,연결재무제표,24396934862.0,27071406964.0,-2600118807.0,-17281628410.0,수익(매출액),영업이익(손실),제 26 기,제 25 기
00516246,알에프세미,096610,2025,연결재무제표,24468236893.0,24396934862.0,1770166856.0,-2600118807.0,매출액,영업이익(손실),제 27 기,제 26 기
00309831,알에프텍,061040,2023,연결재무제표,314378116170.0,360554334131.0,5039500595.0,20936852313.0,수익(매출액),영업이익(손실),제 29 기,제 28 기
00309831,알에프텍,061040,2024,연결재무제표,358323498458.0,314378116170.0,1811663755.0,5039500595.0,수익(매출액),영업이익(손실),제 30 기,제 29 기
00309831,알에프텍,061040,2025,연결재무제표,266007649510.0,358323498458.0,-25187617236.0,1811663755.0,매출액,영업이익(손실),제 31 기,제 30 기
00915508,알엔투테크놀로지,148250,2023,연결재무제표,14686648669.0,23280614528.0,-1449819927.0,3280227771.0,수익(매출액),영업이익(손실),제 22 기,제 21 기
00915508,알엔투테크놀로지,148250,2024,연결재무제표,14303142292.0,14686648669.0,-2688295942.0,-1449819927.0,수익(매출액),영업이익(손실),제 23 기,제 22 기
00915508,알엔투테크놀로지,148250,2025,연결재무제표,18651545847.0,14303142292.0,-3434269185.0,-2688295942.0,수익(매출액),영업이익(손실),제 24 기,제 23 기
01596920,알지노믹스,476830,2023,별도재무제표,143607690.0,0.0,-15522148625.0,-19190939484.0,수익(매출액),영업이익(손실),제 7 기,제 6 기
01596920,알지노믹스,476830,2024,별도재무제표,0.0,143607690.0,-12861965312.0,-15522148625.0,수익(매출액),영업이익(손실),제 8 기,제 7 기
01405451,알체라,347860,2023,연결재무제표,11560700292.0,11088745688.0,-18520484457.0,-16850508679.0,영업수익,영업이익(손실),제 8 기,제 7 기
01405451,알체라,347860,2024,연결재무제표,17251117521.0,11560700292.0,-10431928553.0,-18520484457.0,영업수익,영업이익(손실),제 9 기,제 8 기
01405451,알체라,347860,2025,연결재무제표,14795533783.0,17251117521.0,-10249280632.0,-10431928553.0,영업수익,영업이익(손실),제 10 기,제 9 기
00989619,알테오젠,196170,2023,연결재무제표,96522928887.0,28806344498.0,-9736838487.0,-29373680278.0,수익(매출액),영업이익(손실),제 16 기,제 15 기
00989619,알테오젠,196170,2024,연결재무제표,102854620800.0,96522928887.0,25403990856.0,-9736838487.0,수익(매출액),영업이익(손실),제 17 기,제 16 기
00989619,알테오젠,196170,2025,연결재무제표,215858918957.0,102854620800.0,106900077097.0,25403990856.0,수익(매출액),영업이익(손실),제 18 기,제 17 기
00821607,알톤,123750,2023,연결재무제표,42402825314.0,51317871455.0,649776075.0,2086327179.0,매출액,영업이익(손실),제 14 기,제 13 기
00821607,알톤,123750,2024,연결재무제표,28185286202.0,42075043659.0,-5488953443.0,744172605.0,매출액,영업이익(손실),제 15 기,제 14 기
00821607,알톤,123750,2025,연결재무제표,32159264764.0,28185286202.0,227286318.0,-5488953443.0,매출액,영업이익(손실),제 16 기,제 15 기
01466373,알트,459550,2025,연결재무제표,112948434552.0,127611954492.0,8966761577.0,15304461201.0,수익(매출액),영업이익(손실),제 9 기,제 8 기
00364254,알티캐스트,085810,2023,연결재무제표,6229889565.0,7244685422.0,-6275764600.0,-8888502707.0,영업수익(매출액),영업이익(손실),제 25 기,제 24 기
00364254,알티캐스트,085810,2024,연결재무제표,5680697566.0,5658340171.0,-4022379334.0,-3846897621.0,영업수익(매출액),영업이익(손실),제 26 기,제 25 기
00364254,알티캐스트,085810,2025,연결재무제표,53166158309.0,5680697566.0,3180937313.0,-4022379334.0,매출액,영업이익(손실),제 27 기,제 26 기
00220109,알파AI,043100,2023,연결재무제표,26878178866.0,23396367880.0,-14129480657.0,-6048919738.0,매출액,영업이익(손실),제 29 기,제 28 기
00220109,알파AI,043100,2024,연결재무제표,26809475531.0,26878178866.0,-7461616018.0,-14129480657.0,매출액,영업이익(손실),제 30 기,제 29 기
00220109,알파AI,043100,2025,연결재무제표,16834272765.0,20680847259.0,-5724793401.0,-7355512266.0,매출액,영업이익(손실),제 31 기,제 30 기
00605124,알파칩스,117670,2023,연결재무제표,79873110316.0,89824586672.0,-2778151380.0,-3226870797.0,매출액,영업이익(손실),제 22 기,제 21 기
00605124,알파칩스,117670,2024,연결재무제표,85271882741.0,79873110316.0,-1414572482.0,-2778151380.0,매출액,영업이익(손실),제 23 기,제 22 기
00605124,알파칩스,117670,2025,별도재무제표,82279635343.0,85271882741.0,-2043739015.0,-1414572482.0,매출액,영업이익(손실),제 24 기,제 23 기
01182259,알피바이오,314140,2023,별도재무제표,151046484340.0,138109319110.0,6622747030.0,9646809661.0,매출액,영업이익,제 8 기,제 7 기
01182259,알피바이오,314140,2024,별도재무제표,123966689440.0,151046484340.0,-693640784.0,6622747030.0,매출액,영업이익(손실),제 9 기,제 8 기
01182259,알피바이오,314140,2025,별도재무제표,136218902142.0,123966689440.0,5086682831.0,-693640784.0,매출액,영업이익(손실),제 10 기,제 9 기
01251595,압타바이오,293780,2023,연결재무제표,323868818.0,48352850.0,-16373536399.0,-9506765792.0,수익(매출액),영업이익(손실),제 15 기,제 14 기
01251595,압타바이오,293780,2024,연결재무제표,3360980197.0,323868818.0,-18854397789.0,-16373536399.0,수익(매출액),영업이익(손실),제 16 기,제 15 기
01251595,압타바이오,293780,2025,연결재무제표,3697914750.0,3360980197.0,-15843070615.0,-18854397789.0,수익(매출액),영업이익(손실),제 17 기,제 16 기
00139454,애경산업,018250,2023,연결재무제표,668866951127.0,610410753107.0,61937813983.0,39038794156.0,Ⅰ. 매출액,Ⅴ. 영업이익,제 39 기,제 38 기
00139454,애경산업,018250,2024,연결재무제표,679076572242.0,668866951127.0,46824923401.0,61937813983.0,Ⅰ. 매출액,Ⅴ. 영업이익,제 40 기,제 39 기
00139454,애경산업,018250,2025,연결재무제표,654527659913.0,679076572242.0,21145734565.0,46824923401.0,수익(매출액),영업이익(손실),제 41 기,제 40 기
00936787,애경케미칼,161000,2023,연결재무제표,1793735842829.0,2176436882799.0,45060221982.0,95087063778.0,매출액,영업이익(손실),제 12 기,제 11 기
00936787,애경케미칼,161000,2024,연결재무제표,1642244565944.0,1793735842829.0,15459352752.0,45060221982.0,매출액,영업이익(손실),제 13 기,제 12 기
00936787,애경케미칼,161000,2025,연결재무제표,1452334759000.0,1642244566000.0,-10193301000.0,15459353000.0,매출액,영업이익(손실),제 14 기,제 13 기
01335578,애니플러스,310200,2023,연결재무제표,111346904329.0,57816068967.0,22862982635.0,9919085381.0,매출액,영업이익(손실),제 6 기,제 5 기
01335578,애니플러스,310200,2024,연결재무제표,130975963475.0,111346904329.0,25139081598.0,22862982635.0,매출액,영업이익(손실),제 7 기,제 6 기
01335578,애니플러스,310200,2025,연결재무제표,150299705151.0,130975963475.0,22683638558.0,25139081598.0,매출액,영업이익(손실),제 8 기,제 7 기
01022902,애드바이오텍,179530,2023,연결재무제표,10471949613.0,10631575436.0,-4762402527.0,-4938351845.0,매출액,영업이익(손실),제 24 기,제 23 기
01022902,애드바이오텍,179530,2024,연결재무제표,11136245199.0,10471949613.0,-4117316777.0,-4762402527.0,매출액,영업이익(손실),제 25 기,제 24 기
01022902,애드바이오텍,179530,2025,연결재무제표,12897074444.0,11136245199.0,-3500860014.0,-4117316777.0,매출액,영업이익(손실),제 26 기,제 25 기
01551042,애드포러스,397810,2025,연결재무제표,30598804671.0,31742025289.0,2421167532.0,3054453370.0,영업수익,영업이익,제 12 기,제 11 기
00348034,액토즈소프트,052790,2023,연결재무제표,89363311393.0,59056348976.0,42439379218.0,23442554941.0,매출액,영업이익,제 28 기,제 27 기
00348034,액토즈소프트,052790,2024,연결재무제표,79646602856.0,89363311393.0,29466439863.0,42439379218.0,매출액,영업이익,제 29 기,제 28 기
00348034,액토즈소프트,052790,2025,연결재무제표,69927864483.0,79646602856.0,28586567849.0,29466439863.0,매출액,영업이익,제 30 기,제 29 기
01141942,액트로,290740,2023,연결재무제표,156846101861.0,132980435155.0,4692405185.0,-5770031333.0,매출액,영업이익(손실),제 12 기,제 11 기
01141942,액트로,290740,2024,연결재무제표,203084124613.0,156846101861.0,2416736264.0,4692405185.0,수익(매출액),영업이익(손실),제 13 기,제 12 기
01141942,액트로,290740,2025,연결재무제표,244938933154.0,203084124613.0,6578777793.0,2416736264.0,수익(매출액),영업이익(손실),제 14 기,제 13 기
00942131,앤디포스,238090,2023,연결재무제표,48866901806.0,89315793393.0,-4121556373.0,3716058221.0,매출액,영업이익(손실),제 14 기,제 13 기
00942131,앤디포스,238090,2024,연결재무제표,52450485422.0,48851357806.0,1950936711.0,-2843603665.0,매출액,영업이익(손실),제 15 기,제 14 기
00942131,앤디포스,238090,2025,연결재무제표,50413982329.0,52450485422.0,4813971171.0,1950936711.0,매출액,영업이익(손실),제 16 기,제 15 기
00808068,앤로보틱스,138360,2023,별도재무제표,10281647279.0,14954069869.0,-2297709099.0,898763246.0,수익(매출액),영업이익(손실),제 20 기,제 19 기
00808068,앤로보틱스,138360,2024,별도재무제표,21502697892.0,10281647279.0,-1171504420.0,-2297709099.0,매출액,영업이익(손실),제 21 기,제 20 기
00808068,앤로보틱스,138360,2025,별도재무제표,23371415577.0,21502697892.0,581389299.0,-1171504420.0,매출액,영업이익(손실),제 22 기,제 21 기
00537337,앤씨앤,092600,2023,연결재무제표,61682037944.0,92593551509.0,-35722413241.0,-32085591690.0,수익(매출액),영업이익(손실),제 27 기,제 26 기
00537337,앤씨앤,092600,2024,연결재무제표,89701005500.0,61682037944.0,-26691493547.0,-35722413241.0,수익(매출액),영업이익(손실),제 28 기,제 27 기
00537337,앤씨앤,092600,2025,연결재무제표,102558831015.0,89701005500.0,-17487383466.0,-26691493547.0,수익(매출액),영업이익(손실),제 29 기,제 28 기
00638539,앤에스,126870,2023,연결재무제표,40061835440.0,41231180813.0,1848687947.0,-4795350859.0,매출액,영업이익(손실),제 24 기,제 23 기
00638539,앤에스,126870,2024,연결재무제표,40710223457.0,40061835440.0,433598670.0,1848687947.0,수익(매출액),영업이익(손실),제 25 기,제 24 기
00638539,앤에스,126870,2025,연결재무제표,39858628741.0,40710223457.0,671671689.0,433598670.0,수익(매출액),영업이익(손실),제 26 기,제 25 기
01207716,앱코,129890,2023,별도재무제표,98938963953.0,82663362781.0,2154943774.0,-15494887356.0,매출액,영업이익,제 23 기,제 22 기
01207716,앱코,129890,2024,별도재무제표,93368353634.0,98938963953.0,4819241502.0,2154943774.0,I. 매출액,IV. 영업이익,제 24 기,제 23 기
01207716,앱코,129890,2025,연결재무제표,83427579554.0,93368353634.0,3176674216.0,4819241502.0,매출액,영업이익(손실),제 25 기,제 24 기
00991191,앱클론,174900,2023,별도재무제표,2877031419.0,3404207999.0,-11644913069.0,-8739802885.0,매출액,영업이익(손실),제 14 기,제 13 기
00991191,앱클론,174900,2024,별도재무제표,2339823669.0,2877031419.0,-15588944512.0,-11644913069.0,매출액,영업이익(손실),제 15 기,제 14 기
00991191,앱클론,174900,2025,별도재무제표,4714084167.0,2339823669.0,-17635733976.0,-15588944512.0,수익(매출액),영업이익(손실),제 16 기,제 15 기
00653194,앱토크롬,109960,2023,연결재무제표,16006600520.0,9597995160.0,188594164.0,-930460042.0,수익(매출액),영업이익(손실),제 26 기,제 25 기
00653194,앱토크롬,109960,2024,연결재무제표,16399967174.0,16006600520.0,966608518.0,188594164.0,매출액,영업이익,제 27 기,제 26 기
00653194,앱토크롬,109960,2025,연결재무제표,9807257584.0,16399967174.0,-2286394194.0,966608518.0,매출액,영업이익(손실),제 28 기,제 27 기
01228515,앱튼,270520,2023,연결재무제표,20415365649.0,17563145101.0,-6546305546.0,-3132579506.0,매출액,영업이익(손실),제 7 기,제 6 기
01228515,앱튼,270520,2024,연결재무제표,18377623948.0,20415365649.0,-12752142085.0,-6546305546.0,매출액,영업이익(손실),제 8 기,제 7 기
01228515,앱튼,270520,2025,연결재무제표,16895496082.0,18377623948.0,-11156699603.0,-12752142085.0,매출액,영업손실,제 9 기,제 8 기
00875307,야스,255440,2023,연결재무제표,41987801728.0,54812295302.0,-5437384165.0,-4830905960.0,수익(매출액),영업이익(손실),제 22 기,제 21 기
00875307,야스,255440,2024,연결재무제표,28632024490.0,41757472788.0,-9659263709.0,-3586816497.0,수익(매출액),영업이익(손실),제 23 기,제 22 기
00875307,야스,255440,2025,연결재무제표,34763681766.0,28632024490.0,-6464736287.0,-9659263709.0,수익(매출액),영업이익(손실),제 24 기,제 23 기
00139685,양지사,030960,2023,별도재무제표,62134749172.0,44897819851.0,-6918702465.0,-594793557.0,매출액,영업이익(손실),제 44 기,제 43 기
00139685,양지사,030960,2024,별도재무제표,58151137977.0,62134749172.0,155995335.0,-6918702465.0,수익(매출액),영업이익(손실),제 45 기,제 44 기
00139685,양지사,030960,2025,별도재무제표,55863645104.0,58151137977.0,-6079582443.0,155995335.0,수익(매출액),영업이익(손실),제 46 기,제 45 기
00591441,어보브반도체,102120,2023,연결재무제표,232436389092.0,242576796583.0,-14643077325.0,25825288073.0,수익(매출액),영업이익(손실),제 18 기,제 17 기
00591441,어보브반도체,102120,2024,연결재무제표,232116611005.0,232436389092.0,-5100374191.0,-14643077325.0,수익(매출액),영업이익(손실),제 19 기,제 18 기
00591441,어보브반도체,102120,2025,연결재무제표,244123643799.0,232116611005.0,10148185090.0,-5100374191.0,수익(매출액),영업이익(손실),제 20 기,제 19 기
01073678,얼라인드,238120,2023,연결재무제표,15214698591.0,13752579320.0,3337080633.0,2849002252.0,매출,영업이익(손실),제 16 기,제 15 기
01073678,얼라인드,238120,2024,연결재무제표,15777579149.0,15214698591.0,2779561522.0,3337080633.0,매출,영업이익(손실),제 17 기,제 16 기
01073678,얼라인드,238120,2025,연결재무제표,16015916140.0,15777579149.0,2442895493.0,2779561522.0,매출,영업이익(손실),제 18 기,제 17 기
00169215,에너토크,019990,2023,연결재무제표,26943911903.0,26287076336.0,-881692461.0,1011710533.0,수익(매출액),영업이익(손실),제 37 기,제 36 기
00169215,에너토크,019990,2024,연결재무제표,25161078103.0,26943911903.0,83992820.0,-881692461.0,수익(매출액),영업이익(손실),제 38 기,제 37 기
00169215,에너토크,019990,2025,연결재무제표,23532183911.0,25161078103.0,-4104952324.0,83992820.0,수익(매출액),영업이익(손실),제 39 기,제 38 기
00139764,에넥스,011090,2023,연결재무제표,230617475526.0,205956336083.0,-6993449763.0,-23533540970.0,매출액,영업이익(손실),제 48 기,제 47 기
00139764,에넥스,011090,2024,연결재무제표,264107661658.0,230617475526.0,5097016978.0,-6993449763.0,매출액,영업이익(손실),제 49 기,제 48 기
00139764,에넥스,011090,2025,연결재무제표,215243280358.0,264107661658.0,545135255.0,5097016978.0,매출액,영업이익(손실),제 50 기,제 49 기
01253636,에르코스,435570,2024,별도재무제표,36460997416.0,33014860198.0,3236046170.0,3083556267.0,매출액,영업이익,제 11 기,제 10 기
01253636,에르코스,435570,2025,연결재무제표,35627647458.0,36460997416.0,270154345.0,3236046170.0,매출액,영업이익(손실),제 12 기,제 11 기
01201590,에브리봇,270660,2023,별도재무제표,31697412701.0,53006504474.0,1528651357.0,6178666797.0,Ⅰ.매출액,Ⅴ.영업이익(손실),제 9 기,제 8 기
01201590,에브리봇,270660,2024,연결재무제표,29750850517.0,31697412701.0,-2235066216.0,1528651357.0,Ⅰ.매출액,Ⅴ.영업이익(손실),제 10 기,제 9 기
01201590,에브리봇,270660,2025,연결재무제표,34356667933.0,29750850517.0,-3197042632.0,-2235066216.0,Ⅰ.매출액,Ⅴ.영업이익(손실),제 11 기,제 10 기
00264635,에스넷,038680,2023,연결재무제표,477140534215.0,389493924037.0,14463119767.0,2227867198.0,영업수익,영업이익(손실),제 25 기,제 24 기
00264635,에스넷,038680,2024,연결재무제표,449926579298.0,477140534215.0,10655980861.0,14463119767.0,매출액,영업이익(손실),제 26 기,제 25 기
00264635,에스넷,038680,2025,연결재무제표,457407231243.0,449926579298.0,10660299090.0,10655980861.0,매출액,영업이익(손실),제 27 기,제 26 기
00854997,에스디바이오센서,137310,2023,연결재무제표,655676513230.0,2932001440304.0,-248084569658.0,1146624395447.0,매출,영업이익(손실),제 14 기,제 13 기
00854997,에스디바이오센서,137310,2024,연결재무제표,694573795269.0,655676513230.0,-54057345753.0,-248084569658.0,매출,영업이익(손실),제 15 기,제 14 기
00854997,에스디바이오센서,137310,2025,연결재무제표,710580825154.0,694573795269.0,-80945179807.0,-54057345753.0,매출,영업이익(손실),제 16 기,제 15 기
01099667,에스디생명공학,217480,2023,연결재무제표,46942769396.0,56573717993.0,-13655499521.0,-31524240027.0,매출액,영업이익(손실),제 16 기,제 15 기
01099667,에스디생명공학,217480,2024,연결재무제표,34471256404.0,46942769396.0,-9237953365.0,-13655499521.0,매출액,영업이익(손실),제 17 기,제 16 기
01099667,에스디생명공학,217480,2025,연결재무제표,30069469569.0,34471256404.0,-6324592211.0,-9237953365.0,매출액,영업이익(손실),제 18 기,제 17 기
00604815,에스디시스템,121890,2023,별도재무제표,21295259282.0,22496607372.0,1026101676.0,-730035431.0,수익(매출액),영업이익(손실),제 23 기,제 22 기
00604815,에스디시스템,121890,2024,별도재무제표,18063667400.0,21295259282.0,-2164578073.0,1026101676.0,수익(매출액),영업이익(손실),제 24 기,제 23 기
00604815,에스디시스템,121890,2025,별도재무제표,28793598189.0,18063667400.0,1101090892.0,-2164578073.0,수익(매출액),영업이익(손실),제 25 기,제 24 기
01258020,에스바이오메딕스,304360,2023,연결재무제표,13108378002.0,12112652100.0,-5988043386.0,-3748042034.0,수익(매출액),영업이익(손실),제 20 기,제 19 기
01258020,에스바이오메딕스,304360,2024,연결재무제표,13734027409.0,13108378002.0,-5445268665.0,-5988043386.0,수익(매출액),영업이익(손실),제 21 기,제 20 기
01258020,에스바이오메딕스,304360,2025,연결재무제표,16547626709.0,13734027409.0,-8343993607.0,-5445268665.0,수익(매출액),영업이익(손실),제 22 기,제 21 기
00567897,에스비비테크,389500,2023,별도재무제표,5134276778.0,7469840340.0,-5572218496.0,-1836705088.0,매출액,영업이익(손실),제 24 기,제 23 기
00567897,에스비비테크,389500,2024,별도재무제표,5465590414.0,5134276778.0,-6892852081.0,-5572218496.0,매출액,영업이익(손실),제 25 기,제 24 기
00567897,에스비비테크,389500,2025,별도재무제표,7198979874.0,5465590414.0,-6862597018.0,-6892852081.0,매출액,영업이익(손실),제 26 기,제 25 기
00171867,에스씨디,042110,2023,연결재무제표,193993189983.0,218908713885.0,5747990585.0,11333428799.0,수익(매출액),영업이익(손실),제 37 기,제 36 기
00171867,에스씨디,042110,2024,연결재무제표,213975488961.0,193993189983.0,9343430903.0,5747990585.0,수익(매출액),영업이익(손실),제 38 기,제 37 기
00171867,에스씨디,042110,2025,연결재무제표,216137192300.0,213975488961.0,6306089494.0,9343430903.0,수익(매출액),영업이익(손실),제 39 기,제 38 기
00120906,에스아이리소스,065420,2023,별도재무제표,7041912337.0,4717220355.0,-8594306168.0,-2274037825.0,수익(매출액),영업이익(손실),제 37 기,제 36 기
00120906,에스아이리소스,065420,2024,별도재무제표,10538164218.0,7041912337.0,-3692024753.0,-8594306168.0,수익(매출액),영업이익(손실),제 38 기,제 37 기
00120906,에스아이리소스,065420,2025,별도재무제표,20851578595.0,10538164218.0,-2895413186.0,-3692024753.0,수익(매출액),영업이익(손실),제 39 기,제 38 기
00137012,에스앤더블류,103230,2023,별도재무제표,43633590030.0,36015871826.0,3232674061.0,2499623094.0,매출액,영업이익(손실),제 34 기,제 33 기
00137012,에스앤더블류,103230,2024,별도재무제표,47130238829.0,43633590030.0,3455878656.0,3232674061.0,매출액,영업이익(손실),제 35 기,제 34 기
00137012,에스앤더블류,103230,2025,별도재무제표,48804282274.0,47130238829.0,900988892.0,3455878656.0,매출액,영업이익(손실),제 36 기,제 35 기
00560849,에스앤디,260970,2023,별도재무제표,88275911467.0,73317425404.0,12879020371.0,10945850743.0,매출액,영업이익,제 26 기,제 25 기
00560849,에스앤디,260970,2024,별도재무제표,116139400246.0,88275911467.0,20115808777.0,12879020371.0,매출액,영업이익,제 27 기,제 26 기
00560849,에스앤디,260970,2025,별도재무제표,150937281130.0,116139400246.0,23006354812.0,20115808777.0,매출액,영업이익,제 28 기,제 27 기
00411048,에스앤에스텍,101490,2023,연결재무제표,150320408224.0,123506695451.0,25039402690.0,16012815858.0,수익(매출액),영업이익(손실),제 23 기,제 22 기
00411048,에스앤에스텍,101490,2024,연결재무제표,176013891367.0,150320408224.0,29478688017.0,25039402690.0,수익(매출액),영업이익(손실),제 24 기,제 23 기
00411048,에스앤에스텍,101490,2025,연결재무제표,243733252593.0,176013891367.0,50389752346.0,29478688017.0,매출액,영업이익,제 25 기,제 24 기
00585538,에스에너지,095910,2023,연결재무제표,169855953418.0,208744895034.0,3138342766.0,-8907502025.0,매출액,영업이익,제 23 기,제 22 기
00585538,에스에너지,095910,2024,연결재무제표,147848120709.0,169855953418.0,-14406360350.0,3138342766.0,매출액,영업이익,제 24 기,제 23 기
00585538,에스에너지,095910,2025,연결재무제표,102439706002.0,147848120709.0,-18667879172.0,-14522160350.0,매출액,영업이익,제 25 기,제 24 기
01250374,에스에스알,275630,2023,별도재무제표,12157598516.0,12509384182.0,1604365988.0,2386211078.0,매출액,영업이익(손실),제 14 기,제 13 기
01250374,에스에스알,275630,2024,연결재무제표,11608134979.0,12157598516.0,-312162423.0,1604365988.0,매출액,영업이익(손실),제 15 기,제 14 기
01250374,에스에스알,275630,2025,연결재무제표,13049423998.0,11608134979.0,320820566.0,-307102057.0,매출액,영업이익(손실),제 16 기,제 15 기
00128661,에스에이엠티,031330,2023,연결재무제표,2145067678998.0,2544385766501.0,53542641950.0,78764500521.0,매출액,영업이익,제 34 기,제 33 기
00128661,에스에이엠티,031330,2024,연결재무제표,2889473317092.0,2145067678998.0,67370165204.0,53542641950.0,매출액,영업이익,제 35 기,제 34 기
00128661,에스에이엠티,031330,2025,연결재무제표,3756594166603.0,2889473317092.0,113901010756.0,67370165204.0,매출,영업이익,제 36 기,제 35 기
00379229,에스에이티,060540,2023,연결재무제표,152150451912.0,174365922924.0,4710762930.0,11094289090.0,수익(매출액),영업이익(손실),제 26 기,제 25 기
00379229,에스에이티,060540,2024,연결재무제표,155077385580.0,152150451912.0,3352273044.0,4710762930.0,수익(매출액),영업이익(손실),제 27 기,제 26 기
00379229,에스에이티,060540,2025,연결재무제표,159732944193.0,155077385580.0,3911394506.0,3352273044.0,수익(매출액),영업이익(손실),제 28 기,제 27 기
00450339,에스에프씨,112240,2023,연결재무제표,8503665980.0,17961172567.0,-2663959736.0,-1314924049.0,매출액,영업이익(손실),제 33 기,제 32 기
00450339,에스에프씨,112240,2024,연결재무제표,6352091729.0,8503665980.0,-2797227197.0,-2663959736.0,매출액,영업이익(손실),제 34 기,제 33 기
00450339,에스에프씨,112240,2025,연결재무제표,2923214261.0,6352091729.0,-3042626619.0,-2797227197.0,매출액,영업이익(손실),제 35 기,제 34 기
00125521,에스엘,005850,2023,연결재무제표,4838846695980.0,4174537934857.0,386185752873.0,197915409993.0,수익(매출액),영업이익(손실),제 56 기,제 55 기
00125521,에스엘,005850,2024,연결재무제표,4973273970111.0,4838846695980.0,395164287548.0,386185752873.0,수익(매출액),영업이익(손실),제 57 기,제 56 기
00125521,에스엘,005850,2025,연결재무제표,5239939345004.0,4973273970111.0,407099444958.0,395164287548.0,수익(매출액),영업이익(손실),제 58 기,제 57 기
01112700,에스엘에스바이오,246250,2023,별도재무제표,9023399199.0,10751900430.0,1031032573.0,2423749751.0,매출액,영업이익(손실),제 17 기,제 16 기
01112700,에스엘에스바이오,246250,2024,별도재무제표,8371294818.0,9023399199.0,287619944.0,1031032573.0,매출액,영업이익(손실),제 18 기,제 17 기
01112700,에스엘에스바이오,246250,2025,별도재무제표,3983968955.0,8371294818.0,-4105399044.0,287619944.0,수익(매출액),영업이익(손실),제 19 기,제 18 기
00260930,에스엠,041510,2023,연결재무제표,961069716545.0,850769309133.0,113463014394.0,91007611263.0,매출액,영업이익,제 29 기,제 28 기
00260930,에스엠,041510,2024,연결재무제표,989725343114.0,961069716545.0,87296655446.0,113463014394.0,매출액,영업이익(손실),제 30 기,제 29 기
00260930,에스엠,041510,2025,연결재무제표,1174934814159.0,989725343114.0,183033876467.0,87296655446.0,매출액,영업이익(손실),제 31 기,제 30 기
00147860,에스엠벡셀,010580,2023,연결재무제표,202720700696.0,136788023955.0,9471454353.0,3424548181.0,매출액,영업이익(손실),제 49 기,제 48 기
00147860,에스엠벡셀,010580,2024,연결재무제표,172548105255.0,202720700696.0,5216545654.0,9471454353.0,매출액,영업이익(손실),제 50 기,제 49 기
00147860,에스엠벡셀,010580,2025,별도재무제표,150271118361.0,172548105255.0,1573953345.0,5216545654.0,매출액,영업이익(손실),제 51 기,제 50 기
01142260,에스엠씨지,460870,2024,별도재무제표,54570953170.0,37371272626.0,4446809134.0,2749272811.0,수익(매출액),영업이익(손실),제 26 기,제 25 기
01142260,에스엠씨지,460870,2025,별도재무제표,55788407335.0,54570953170.0,4942762556.0,4446809134.0,수익(매출액),영업이익(손실),제 27 기,제 26 기
00238977,에스엠화진,134780,2023,연결재무제표,32193902524.0,31874049539.0,-5406393783.0,-5678655909.0,수익(매출액),영업이익(손실),제 32 기,제 31 기
00238977,에스엠화진,134780,2024,연결재무제표,22138771955.0,32193902524.0,-3050262002.0,-5406393783.0,수익(매출액),영업이익(손실),제 33 기,제 32 기
00238977,에스엠화진,134780,2025,별도재무제표,18503599960.0,20660487817.0,-1455985534.0,-443382845.0,수익(매출액),영업이익(손실),제 34 기,제 33 기
01686427,에스오에스랩,464080,2024,별도재무제표,4935969544.0,4103272029.0,-12830689054.0,-8326528029.0,수익(매출액),영업이익(손실),제 9 기,제 8 기
01686427,에스오에스랩,464080,2025,별도재무제표,6086041489.0,4935969544.0,-16131399828.0,-12830689054.0,수익(매출액),영업이익(손실),제 10 기,제 9 기
00535481,에스와이,109610,2023,연결재무제표,553670148803.0,537202459035.0,13557446896.0,14015573975.0,매출액,영업이익(손실),제 24 기,제 23 기
00535481,에스와이,109610,2024,연결재무제표,561008736665.0,553670148803.0,21934910618.0,13557446896.0,매출액,영업이익(손실),제 25 기,제 24 기
00535481,에스와이,109610,2025,연결재무제표,501552720795.0,561008736665.0,-6626642816.0,21934910618.0,매출액,영업이익(손실),제 26 기,제 25 기
01135084,에스와이스틸텍,365330,2023,별도재무제표,119756583109.0,100050838794.0,14600825047.0,8333440685.0,수익(매출액),영업이익(손실),제 9 기,제 8 기
01135084,에스와이스틸텍,365330,2024,별도재무제표,116983649755.0,119756583109.0,8104394275.0,14600825047.0,수익(매출액),영업이익(손실),제 10 기,제 9 기
01135084,에스와이스틸텍,365330,2025,연결재무제표,97366909837.0,116983649755.0,-2674919975.0,8104394275.0,매출액,영업이익(손실),제 11 기,제 10 기
00158501,에스원,012750,2023,연결재무제표,2620810541515.0,2467960276573.0,212609320684.0,204138904290.0,매출액,영업이익,제 47 기,제 46 기
00158501,에스원,012750,2024,연결재무제표,2804739466536.0,2620810541515.0,209247073877.0,212609320684.0,매출액,영업이익,제 48 기,제 47 기
00158501,에스원,012750,2025,연결재무제표,2889412422255.0,2804739466536.0,234566491629.0,209247073877.0,매출액,영업이익,제 49 기,제 48 기
01222432,에스제이그룹,306040,2023,연결재무제표,203710082691.0,197862796824.0,15427643757.0,35813067965.0,매출액,영업이익,제 16 기,제 15 기
01222432,에스제이그룹,306040,2024,연결재무제표,181794949391.0,203710082691.0,-3238016403.0,15427643757.0,매출액,영업이익(손실),제 17 기,제 16 기
01222432,에스제이그룹,306040,2025,연결재무제표,163414115546.0,181794949391.0,-15862622237.0,-3238016403.0,매출액,영업이익(손실),제 18 기,제 17 기
00815369,에스제이엠,123700,2023,연결재무제표,198880157404.0,180237704926.0,13231441622.0,7087029001.0,매출액,영업이익(손실),제 14 기,제 13 기
00815369,에스제이엠,123700,2024,연결재무제표,201912429709.0,198880157404.0,14237606905.0,13231441622.0,매출액,영업이익(손실),제 15 기,제 14 기
00815369,에스제이엠,123700,2025,연결재무제표,201415058405.0,201912429709.0,11315146331.0,14237606905.0,매출액,영업이익(손실),제 16 기,제 15 기
00181943,에스제이엠홀딩스,025530,2023,연결재무제표,202841327601.0,184223689219.0,14656304596.0,8227979769.0,매출액,영업이익,제 49 기,제 48 기
00181943,에스제이엠홀딩스,025530,2024,연결재무제표,206195488625.0,202841327601.0,13718784595.0,14656304596.0,매출액,영업이익,제 50 기,제 49 기
00181943,에스제이엠홀딩스,025530,2025,연결재무제표,205798697216.0,206195488625.0,10551121470.0,13718784595.0,매출액,영업이익,제 51 기,제 50 기
00173661,에스지신성건설,001970,2023,연결재무제표,213158959126.0,99755575875.0,-3680656993.0,-15503355340.0,수익(매출액),영업이익(손실),제 67 기,제 66 기
00173661,에스지신성건설,001970,2024,연결재무제표,139482482452.0,213158959126.0,-16115689632.0,-3680656993.0,수익(매출액),영업이익(손실),제 68 기,제 67 기
00173661,에스지신성건설,001970,2025,연결재무제표,22412385642.0,139482482452.0,-20630221997.0,-16115689632.0,수익(매출액),영업이익(손실),제 69 기,제 68 기
01179866,에스지헬스케어,398120,2024,연결재무제표,16104629986.0,27778655312.0,-673102361.0,2246600891.0,수익(매출액),영업이익(손실),제 16 기,제 15 기
01179866,에스지헬스케어,398120,2025,연결재무제표,24601049961.0,16104629986.0,1467303588.0,-673102361.0,수익(매출액),영업이익(손실),제 17 기,제 16 기
00201450,에스케이렌터카,068400,2023,연결재무제표,1402832688625.0,1246513486761.0,121991681400.0,95091041984.0,영업수익,영업이익(손실),제 36 기,제 35 기
00201450,에스케이렌터카,068400,2024,연결재무제표,1556525851704.0,1402832688625.0,172534958634.0,121991681400.0,영업수익,영업이익,제 37 기,제 36 기
00201450,에스케이렌터카,068400,2025,연결재무제표,1558366386407.0,1556525851704.0,168739301848.0,172534958634.0,영업수익,영업이익,제 38 기,제 37 기
00878696,에스케이바이오팜,326030,2023,연결재무제표,354891555524.0,246179120020.0,-37522197049.0,-131078028191.0,수익(매출액),영업이익(손실),제 13 기,제 12 기
00878696,에스케이바이오팜,326030,2024,연결재무제표,547596283214.0,354891555524.0,96339659521.0,-37522197049.0,매출액,영업이익(손실),제 14 기,제 13 기
00878696,에스케이바이오팜,326030,2025,연결재무제표,706740960308.0,547596283214.0,203938471064.0,96339659521.0,매출액,영업이익,제 15 기,제 14 기
00243988,에스케이브로드밴드,033630,2023,연결재무제표,4274747059194.0,4155821660917.0,313664718250.0,309092429692.0,영업수익,영업이익,제 27 기,제 26 기
00243988,에스케이브로드밴드,033630,2024,연결재무제표,4408857554877.0,4274747059194.0,352408995754.0,313664718250.0,영업수익,영업이익,제 28 기,제 27 기
00243988,에스케이브로드밴드,033630,2025,연결재무제표,4533171234703.0,4408857554877.0,288820969045.0,352408995754.0,영업수익,영업이익,제 29 기,제 28 기
01383779,에스켐,475660,2024,별도재무제표,33085342158.0,24408052937.0,2243780768.0,1923560382.0,Ⅰ.매출액,Ⅴ.영업이익,제 11 기,제 10 기
01383779,에스켐,475660,2025,별도재무제표,22099311758.0,33085342158.0,-2030430140.0,2243780768.0,Ⅰ.매출액,영업이익(손실),제 12 기,제 11 기
00573269,에스코넥,096630,2023,연결재무제표,275313638771.0,200357859731.0,7965692062.0,5823347423.0,매출액,영업이익(손실),제 24 기,제 23 기
00573269,에스코넥,096630,2024,연결재무제표,291899010147.0,275313638771.0,4089357066.0,7965692062.0,매출액,영업이익(손실),제 25 기,제 24 기
00573269,에스코넥,096630,2025,연결재무제표,278688408641.0,289273100792.0,13274075202.0,10453546673.0,매출액,영업이익(손실),제 26 기,제 25 기
00306719,에스텍,069510,2023,연결재무제표,414594047319.0,468448513891.0,24554774339.0,8722320295.0,수익(매출액),영업이익(손실),제 25 기,제 24 기
00306719,에스텍,069510,2024,연결재무제표,509374481025.0,414594047319.0,43982479827.0,24554774339.0,수익(매출액),영업이익(손실),제 26 기,제 25 기
00306719,에스텍,069510,2025,연결재무제표,468192133086.0,509374481025.0,45816360498.0,43982479827.0,수익(매출액),영업이익(손실),제 27 기,제 26 기
01803635,에스투더블유,488280,2025,연결재무제표,10088850738.0,9611557641.0,-5640472823.0,-4497759670.0,영업수익,영업손실,제 8 기,제 7 기
01014055,에스트래픽,234300,2023,연결재무제표,147172546236.0,132069703100.0,17379683944.0,9595456107.0,수익(매출액),영업이익(손실),제 11 기,제 10 기
01014055,에스트래픽,234300,2024,연결재무제표,189044828063.0,147172546236.0,11312230078.0,17379683944.0,수익(매출액),영업이익(손실),제 12 기,제 11 기
01014055,에스트래픽,234300,2025,연결재무제표,168238551225.0,189044828063.0,8956631429.0,11312230078.0,수익(매출액),영업이익(손실),제 13 기,제 12 기
00298340,에스티아이,039440,2023,연결재무제표,319462564774.0,422418753947.0,23946351563.0,34766478075.0,수익(매출액),영업이익(손실),제 27 기,제 26 기
00298340,에스티아이,039440,2024,연결재무제표,334022337411.0,319462564774.0,27287364136.0,23946351563.0,수익(매출액),영업이익(손실),제 28 기,제 27 기
00298340,에스티아이,039440,2025,연결재무제표,328058707879.0,334022337411.0,19718973861.0,27287364136.0,매출액,영업이익,제 29 기,제 28 기
00612188,에스티오,098660,2023,연결재무제표,74045039700.0,73162090467.0,3549717637.0,3046585148.0,매출액,영업이익,제 21 기,제 20 기
00612188,에스티오,098660,2024,연결재무제표,70218195733.0,74045039700.0,512098773.0,3549717637.0,매출액,영업이익,제 22 기,제 21 기
00612188,에스티오,098660,2025,연결재무제표,71491064624.0,70218195733.0,-1405598807.0,512098773.0,매출액,영업이익,제 23 기,제 22 기
00273110,에스티큐브,052020,2023,연결재무제표,5827090761.0,6302336682.0,-26040976824.0,-18910659422.0,매출액,영업이익(손실),제 35 기,제 34 기
00273110,에스티큐브,052020,2024,연결재무제표,11297657663.0,5827090761.0,-22615554990.0,-26040976824.0,매출액,영업이익(손실),제 36 기,제 35 기
00273110,에스티큐브,052020,2025,연결재무제표,6984004773.0,11297657663.0,-23472593414.0,-22615554990.0,매출액,영업이익(손실),제 37 기,제 36 기
00871833,에스티팜,237690,2023,연결재무제표,284991652409.0,249321677973.0,33511661589.0,17851415161.0,매출,영업이익(손실),제 16 기,제 15 기
00871833,에스티팜,237690,2024,연결재무제표,273751342840.0,284991652409.0,27692533192.0,33511661589.0,매출,영업이익,제 17 기,제 16 기
00871833,에스티팜,237690,2025,연결재무제표,331681282447.0,273751342840.0,54932543750.0,27692533192.0,매출,영업이익,제 18 기,제 17 기
01379563,에스팀,458350,2025,연결재무제표,35151802281.0,35573738421.0,2462371133.0,2010005702.0,수익(매출액),영업이익(손실),제 22 기,제 21 기
00340272,에스폴리텍,050760,2023,연결재무제표,73218466053.0,82459528154.0,-2588276959.0,-1589921950.0,매출액,영업이익(손실),제 25 기,제 24 기
00340272,에스폴리텍,050760,2024,연결재무제표,80163188870.0,73218466053.0,643122594.0,-2588276959.0,매출액,영업이익(손실),제 26 기,제 25 기
00340272,에스폴리텍,050760,2025,연결재무제표,66755291807.0,80163188870.0,-4813382188.0,643122594.0,매출액,영업이익(손실),제 27 기,제 26 기
01257872,에스프리즘,288620,2023,연결재무제표,32525031491.0,46776298869.0,-2482196188.0,1191676163.0,매출액,영업이익,제 10 기,제 9 기
01257872,에스프리즘,288620,2024,연결재무제표,33666472002.0,32525031491.0,-4136970012.0,-2482196188.0,매출액,영업이익,제 11 기,제 10 기
01257872,에스프리즘,288620,2025,연결재무제표,15786204867.0,33666472002.0,-15012748021.0,-4136970012.0,매출액,영업이익,제 12 기,제 11 기
01381391,에스피소프트,443670,2023,별도재무제표,35243425295.0,33421090634.0,4753100664.0,4868052890.0,수익(매출액),영업이익(손실),제 11 기,제 10 기
01381391,에스피소프트,443670,2024,연결재무제표,45116928389.0,35243425295.0,3756814727.0,4753100664.0,수익(매출액),영업이익(손실),제 12 기,제 11 기
01381391,에스피소프트,443670,2025,연결재무제표,54483055562.0,45116928389.0,3617157415.0,3756814727.0,수익(매출액),영업이익(손실),제 13 기,제 12 기
00624749,에스피시스템스,317830,2023,연결재무제표,60478372061.0,53123407721.0,-303597650.0,3392697899.0,매출액,영업이익(손실),제 36 기,제 35 기
00624749,에스피시스템스,317830,2024,연결재무제표,71042045308.0,60478372061.0,-2798232547.0,-303597650.0,매출액,영업이익(손실),제 37 기,제 36 기
00624749,에스피시스템스,317830,2025,연결재무제표,61613225016.0,71042045308.0,-764490123.0,-2798232547.0,매출액,영업이익(손실),제 38 기,제 37 기
00220686,에스피지,058610,2023,연결재무제표,393785730793.0,440476416653.0,15969877847.0,25478930710.0,매출액,영업이익(손실),제 33 기,제 32 기
00220686,에스피지,058610,2024,연결재무제표,388476767485.0,393785730793.0,12335226942.0,15969877847.0,매출액,영업이익,제 34 기,제 33 기
00220686,에스피지,058610,2025,연결재무제표,341670161923.0,388476767485.0,17939051891.0,12335226942.0,매출액,영업이익,제 35 기,제 34 기
00203209,에쎈테크,043340,2023,별도재무제표,47640536056.0,62571779539.0,-7219558488.0,1970446458.0,수익(매출액),영업이익(손실),제 31 기,제 30 기
00203209,에쎈테크,043340,2024,별도재무제표,54374002353.0,47640536056.0,-383134727.0,-7219558488.0,수익(매출액),영업이익(손실),제 32 기,제 31 기
00203209,에쎈테크,043340,2025,별도재무제표,57909045929.0,54374002353.0,1969736357.0,-383134727.0,수익(매출액),영업이익(손실),제 33 기,제 32 기
00121969,에쓰씨엔지니어링,023960,2023,연결재무제표,135981756853.0,137224812696.0,982905544.0,7770473400.0,매출액,영업이익(손실),제 53 기,제 52 기
00121969,에쓰씨엔지니어링,023960,2024,연결재무제표,179878880096.0,135981756853.0,6562997795.0,982905544.0,매출액,영업이익(손실),제 54 기,제 53 기
00121969,에쓰씨엔지니어링,023960,2025,연결재무제표,172318415172.0,179878880096.0,-4958849671.0,6562997795.0,매출액,영업이익(손실),제 55 기,제 54 기
01663116,에어레인,163280,2024,별도재무제표,24499902644.0,16343932414.0,1871004711.0,240058771.0,수익(매출액),영업이익(손실),제 24 기,제 23 기
01663116,에어레인,163280,2025,별도재무제표,28075652732.0,24499902644.0,3088719631.0,1871004711.0,수익(매출액),영업이익(손실),제 25 기,제 24 기
00651901,에어부산,298690,2023,별도재무제표,890440348608.0,404992920145.0,159754475912.0,-81307511001.0,매출,영업이익(손실),제 17 기,제 16 기
00651901,에어부산,298690,2024,별도재무제표,1006762846981.0,890440348608.0,146280451432.0,159754475912.0,매출,영업이익,제 18 기,제 17 기
00651901,에어부산,298690,2025,별도재무제표,832585465461.0,1006762846981.0,-4520948126.0,146280451432.0,매출,영업이익,제 19 기,제 18 기
00356927,에이디칩스,054630,2023,연결재무제표,16155404031.0,23766514027.0,-5490975748.0,-98426808.0,수익(매출액),영업이익(손실),제 28 기,제 27 기
00356927,에이디칩스,054630,2024,연결재무제표,6422889307.0,16155404031.0,-9014400243.0,-5490975748.0,수익(매출액),영업이익(손실),제 29 기,제 28 기
00356927,에이디칩스,054630,2025,연결재무제표,2357740127.0,6422889307.0,-1204264615.0,-9014400243.0,매출액,영업이익(손실),제 30 기,제 29 기
00657002,에이디테크놀로지,200710,2023,연결재무제표,100172177678.0,164248769577.0,-17407233831.0,4397640236.0,매출액,영업이익,제 22 기,제 21 기
00657002,에이디테크놀로지,200710,2024,연결재무제표,106545463919.0,100172177678.0,-16953519212.0,-17407233831.0,매출액,영업이익,제 23 기,제 22 기
00657002,에이디테크놀로지,200710,2025,연결재무제표,164511629858.0,106545463919.0,2852844756.0,-16953519212.0,수익(매출액),영업이익(손실),제 24 기,제 23 기
01641600,에이럭스,475580,2024,연결재무제표,55042189003.0,54845581406.0,3004063592.0,5027356557.0,수익(매출액),영업이익(손실),제 10 기,제 9 기
01641600,에이럭스,475580,2025,연결재무제표,63015993000.0,55042189003.0,-10473618909.0,3004063592.0,수익(매출액),영업이익(손실),제 11 기,제 10 기
00608839,에이루트,096690,2023,연결재무제표,62225691206.0,64887675060.0,-7070245032.0,346816277.0,매출액,영업이익(손실),제 22 기,제 21 기
00608839,에이루트,096690,2024,연결재무제표,68591429517.0,62225691206.0,-20810247816.0,-7070245032.0,매출액,영업이익(손실),제 23 기,제 22 기
00608839,에이루트,096690,2025,연결재무제표,50603806692.0,68591429517.0,-10930076329.0,-20810247816.0,매출액,영업이익(손실),제 24 기,제 23 기
00400857,에이블씨엔씨,078520,2023,연결재무제표,273645246857.0,247873188440.0,11422012724.0,9975863944.0,매출액,영업이익(손실),제 24 기,제 23 기
00400857,에이블씨엔씨,078520,2024,연결재무제표,263998147507.0,273645246857.0,19728063227.0,11422012724.0,매출액,영업이익,제 25 기,제 24 기
00400857,에이블씨엔씨,078520,2025,연결재무제표,242001742092.0,239243264624.0,17952804266.0,18194383211.0,매출액,영업이익,제 26 기,제 25 기
01256864,에이비엘바이오,298380,2023,연결재무제표,65547054627.0,67300799414.0,-2617101131.0,907999453.0,영업수익,영업이익(손실),제 8 기,제 7 기
01256864,에이비엘바이오,298380,2024,연결재무제표,33403030159.0,65547054627.0,-59377417080.0,-2617101131.0,영업수익,영업이익(손실),제 9 기,제 8 기
01256864,에이비엘바이오,298380,2025,연결재무제표,79349848373.0,33403030159.0,-40389935899.0,-59377417080.0,영업수익,영업이익(손실),제 10 기,제 9 기
00977377,에이비온,203400,2023,연결재무제표,1274306821.0,2506519185.0,-31251887851.0,-25166881836.0,수익(매출액),영업이익(손실),제 17 기,제 16 기
00977377,에이비온,203400,2024,연결재무제표,759683815.0,1274306821.0,-34065757010.0,-31251887851.0,수익(매출액),영업이익(손실),제 18 기,제 17 기
00977377,에이비온,203400,2025,연결재무제표,880135981.0,759683815.0,-19372142403.0,-34065757010.0,수익(매출액),영업이익(손실),제 19 기,제 18 기
00140052,에이스침대,003800,2023,연결재무제표,306414500496.0,346240916103.0,57030296238.0,65335254196.0,수익(매출액),영업이익(손실),제 47 기,제 46 기
00140052,에이스침대,003800,2024,연결재무제표,325991852047.0,306414500496.0,66235236205.0,57030296238.0,매출액,영업이익,제 48 기,제 47 기
00140052,에이스침대,003800,2025,연결재무제표,317267060878.0,325991852047.0,54091036712.0,66235236205.0,매출액,영업이익,제 49 기,제 48 기
00556907,에이스테크,088800,2023,연결재무제표,140047443096.0,240405466099.0,-62290644674.0,-20058514812.0,수익(매출액),영업이익(손실),제 18 기,제 17 기
00556907,에이스테크,088800,2024,연결재무제표,145075504423.0,140047443096.0,-31148972707.0,-62290644674.0,수익(매출액),영업이익(손실),제 19 기,제 18 기
00556907,에이스테크,088800,2025,연결재무제표,178426016983.0,145075504423.0,-22153309869.0,-31148972707.0,수익(매출액),영업이익(손실),제 20 기,제 19 기
00975290,에이스토리,241840,2023,연결재무제표,56875968183.0,71680277467.0,6945016422.0,8499834556.0,영업수익,영업이익,제 20 기,제 19 기
00975290,에이스토리,241840,2024,연결재무제표,14791645212.0,56875968183.0,-3504831535.0,6945016422.0,수익(매출액),영업이익(손실),제 21 기,제 20 기
00975290,에이스토리,241840,2025,연결재무제표,11789684319.0,14791645212.0,-7278241684.0,-3504831535.0,수익(매출액),영업이익(손실),제 22 기,제 21 기
01307593,에이아이코리아,364950,2025,연결재무제표,86949654104.0,114555344263.0,2819131422.0,8813931719.0,매출액,영업이익(손실),제 12 기,제 11 기
01538528,에이에스텍,453860,2023,별도재무제표,47339369988.0,32163647980.0,9168234660.0,4516449711.0,수익(매출액),영업이익(손실),제 19 기,제 18 기
01538528,에이에스텍,453860,2024,별도재무제표,42571531296.0,47339369988.0,8701050630.0,9168234660.0,매출액,영업이익,제 20 기,제 19 기
01538528,에이에스텍,453860,2025,별도재무제표,24560444117.0,42571531296.0,-110160686.0,8701050630.0,매출액,영업이익,제 21 기,제 20 기
01223219,에이에프더블류,312610,2023,별도재무제표,6822097666.0,4437378741.0,-4082720063.0,-3992269863.0,수익(매출액),영업이익(손실),제 26 기,제 25 기
01223219,에이에프더블류,312610,2024,별도재무제표,15744037340.0,6822097666.0,-6475847079.0,-4082720063.0,수익(매출액),영업이익(손실),제 27 기,제 26 기
01223219,에이에프더블류,312610,2025,별도재무제표,13707979371.0,15744037340.0,-9520851758.0,-6475847079.0,수익(매출액),영업이익(손실),제 28 기,제 27 기
00143314,에이엔피,015260,2023,연결재무제표,140906023255.0,107458778217.0,-1824839750.0,-10679035041.0,매출액,영업이익(손실),제 43 기,제 42 기
00143314,에이엔피,015260,2024,연결재무제표,113490429822.0,140906023255.0,-5991747978.0,-1824839750.0,매출액,영업이익(손실),제 44 기,제 43 기
00143314,에이엔피,015260,2025,연결재무제표,117490390365.0,113490429822.0,-7290597374.0,-5991747978.0,매출액,영업이익(손실),제 45 기,제 44 기
00493325,에이엘티,172670,2023,연결재무제표,47687929129.0,44318854365.0,4895328861.0,8025839545.0,매출액,영업이익(손실),제 21 기,제 20 기
00493325,에이엘티,172670,2024,연결재무제표,36667038178.0,47687929129.0,-12207682757.0,4895328861.0,매출액,영업이익(손실),제 22 기,제 21 기
00493325,에이엘티,172670,2025,연결재무제표,48358194953.0,36667038178.0,-7394799659.0,-12207682757.0,수익(매출액),영업이익(손실),제 23 기,제 22 기
01803927,에이유브랜즈,481070,2024,연결재무제표,44600592198.0,41886214439.0,12428629791.0,16214791967.0,매출액,영업이익,제 3 기,제 2 기
01803927,에이유브랜즈,481070,2025,연결재무제표,60009152935.0,44600592198.0,10081266049.0,12428629791.0,매출액,영업이익,제 4 기,제 3 기
00860730,에이자기관리부동산투자회사,140910,2023,별도재무제표,1623391276.0,790391095.0,-1466468837.0,-1925255024.0,수익(매출액),영업이익(손실),제 14 기,제 13 기
00860730,에이자기관리부동산투자회사,140910,2024,별도재무제표,4525159331.0,1623391276.0,-1201762496.0,-1283877198.0,수익(매출액),영업이익(손실),제 15 기,제 14 기
00860730,에이자기관리부동산투자회사,140910,2025,별도재무제표,2644512847.0,4525159331.0,-412168514.0,-1201762496.0,수익(매출액),영업이익(손실),제 16 기,제 15 기
00367695,에이전트AI,060900,2023,연결재무제표,18200387994.0,33536559912.0,-4755192917.0,-2837392510.0,매출액,영업이익(손실),제 27 기,제 26 기
00367695,에이전트AI,060900,2024,연결재무제표,11795782994.0,18200387994.0,-5006106950.0,-4755192917.0,수익(매출액),영업이익(손실),제 28 기,제 27 기
00367695,에이전트AI,060900,2025,연결재무제표,13120220021.0,11795782994.0,-9319861515.0,-4874357374.0,수익(매출액),영업이익(손실),제 29 기,제 28 기
01540453,에이직랜드,445090,2023,연결재무제표,74154339770.0,69629209123.0,3859958977.0,11449730766.0,매출액,영업이익(손실),제 8 기,제 7 기
01540453,에이직랜드,445090,2024,연결재무제표,94058022977.0,74154339770.0,-16968714228.0,3859958977.0,매출액,영업이익(손실),제 9 기,제 8 기
01540453,에이직랜드,445090,2025,연결재무제표,72849892092.0,94058022977.0,-27577550754.0,-16968714228.0,매출액,영업이익(손실),제 10 기,제 9 기
01011368,에이치브이엠,295310,2024,별도재무제표,45140439641.0,41457404690.0,-6789016613.0,3728071521.0,매출액,영업이익(손실),제 13 기,제 12 기
01011368,에이치브이엠,295310,2025,별도재무제표,66531544743.0,45140439641.0,5837442731.0,-6789016613.0,매출액,영업이익(손실),제 14 기,제 13 기
00527464,에이치시티,072990,2023,연결재무제표,74110894233.0,67114744562.0,8012436386.0,6458406430.0,매출액,영업이익(손실),제 24 기,제 23 기
00527464,에이치시티,072990,2024,연결재무제표,94405219158.0,74110894233.0,11206401358.0,8012436386.0,매출액,영업이익(손실),제 25 기,제 24 기
00527464,에이치시티,072990,2025,연결재무제표,107526581029.0,94405219158.0,8273465990.0,11206401358.0,매출액,영업이익(손실),제 26 기,제 25 기
00241236,에이치씨코퍼레이션,037340,2023,연결재무제표,30430510704.0,20962845613.0,4725825996.0,2435345096.0,수익(매출액),영업이익(손실),제 28 기,제 27 기
00241236,에이치씨코퍼레이션,037340,2024,연결재무제표,28217105191.0,30430510704.0,2955230810.0,4725825996.0,수익(매출액),영업이익(손실),제 29 기,제 28 기
00241236,에이치씨코퍼레이션,037340,2025,연결재무제표,27174729804.0,28217105191.0,1335685019.0,2955230810.0,수익(매출액),영업이익(손실),제 30 기,제 29 기
00311216,에이치엔에스하이텍,044990,2023,연결재무제표,80551938241.0,97202608083.0,13956323764.0,21602582540.0,매출액,영업이익(손실),제 29 기,제 28 기
00311216,에이치엔에스하이텍,044990,2024,연결재무제표,76160586579.0,80551938241.0,13370064318.0,13956323764.0,수익(매출액),영업이익(손실),제 30 기,제 29 기
00311216,에이치엔에스하이텍,044990,2025,연결재무제표,81886784499.0,76160586579.0,9664357626.0,13370064318.0,수익(매출액),영업이익(손실),제 31 기,제 30 기
01011438,에이치엘사이언스,239610,2023,연결재무제표,25587457016.0,52758204961.0,-4692442893.0,-603657954.0,수익(매출액),영업이익(손실),제 24 기,제 23 기
01011438,에이치엘사이언스,239610,2024,연결재무제표,17664168768.0,25587457016.0,-9859262203.0,-4692442893.0,수익(매출액),영업이익(손실),제 25 기,제 24 기
01011438,에이치엘사이언스,239610,2025,연결재무제표,16705710069.0,17664168768.0,-11051574087.0,-9859262203.0,수익(매출액),영업이익(손실),제 26 기,제 25 기
00232821,에이치엠넥스,036170,2023,별도재무제표,14523739748.0,13418819175.0,14416773.0,-1074633601.0,수익(매출액),영업이익(손실),제 31 기,제 30 기
00232821,에이치엠넥스,036170,2024,별도재무제표,15162909359.0,14523739748.0,318104254.0,14416773.0,수익(매출액),영업이익(손실),제 32 기,제 31 기
00232821,에이치엠넥스,036170,2025,연결재무제표,31707375183.0,15162909359.0,2367143405.0,318104254.0,수익(매출액),영업이익(손실),제 33 기,제 32 기
01767494,에이치엠씨아이비제6호기업인수목적,462020,2024,별도재무제표,0.0,0.0,-36221790.0,-22943000.0,영업수익,영업이익(손실),제 2 기,제 1 기
01767494,에이치엠씨아이비제6호기업인수목적,462020,2025,별도재무제표,0.0,0.0,-28618060.0,-36221790.0,영업수익,영업이익(손실),제 3 기,제 2 기
01813377,에이치엠씨제7호스팩,477340,2025,별도재무제표,0.0,0.0,-31421490.0,-37853442.0,영업수익,영업이익(손실),제 2 기,제 1 기
00885906,에이치와이티씨,148930,2023,연결재무제표,40628539637.0,34213303589.0,3567640026.0,1979077610.0,수익(매출액),영업이익(손실),제 18 기,제 17 기
00885906,에이치와이티씨,148930,2024,연결재무제표,32321393845.0,40628539637.0,423595579.0,3567640026.0,수익(매출액),영업이익(손실),제 19 기,제 18 기
00885906,에이치와이티씨,148930,2025,연결재무제표,30085095751.0,32321393845.0,-3167778087.0,423595579.0,수익(매출액),영업이익(손실),제 20 기,제 19 기
00235183,에이치케이,044780,2023,연결재무제표,66637115087.0,81378633384.0,841585044.0,5810468081.0,매출,영업이익(손실),제 34 기,제 33 기
00235183,에이치케이,044780,2024,연결재무제표,54015388404.0,66637115087.0,-2638220380.0,841585044.0,매출,영업이익(손실),제 35 기,제 34 기
00235183,에이치케이,044780,2025,연결재무제표,54189734390.0,54015388404.0,-387452903.0,-2638220380.0,매출,영업이익(손실),제 36 기,제 35 기
01068737,에이치피오,357230,2023,연결재무제표,232025910017.0,195978389205.0,22059569867.0,17475680841.0,매출액,영업이익(손실),제 12 기,제 11 기
01068737,에이치피오,357230,2024,연결재무제표,242830801884.0,232025910017.0,7992532690.0,22059569867.0,매출액,영업이익(손실),제 13 기,제 12 기
01068737,에이치피오,357230,2025,연결재무제표,258188615006.0,242830801884.0,13546055668.0,7992532690.0,매출액,영업이익(손실),제 14 기,제 13 기
01444380,에이텀,355690,2024,연결재무제표,20439957292.0,38503123303.0,-2611209633.0,-4148645895.0,매출액,영업이익(손실),제 10 기,제 9 기
01444380,에이텀,355690,2025,연결재무제표,70426120972.0,20439957292.0,-6541146635.0,-2611209633.0,수익(매출액),영업이익(손실),제 11 기,제 10 기
00384887,에이테크솔루션,071670,2023,연결재무제표,268503739331.0,249523034399.0,3937259380.0,6463155024.0,수익(매출액),영업이익(손실),제 23 기,제 22 기
00384887,에이테크솔루션,071670,2024,연결재무제표,289527428189.0,268503739331.0,492317728.0,3937259380.0,수익(매출액),영업이익(손실),제 24 기,제 23 기
00384887,에이테크솔루션,071670,2025,연결재무제표,305490060000.0,289527428000.0,611284000.0,492317000.0,영업수익,영업이익(손실),제 25 기,제 24 기
00256502,에이텍,045660,2023,연결재무제표,71934894017.0,94331778484.0,919260645.0,2703961483.0,매출액,영업이익,제 31 기,제 30 기
00256502,에이텍,045660,2024,연결재무제표,46230948674.0,3704107982.0,1462480218.0,-712489950.0,매출액,영업이익,제 32 기,제 31 기
00256502,에이텍,045660,2025,연결재무제표,160212667134.0,45526630657.0,8698700770.0,2075095975.0,매출액,영업이익,제 33 기,제 32 기
01099861,에이텍모빌리티,224110,2023,연결재무제표,201031429637.0,150481816041.0,15360086674.0,6525612779.0,수익(매출액),영업이익,제 9 기,제 8 기
01099861,에이텍모빌리티,224110,2024,연결재무제표,104182493058.0,87454248260.0,7869909361.0,7464174214.0,수익(매출액),영업이익(손실),제 10 기,제 9 기
01099861,에이텍모빌리티,224110,2025,별도재무제표,64276763286.0,42823602334.0,6170645077.0,2831449626.0,수익(매출액),영업이익(손실),제 11 기,제 10 기
00161462,에이티넘인베스트,021080,2023,별도재무제표,135789250846.0,100987678722.0,24779485522.0,35151287454.0,영업수익,영업이익(손실),제 36 기,제 35 기
00161462,에이티넘인베스트,021080,2024,별도재무제표,51724939670.0,135789250846.0,13503630205.0,24779485522.0,영업수익,영업이익(손실),제 37 기,제 36 기
00161462,에이티넘인베스트,021080,2025,별도재무제표,70561999146.0,51724939670.0,31977878918.0,13503630205.0,영업수익,영업이익(손실),제 38 기,제 37 기
00667425,에이팩트,200470,2023,별도재무제표,93742317670.0,73646384263.0,-22880495221.0,4585911543.0,수익(매출액),영업이익(손실),제 17 기,제 16 기
00667425,에이팩트,200470,2024,별도재무제표,86722560746.0,93742317670.0,-21532802006.0,-22880495221.0,수익(매출액),영업이익(손실),제 18 기,제 17 기
00667425,에이팩트,200470,2025,별도재무제표,110999185614.0,86722560746.0,5267413072.0,-21532802006.0,매출액,영업이익(손실),제 19 기,제 18 기
00604268,에이프로,262260,2023,연결재무제표,235952253023.0,79393169579.0,15513720687.0,-2514713726.0,매출액,영업이익(손실),제 24 기,제 23 기
00604268,에이프로,262260,2024,연결재무제표,200156427991.0,235952253023.0,3361263638.0,15513720687.0,매출액,영업이익(손실),제 25 기,제 24 기
00604268,에이프로,262260,2025,연결재무제표,147079619081.0,200156427991.0,-5834695693.0,3361263638.0,수익(매출액),영업이익(손실),제 26 기,제 25 기
00152385,에이프로젠,007460,2023,연결재무제표,150577975324.0,78349308044.0,-88866493684.0,-119344687080.0,매출,영업이익(손실),제 53 기,제 52 기
00152385,에이프로젠,007460,2024,연결재무제표,150113578970.0,150577975324.0,-86806591009.0,-88866493684.0,매출액,영업이익(손실),제 54 기,제 53 기
00152385,에이프로젠,007460,2025,연결재무제표,117974152260.0,150113578970.0,-95570619373.0,-86806591009.0,매출액,영업이익(손실),제 55 기,제 54 기
00101044,에이프로젠바이오로직스,003060,2023,연결재무제표,87363627712.0,65190359336.0,-57477960970.0,-5430302001.0,수익(매출액),영업이익(손실),제 65 기,제 64 기
00101044,에이프로젠바이오로직스,003060,2024,연결재무제표,67378141310.0,87363627712.0,-52823131512.0,-57477960970.0,매출액,영업이익(손실),제 66 기,제 65 기
00101044,에이프로젠바이오로직스,003060,2025,연결재무제표,73226140158.0,67378141310.0,-60354664385.0,-52823131512.0,매출액,영업이익(손실),제 67 기,제 66 기
01375822,에이프릴바이오,397030,2023,별도재무제표,0.0,200000000.0,-13387937231.0,-11474306802.0,영업수익,영업이익(손실),제 11 기,제 10 기
01375822,에이프릴바이오,397030,2024,별도재무제표,27514000000.0,0.0,16869084717.0,-13387937231.0,영업수익,영업이익(손실),제 12 기,제 11 기
01375822,에이프릴바이오,397030,2025,별도재무제표,2172000000.0,27514000000.0,-7263930208.0,16869084717.0,영업수익,영업이익(손실),제 13 기,제 12 기
00684802,에이플러스에셋,244920,2023,연결재무제표,354607752665.0,270723518058.0,7648299829.0,1355637973.0,영업수익,영업이익,제 17 기,제 16 기
00684802,에이플러스에셋,244920,2024,연결재무제표,515785555014.0,350872988034.0,31550650101.0,12552872193.0,영업수익,영업이익,제 18 기,제 17 기
00684802,에이플러스에셋,244920,2025,연결재무제표,682466555853.0,515785555014.0,29314448307.0,31550650101.0,영업수익,영업이익(손실),제 19 기,제 18 기
01190568,에이피알,278470,2023,연결재무제표,523809364559.0,397698119336.0,104193724865.0,39228479397.0,매출액,영업이익,제 10 기,제 9 기
01190568,에이피알,278470,2024,연결재무제표,722753862301.0,523809364559.0,122705544449.0,104193724865.0,매출액,영업이익,제 11 기,제 10 기
01190568,에이피알,278470,2025,연결재무제표,1527344973381.0,722753862301.0,365520628934.0,122705544449.0,매출액,영업이익,제 12 기,제 11 기
01108442,에치에프알,230240,2023,연결재무제표,164184216763.0,366282666520.0,-8418452143.0,90187284689.0,매출액,영업이익(손실),제 9 기,제 8 기
01108442,에치에프알,230240,2024,연결재무제표,157094151451.0,164184216763.0,-20237323354.0,-8418452143.0,매출,영업이익(손실),제 10 기,제 9 기
01108442,에치에프알,230240,2025,연결재무제표,141982727703.0,157094151451.0,-1582194663.0,-20237323354.0,매출액,영업이익(손실),제 11 기,제 10 기
00896753,에코글로우,159910,2023,연결재무제표,13924448038.0,13261873900.0,-7727652128.0,-6322564269.0,수익(매출액),영업이익(손실),제 18 기,제 17 기
00896753,에코글로우,159910,2024,연결재무제표,14522098832.0,13468747533.0,-6346179965.0,-6532554188.0,수익(매출액),영업이익(손실),제 19 기,제 18 기
00896753,에코글로우,159910,2025,연결재무제표,9924758012.0,8448884978.0,-3938193208.0,-4637960377.0,수익(매출액),영업이익(손실),제 20 기,제 19 기
01029394,에코마케팅,230360,2023,연결재무제표,350477745124.0,352756160978.0,55096283183.0,56589658372.0,수익(매출액),영업이익(손실),제 21 기,제 20 기
01029394,에코마케팅,230360,2024,연결재무제표,357201038603.0,350477745124.0,46967630959.0,55096283183.0,수익(매출액),영업이익(손실),제 22 기,제 21 기
01029394,에코마케팅,230360,2025,연결재무제표,448812711590.0,357201038603.0,45446622735.0,46967630959.0,영업수익,영업이익,제 23 기,제 22 기
00562360,에코볼트,097780,2023,연결재무제표,180164482428.0,155274811685.0,-19154127312.0,-8699516593.0,매출액,영업이익(손실),제 20 기,제 19 기
00562360,에코볼트,097780,2024,연결재무제표,225110262173.0,180164482428.0,-21720206848.0,-19154127312.0,매출액,영업이익(손실),제 21 기,제 20 기
00562360,에코볼트,097780,2025,연결재무제표,217426570735.0,202917689820.0,1079825912.0,-20700328853.0,매출액,영업이익(손실),제 22 기,제 21 기
00287812,에코심플렉스,038870,2023,연결재무제표,15790408546.0,16783759222.0,-2601797272.0,-146748552.0,수익(매출액),영업이익(손실),제 27 기,제 26 기
00287812,에코심플렉스,038870,2024,연결재무제표,18020084141.0,15790408546.0,-2361295773.0,-2601797272.0,수익(매출액),영업이익(손실),제 28 기,제 27 기
00287812,에코심플렉스,038870,2025,연결재무제표,17239542508.0,18020084141.0,-2661274618.0,-2361295773.0,수익(매출액),영업이익(손실),제 29 기,제 28 기
01218299,에코아이,448280,2023,연결재무제표,64821406710.0,60121142197.0,18231549937.0,20033029594.0,수익(매출액),영업이익(손실),제 19 기,제 18 기
01218299,에코아이,448280,2024,연결재무제표,25769269333.0,64821406710.0,198850887.0,18231549937.0,수익(매출액),영업이익(손실),제 20 기,제 19 기
01218299,에코아이,448280,2025,연결재무제표,30916305223.0,25769269333.0,953221336.0,198850887.0,수익(매출액),영업이익(손실),제 21 기,제 20 기
00619640,에코앤드림,101360,2023,연결재무제표,51455287308.0,60522326102.0,-2967415404.0,2252730403.0,매출액,영업이익(손실),제 20 기,제 19 기
00619640,에코앤드림,101360,2024,연결재무제표,104901418831.0,51455287308.0,487160660.0,-2967415404.0,매출액,영업이익(손실),제 21 기,제 20 기
00619640,에코앤드림,101360,2025,연결재무제표,141958412396.0,104901418831.0,-610261853.0,487160660.0,매출액,영업이익(손실),제 22 기,제 21 기
00870481,에코캡,128540,2023,연결재무제표,135901878758.0,121663336913.0,3950847298.0,-1924041613.0,수익(매출액),영업이익(손실),제 17 기,제 16 기
00870481,에코캡,128540,2024,연결재무제표,138529396394.0,135901878758.0,19597268599.0,3950847298.0,수익(매출액),영업이익(손실),제 18 기,제 17 기
00870481,에코캡,128540,2025,연결재무제표,151845506167.0,138529396394.0,-3158109336.0,19597268599.0,수익(매출액),영업이익(손실),제 19 기,제 18 기
00536541,에코프로,086520,2023,연결재무제표,7260200345722.0,5639741327318.0,298172334242.0,613226487106.0,매출액,영업이익,제 26 기,제 25 기
00536541,에코프로,086520,2024,연결재무제표,3127853158129.0,7260200345722.0,-293038698088.0,298172334242.0,매출액,영업이익,제 27 기,제 26 기
00536541,에코프로,086520,2025,연결재무제표,3413021590101.0,3127853158129.0,213763514884.0,-293038698088.0,매출액,영업이익,제 28 기,제 27 기
01311408,에코프로머티,450080,2023,별도재무제표,952523315840.0,665248278975.0,8772772409.0,38988203638.0,매출액,영업이익,제 7 기,제 6 기
01311408,에코프로머티,450080,2024,별도재무제표,299846484651.0,952523315840.0,-64719926202.0,8772772409.0,매출액,영업이익,제 8 기,제 7 기
01311408,에코프로머티,450080,2025,별도재무제표,392506172705.0,299846484651.0,-65369476119.0,-64719926202.0,매출액,영업이익,제 9 기,제 8 기
01160363,에코프로비엠,247540,2023,연결재무제표,6900867843535.0,5357607238956.0,156029935394.0,380676718075.0,매출액,영업이익,제 8 기,제 7 기
01160363,에코프로비엠,247540,2024,연결재무제표,2766837750152.0,6900867843535.0,-34109364109.0,156029935394.0,매출액,영업이익,제 9 기,제 8 기
01160363,에코프로비엠,247540,2025,연결재무제표,2531576384113.0,2766837750152.0,143309899725.0,-34109364109.0,매출액,영업이익,제 10 기,제 9 기
01566248,에코프로에이치엔,383310,2023,연결재무제표,228946023204.0,218237744878.0,41780811675.0,41420546422.0,매출액,영업이익,제 3 기,제 2 기
01566248,에코프로에이치엔,383310,2024,연결재무제표,234500459609.0,228946023204.0,24226100708.0,41780811675.0,매출액,영업이익,제 4 기,제 3 기
01566248,에코프로에이치엔,383310,2025,연결재무제표,141057118027.0,234500459609.0,11709586777.0,24226100708.0,매출액,영업이익,제 5 기,제 4 기
00139153,에코플라스틱,038110,2023,연결재무제표,2160621914515.0,1821519312265.0,72420507238.0,38516830106.0,수익(매출액),영업이익(손실),제 40 기,제 39 기
00139153,에코플라스틱,038110,2024,연결재무제표,2255119700370.0,2160621914515.0,32889283467.0,72420507238.0,수익(매출액),영업이익(손실),제 41 기,제 40 기
00139153,에코플라스틱,038110,2025,연결재무제표,2562025593000.0,2255119700000.0,35744891000.0,32889283000.0,수익(매출액),영업이익(손실),제 42 기,제 41 기
00442561,에프알텍,073540,2023,연결재무제표,24805176748.0,18648483465.0,-501460799.0,-4486494279.0,매출액,영업이익(손실),제 24 기,제 23 기
00442561,에프알텍,073540,2024,연결재무제표,29759555648.0,24805176748.0,814561384.0,-501460799.0,매출액,영업이익(손실),제 25 기,제 24 기
00442561,에프알텍,073540,2025,연결재무제표,25263688167.0,29759555648.0,919606633.0,814561384.0,매출액,영업이익(손실),제 26 기,제 25 기
00331016,에프앤가이드,064850,2023,연결재무제표,29582881176.0,28422917679.0,6069159870.0,6072307916.0,매출액,영업이익(손실),제 24 기,제 23 기
00331016,에프앤가이드,064850,2024,연결재무제표,31607660607.0,29582881176.0,7648239115.0,6069159870.0,영업수익,영업이익(손실),제 25 기,제 24 기
00331016,에프앤가이드,064850,2025,연결재무제표,35401545538.0,31607660607.0,10663123187.0,7648239115.0,매출액,영업이익(손실),제 26 기,제 25 기
00223434,에프에스티,036810,2023,연결재무제표,197608619262.0,219624173035.0,-10782402895.0,6333914544.0,매출액,영업이익(손실),제 37 기,제 36 기
00223434,에프에스티,036810,2024,연결재무제표,237408450542.0,197608619262.0,2287271800.0,-10782402895.0,매출액,영업이익(손실),제 38 기,제 37 기
00223434,에프에스티,036810,2025,연결재무제표,280262733555.0,237408450542.0,-546526969.0,2287271800.0,수익(매출액),영업이익(손실),제 39 기,제 38 기
00925295,에프엔씨엔터,173940,2023,연결재무제표,92154263323.0,65786471717.0,-7568800920.0,-13183189634.0,매출액,영업이익(손실),제 18 기,제 17 기
00925295,에프엔씨엔터,173940,2024,연결재무제표,86224155388.0,90077565427.0,-4181824362.0,-8009234336.0,매출액,영업이익(손실),제 19 기,제 18 기
00925295,에프엔씨엔터,173940,2025,연결재무제표,102369210132.0,86224155388.0,-613888084.0,-4181824362.0,매출액,영업이익(손실),제 20 기,제 19 기
00476036,에프엔에스테크,083500,2023,연결재무제표,38883827391.0,67642003556.0,2282069656.0,5815829219.0,매출액,영업이익(손실),제 22 기,제 21 기
00476036,에프엔에스테크,083500,2024,연결재무제표,88482201894.0,38883827391.0,8805382808.0,2282069656.0,매출액,영업이익(손실),제 23 기,제 22 기
00476036,에프엔에스테크,083500,2025,연결재무제표,73657803682.0,88482201894.0,10349896551.0,8805382808.0,매출액,영업이익(손실),제 24 기,제 23 기
01267222,에피소드컴퍼니,317530,2023,연결재무제표,8483510899.0,10088032993.0,-3677587098.0,-2088411993.0,영업수익,영업이익(손실),제 10 기,제 9 기
01267222,에피소드컴퍼니,317530,2024,연결재무제표,5677574243.0,8483510899.0,-3610777923.0,-3677587098.0,영업수익,영업이익(손실),제 11 기,제 10 기
01267222,에피소드컴퍼니,317530,2025,연결재무제표,5683497607.0,5677574243.0,-3555910328.0,-3610777923.0,영업수익,영업이익(손실),제 12 기,제 11 기
00360577,엑사이엔씨,054940,2023,연결재무제표,179914719863.0,226759501862.0,3684850794.0,9316731733.0,매출액,영업이익(손실),제 33 기,제 32 기
00360577,엑사이엔씨,054940,2024,연결재무제표,203087664310.0,174256086540.0,8512659131.0,3410067035.0,매출액,영업이익,제 34 기,제 33 기
00360577,엑사이엔씨,054940,2025,연결재무제표,177002828337.0,203087664310.0,2505252969.0,8512659131.0,매출액,영업이익,제 35 기,제 34 기
00956028,엑세스바이오,950130,2023,연결재무제표,267075591.0,800234602.0,16538993.0,363172714.0,수익(매출액),영업이익(손실),제 22 기,제 21 기
00956028,엑세스바이오,950130,2024,연결재무제표,82451940.0,267075591.0,-3101264.0,16538993.0,수익(매출액),영업이익(손실),제 23 기,제 22 기
00956028,엑세스바이오,950130,2025,연결재무제표,21976285.0,82451940.0,-44547579.0,-3101264.0,수익(매출액),영업이익(손실),제 24 기,제 23 기
01492217,엑셀세라퓨틱스,373110,2023,연결재무제표,1123898370.0,1020034637.0,-8705835094.0,-8298882838.0,매출액,영업손실,제 9 기,제 8 기
01492217,엑셀세라퓨틱스,373110,2024,연결재무제표,1934344104.0,1123898370.0,-9329894204.0,-8705835094.0,매출액,영업손실,제 10 기,제 9 기
01492217,엑셀세라퓨틱스,373110,2025,연결재무제표,1948989102.0,1934344104.0,-10851766656.0,-9329894204.0,매출액,영업손실,제 11 기,제 10 기
01042085,엑셈,205100,2023,연결재무제표,53889135871.0,55133275799.0,4912495133.0,12530332588.0,수익(매출액),영업이익(손실),제 10 기,제 9 기
01042085,엑셈,205100,2024,연결재무제표,61237482059.0,53889135871.0,8833525477.0,4912495133.0,수익(매출액),영업이익(손실),제 11 기,제 10 기
01042085,엑셈,205100,2025,연결재무제표,47763052042.0,49411956418.0,3651507130.0,6588831119.0,수익(매출액),영업이익(손실),제 12 기,제 11 기
01372782,엑스게이트,356680,2023,별도재무제표,42820685714.0,38299253515.0,4102235426.0,5417930052.0,수익(매출액),영업이익(손실),제 14 기,제 13 기
01372782,엑스게이트,356680,2024,별도재무제표,43216125927.0,42820685714.0,3485043041.0,4102235426.0,매출액,영업이익(손실),제 15 기,제 14 기
01372782,엑스게이트,356680,2025,별도재무제표,48135693935.0,43216125927.0,3753096506.0,3485043041.0,매출액,영업이익(손실),제 16 기,제 15 기
01231786,엑스페릭스,317770,2023,연결재무제표,11908780233.0,15077690234.0,-4183750286.0,2817514520.0,매출액,영업이익(손실),제 7 기,제 6 기
01231786,엑스페릭스,317770,2024,연결재무제표,14747157399.0,11908780233.0,-3247811080.0,-4183750286.0,매출액,영업이익(손실),제 8 기,제 7 기
01231786,엑스페릭스,317770,2025,연결재무제표,21486557890.0,14747157399.0,-1407428509.0,-3247811080.0,매출액,영업이익(손실),제 9 기,제 8 기
01514698,엑스플러스,373200,2023,별도재무제표,9776117626.0,15955888874.0,-3703454492.0,750125662.0,매출액,영업이익,제 4 기,제 3 기
01514698,엑스플러스,373200,2024,별도재무제표,10426581859.0,9776117626.0,-3890823088.0,-3703454492.0,매출액,영업이익,제 5 기,제 4 기
01514698,엑스플러스,373200,2025,연결재무제표,10076623856.0,10426581859.0,-5155503426.0,-3890823088.0,매출액,영업이익,제 6 기,제 5 기
00426068,엑시온그룹,069920,2023,별도재무제표,4646744806.0,5475493823.0,-11567051829.0,-12084881499.0,수익(매출액),영업이익(손실),제 23 기,제 22 기
00426068,엑시온그룹,069920,2024,연결재무제표,4824963916.0,4646744806.0,-10510905449.0,-11567051829.0,수익(매출액),영업이익(손실),제 24 기,제 23 기
00426068,엑시온그룹,069920,2025,별도재무제표,24004458754.0,4744104789.0,-5908661823.0,-10079312747.0,매출액,영업이익(손실),제 25 기,제 24 기
00611736,엑시콘,092870,2023,연결재무제표,82296331600.0,91157419461.0,1464663636.0,10251794199.0,수익,영업이익,제 23 기,제 22 기
00611736,엑시콘,092870,2024,연결재무제표,31611346967.0,82296331600.0,-15897333370.0,1464663636.0,수익,영업이익,제 24 기,제 23 기
00611736,엑시콘,092870,2025,연결재무제표,66026746277.0,31611346967.0,80123746.0,-15897333370.0,수익,영업이익,제 25 기,제 24 기
00156150,엑시큐어하이트론,019490,2023,별도재무제표,5504482588.0,7903386686.0,-6550533715.0,-9751994173.0,매출액,영업이익(손실),제 38 기,제 37 기
00156150,엑시큐어하이트론,019490,2024,연결재무제표,6580126289.0,5504482588.0,-6329804178.0,-6550533715.0,수익(매출액),영업이익(손실),제 39 기,제 38 기
00156150,엑시큐어하이트론,019490,2025,연결재무제표,5299944408.0,6580126289.0,-5970763102.0,-6329804178.0,수익(매출액),영업이익(손실),제 40 기,제 39 기
00964595,엔바이오니아,317870,2023,연결재무제표,14654775506.0,11023814761.0,-205229109.0,-701337249.0,Ⅰ.매출액,Ⅳ.영업이익(손실),제 23 기,제 22 기
00964595,엔바이오니아,317870,2024,연결재무제표,14224121375.0,14654775506.0,-2108771552.0,-205229109.0,Ⅰ.매출액,Ⅳ.영업이익(손실),제 24 기,제 23 기
00964595,엔바이오니아,317870,2025,연결재무제표,14278768705.0,14224121375.0,-6221608041.0,-2108771552.0,Ⅰ.매출액,Ⅳ.영업이익(손실),제 25 기,제 24 기
00146436,엔브이에이치코리아,067570,2023,연결재무제표,1371412851857.0,1230006651563.0,62917271907.0,53154104872.0,매출액,영업이익(손실),제 40 기,제 39 기
00146436,엔브이에이치코리아,067570,2024,연결재무제표,1587354171741.0,1371412851857.0,67582834510.0,62917271907.0,매출액,영업이익,제 41 기,제 40 기
00146436,엔브이에이치코리아,067570,2025,연결재무제표,1623889869779.0,1587354171741.0,-21869863594.0,67582834510.0,매출액,영업이익,제 42 기,제 41 기
01051065,엔비티,236810,2023,연결재무제표,106657978596.0,108210873733.0,-2766359798.0,2279310361.0,영업수익,영업이익(손실),제 12 기,제 11 기
01051065,엔비티,236810,2024,연결재무제표,105117690536.0,106657978596.0,-3341111242.0,-1934200154.0,영업수익,영업이익(손실),제 13 기,제 12 기
01051065,엔비티,236810,2025,연결재무제표,92309851805.0,105117690536.0,-6500747571.0,-3341111242.0,영업수익,영업이익(손실),제 14 기,제 13 기
01310773,엔시스,333620,2023,연결재무제표,51226329598.0,41960341819.0,1854221965.0,4058967441.0,수익(매출액),영업이익(손실),제 18 기,제 17 기
01310773,엔시스,333620,2024,연결재무제표,62899277479.0,51226329598.0,10451267534.0,1854221965.0,수익(매출액),영업이익(손실),제 19 기,제 18 기
01310773,엔시스,333620,2025,연결재무제표,48836076321.0,62899277479.0,-6107499104.0,10451267534.0,수익(매출액),영업이익(손실),제 20 기,제 19 기
00641393,엔시트론,101400,2023,연결재무제표,35869230492.0,24846936261.0,420783780.0,-175380519.0,수익(매출액),영업이익(손실),제 24 기,제 23 기
00641393,엔시트론,101400,2024,연결재무제표,36311562492.0,35869230492.0,-2459667040.0,420783780.0,수익(매출액),영업이익(손실),제 25 기,제 24 기
00641393,엔시트론,101400,2025,연결재무제표,34368016671.0,36311562492.0,-5055270954.0,-2459667040.0,수익(매출액),영업이익(손실),제 26 기,제 25 기
01708163,엔알비,475230,2025,연결재무제표,59481544678.0,52801303324.0,4499216922.0,6216006878.0,Ⅰ. 매출액,Ⅳ. 영업이익,제 7 기,제 6 기
01712616,엔에이치기업인수목적29호,451700,2024,별도재무제표,0.0,0.0,-52185490.0,-63016367.0,영업수익,영업이익(손실),제 2 기,제 1 기
01712616,엔에이치기업인수목적29호,451700,2025,별도재무제표,0.0,0.0,-52600312.0,-52185490.0,영업수익,영업이익(손실),제 3 기,제 2 기
01785056,엔에이치기업인수목적30호,466910,2024,별도재무제표,0.0,0.0,-42777630.0,-32143566.0,영업수익,영업이익(손실),제 2 기,제 1 기
01785056,엔에이치기업인수목적30호,466910,2025,별도재무제표,0.0,0.0,-106489550.0,-42777630.0,영업수익,영업이익(손실),제 3 기,제 2 기
01834194,엔에이치스팩31호,481890,2025,별도재무제표,0.0,0.0,-50269705.0,-35745300.0,영업수익,영업이익(손실),제 2 기,제 1 기
01217829,엔에프씨,265740,2023,별도재무제표,42868677215.0,31478132683.0,4067734269.0,2272220164.0,수익(매출액),영업이익(손실),제 12 기,제 11 기
01217829,엔에프씨,265740,2024,별도재무제표,40225556510.0,42868677215.0,-7088436609.0,4067734269.0,수익(매출액),영업이익(손실),제 13 기,제 12 기
01217829,엔에프씨,265740,2025,별도재무제표,71621774017.0,40225556510.0,12518073298.0,-7088436609.0,수익(매출액),영업이익(손실),제 14 기,제 13 기
01397903,엔젠바이오,354200,2023,연결재무제표,4350873259.0,11017557145.0,-13425114412.0,-8599416061.0,매출액,영업이익(손실),제 9 기,제 8 기
01397903,엔젠바이오,354200,2024,연결재무제표,5690860231.0,4350873259.0,-16075215174.0,-13425114412.0,매출액,영업이익(손실),제 10 기,제 9 기
01397903,엔젠바이오,354200,2025,연결재무제표,21239519701.0,5610966456.0,-8276064402.0,-12591956332.0,매출액,영업이익(손실),제 11 기,제 10 기
01592049,엔젤로보틱스,455900,2023,별도재무제표,5146186401.0,2184312362.0,-6496614879.0,-7101028909.0,매출액,영업손실,제 7 기,제 6 기
01592049,엔젤로보틱스,455900,2024,별도재무제표,4210953924.0,5146186401.0,-10841824608.0,-6496614879.0,매출액,영업이익,제 8 기,제 7 기
01592049,엔젤로보틱스,455900,2025,별도재무제표,4641312180.0,4210953924.0,-10276486752.0,-10841824608.0,매출액,영업이익,제 9 기,제 8 기
01587056,엔젯,419080,2023,별도재무제표,12072705251.0,21665643146.0,-2118261206.0,5296438701.0,매출액,영업이익,제 15 기,제 14 기
01587056,엔젯,419080,2024,별도재무제표,6259950733.0,12072705251.0,-6533825381.0,-2118261206.0,매출액,영업이익,제 16 기,제 15 기
01587056,엔젯,419080,2025,연결재무제표,5414590946.0,6259950733.0,-6280321650.0,-6533825381.0,매출액,영업이익,제 17 기,제 16 기
00606886,엔지켐생명과학,183490,2023,연결재무제표,76038893905.0,26637631236.0,-14356144695.0,-14661777782.0,매출액,영업이익(손실),제 25 기,제 24 기
00606886,엔지켐생명과학,183490,2024,연결재무제표,77377688864.0,76038893905.0,-13193969766.0,-14356144695.0,매출액,영업이익(손실),제 26 기,제 25 기
00606886,엔지켐생명과학,183490,2025,연결재무제표,67750824736.0,77377688864.0,-14336714154.0,-13193969766.0,매출액,영업이익(손실),제 27 기,제 26 기
00172228,엔케이,085310,2023,연결재무제표,91535244729.0,76687877838.0,-1104109608.0,870341567.0,매출액,영업이익(손실),제 40 기,제 39 기
00172228,엔케이,085310,2024,연결재무제표,110936560917.0,91535244729.0,-4824856791.0,-1104109608.0,매출액,영업이익(손실),제 41 기,제 40 기
00172228,엔케이,085310,2025,연결재무제표,130102265815.0,110936560917.0,-647803589.0,-4824856791.0,매출액,영업이익(손실),제 42 기,제 41 기
00977650,엔케이젠바이오텍코리아,182400,2023,연결재무제표,9947882202.0,11262689377.0,-67323456909.0,-49653047361.0,매출액,영업이익(손실),제 22 기,제 21 기
00977650,엔케이젠바이오텍코리아,182400,2024,연결재무제표,8800038505.0,9947882202.0,-4064593226.0,-67481545756.0,매출액,영업이익(손실),제 23 기,제 22 기
00977650,엔케이젠바이오텍코리아,182400,2025,연결재무제표,7862515138.0,8800038505.0,-2532433603.0,-4064593226.0,매출액,영업이익(손실),제 24 기,제 23 기
01011526,엔켐,348370,2023,연결재무제표,424691399327.0,509792825335.0,5120718637.0,15362754193.0,매출액,영업이익(손실),제 12 기,제 11 기
01011526,엔켐,348370,2024,연결재무제표,365708579550.0,424691399327.0,-50403019697.0,5120718637.0,수익(매출액),영업이익(손실),제 13 기,제 12 기
01011526,엔켐,348370,2025,연결재무제표,312794042228.0,365708579550.0,-78386657935.0,-50403019697.0,매출액,영업이익(손실),제 14 기,제 13 기
00407975,엔터미디어,068420,2023,연결재무제표,3933648279.0,4689655906.0,-205821808.0,-252032279.0,수익(매출액),영업이익(손실),제 30 기,제 29 기
00407975,엔터미디어,068420,2024,연결재무제표,3751607274.0,3933648279.0,-1122761304.0,-205821808.0,수익(매출액),영업이익(손실),제 31 기,제 30 기
00407975,엔터미디어,068420,2025,연결재무제표,1961973795.0,3751607274.0,-2216595673.0,-1122761304.0,수익(매출액),영업이익(손실),제 32 기,제 31 기
00415707,엔텔스,069410,2023,연결재무제표,44886674889.0,53582322397.0,-3214254023.0,-395053828.0,매출액,영업이익(손실),제 24 기,제 23 기
00415707,엔텔스,069410,2024,연결재무제표,47878756057.0,44886674889.0,-242847334.0,-3214254023.0,매출액,영업이익(손실),제 25 기,제 24 기
00415707,엔텔스,069410,2025,연결재무제표,66760703264.0,47878756057.0,2161590414.0,-242847334.0,매출액,영업이익(손실),제 26 기,제 25 기
01105621,엔투텍,227950,2023,연결재무제표,34305986615.0,21405514240.0,-1919414632.0,-1933857914.0,I. 매출액,V. 영업이익(손실),제 10 기,제 9 기
01105621,엔투텍,227950,2024,연결재무제표,13614360273.0,13054534556.0,-3521641514.0,-3315350440.0,I. 매출액,V. 영업이익(손실),제 11 기,제 10 기
01105621,엔투텍,227950,2025,연결재무제표,28763646487.0,13614360273.0,9439321153.0,-3521641514.0,I. 매출액,V. 영업이익(손실),제 12 기,제 11 기
00108038,엔피씨,004250,2023,연결재무제표,508721241750.0,544581475701.0,29561374107.0,23483130052.0,매출액,영업이익,제 60 기,제 59 기
00108038,엔피씨,004250,2024,연결재무제표,458265475806.0,508721241750.0,10494660290.0,29561374107.0,매출액,영업이익,제 61 기,제 60 기
00108038,엔피씨,004250,2025,연결재무제표,450319620231.0,458265475806.0,23573589442.0,10494660290.0,매출액,영업이익,제 62 기,제 61 기
01037542,엔피엑스,222160,2023,연결재무제표,12456309964.0,22304735526.0,-538486062.0,4809946087.0,매출액,영업이익(손실),제 24 기,제 23 기
01037542,엔피엑스,222160,2024,연결재무제표,8293471882.0,3689064462.0,-3205373321.0,-6695362269.0,매출액,영업이익(손실),제 26 기,제 25 기
01037542,엔피엑스,222160,2025,연결재무제표,3647598567.0,8293471882.0,-14635342414.0,-3205373321.0,매출액,영업이익(손실),제 27 기,제 26 기
00108490,엔피케이,048830,2023,연결재무제표,62987939899.0,65200996343.0,1868758249.0,1436748657.0,매출액,영업이익(손실),제 37 기,제 36 기
00108490,엔피케이,048830,2024,연결재무제표,64565578498.0,62987939899.0,-630247243.0,1868758249.0,매출액,영업이익(손실),제 38 기,제 37 기
00108490,엔피케이,048830,2025,연결재무제표,83822010472.0,64565578498.0,1013181251.0,-630247243.0,매출액,영업이익(손실),제 39 기,제 38 기
00540571,엘디티,096870,2023,별도재무제표,8926707509.0,11730311728.0,-348855996.0,1483920084.0,매출액,영업이익(손실),제 27 기,제 26 기
00540571,엘디티,096870,2024,별도재무제표,10028868219.0,8926707509.0,-835658027.0,-348855996.0,매출액,영업이익(손실),제 28 기,제 27 기
00540571,엘디티,096870,2025,별도재무제표,11045810425.0,10028868219.0,305927068.0,-835658027.0,매출액,영업이익(손실),제 29 기,제 28 기
00838500,엘브이엠씨,900140,2023,연결재무제표,199528253.0,192947521.0,-11956674.0,-11162077.0,매출액,영업이익(손실),제 15 기,제 14 기
00838500,엘브이엠씨,900140,2024,연결재무제표,216803097.0,199528253.0,12025144.0,-11956674.0,매출액,영업이익(손실),제 16 기,제 15 기
00838500,엘브이엠씨,900140,2025,연결재무제표,276327740.0,209556790.0,27104978.0,13619988.0,수익(매출액),영업이익(손실),제 17 기,제 16 기
01181515,엘앤씨바이오,290650,2023,연결재무제표,68869546328.0,52572492155.0,7748005680.0,9483841990.0,매출액,영업이익(손실),제 13 기,제 12 기
01181515,엘앤씨바이오,290650,2024,연결재무제표,72093323401.0,65926844211.0,2542071249.0,8129328049.0,매출액,영업이익,제 14 기,제 13 기
01181515,엘앤씨바이오,290650,2025,연결재무제표,85476414998.0,72032432117.0,4415713583.0,3869170258.0,매출액,영업이익,제 15 기,제 14 기
00398701,엘앤에프,066970,2023,연결재무제표,4644090367589.0,3887293713353.0,-222296651919.0,266321029961.0,수익(매출액),영업이익(손실),제 24 기,제 23 기
00398701,엘앤에프,066970,2024,연결재무제표,1907478512809.0,4644090367589.0,-558685355192.0,-222296651919.0,수익(매출액),영업이익(손실),제 25 기,제 24 기
00398701,엘앤에프,066970,2025,연결재무제표,2154938965103.0,1907478512809.0,-156849943423.0,-558685355192.0,수익(매출액),영업이익(손실),제 26 기,제 25 기
00918222,엘앤케이바이오,156100,2023,연결재무제표,29904806625.0,19767459566.0,2034331044.0,-13058488369.0,매출액,영업이익(손실),제 16 기,제 15 기
00918222,엘앤케이바이오,156100,2024,연결재무제표,36092216494.0,29904806625.0,3077760407.0,2034331044.0,매출액,영업이익(손실),제 17 기,제 16 기
00918222,엘앤케이바이오,156100,2025,연결재무제표,38920486823.0,36092216494.0,715115654.0,3077760407.0,매출액,영업이익(손실),제 18 기,제 17 기
00105855,엘에스일렉트릭,010120,2023,연결재무제표,4230482628448.0,3377070215838.0,324877723039.0,187524016869.0,매출,영업이익,제 50 기,제 49 기
00105855,엘에스일렉트릭,010120,2024,연결재무제표,4551837252467.0,4230482628448.0,389717122317.0,324877723039.0,매출,영업이익,제 51 기,제 50 기
00105855,엘에스일렉트릭,010120,2025,연결재무제표,4965798552980.0,4551837252467.0,426407143017.0,389717122317.0,매출액,영업이익,제 52 기,제 51 기
01264234,엘에이티,311060,2023,별도재무제표,9327995227.0,16887886334.0,-2247901834.0,1703656654.0,매출액,영업이익(손실),제 10 기,제 9 기
01264234,엘에이티,311060,2024,별도재무제표,40811472806.0,9327995227.0,587747964.0,-2247901834.0,매출액,영업이익(손실),제 11 기,제 10 기
01264234,엘에이티,311060,2025,별도재무제표,29407048584.0,40811472806.0,735362538.0,587747964.0,매출액,영업이익(손실),제 12 기,제 11 기
00494218,엘엠에스,073110,2023,연결재무제표,75763936341.0,98900190650.0,-8603018728.0,1464924001.0,수익(매출액),영업이익(손실),제 25 기,제 24 기
00494218,엘엠에스,073110,2024,연결재무제표,67710083550.0,75763936341.0,-3669989407.0,-8603018728.0,수익(매출액),영업이익(손실),제 26 기,제 25 기
00494218,엘엠에스,073110,2025,연결재무제표,69574137851.0,67710083550.0,-9620928001.0,-3669989407.0,수익(매출액),영업이익(손실),제 27 기,제 26 기
00484682,엘오티베큠,083310,2023,연결재무제표,473028421100.0,374197462933.0,67151350020.0,29819849955.0,매출액,영업이익,제 22 기,제 21 기
00484682,엘오티베큠,083310,2024,연결재무제표,265969118498.0,473028421100.0,-4171740668.0,67151350020.0,매출액,영업이익(손실),제 23 기,제 22 기
00484682,엘오티베큠,083310,2025,연결재무제표,244892905459.0,265969118498.0,-8054257869.0,-4171740668.0,수익(매출액),영업이익(손실),제 24 기,제 23 기
00242712,엘컴텍,037950,2023,연결재무제표,56635889299.0,41602729478.0,2126026610.0,4769705068.0,매출액,영업이익,제 33 기,제 32 기
00242712,엘컴텍,037950,2024,연결재무제표,57384537439.0,56635889299.0,3555446608.0,2126026610.0,매출액,영업이익,제 34 기,제 33 기
00242712,엘컴텍,037950,2025,연결재무제표,46291152553.0,57384537439.0,2217156372.0,3555446608.0,매출액,영업이익,제 35 기,제 34 기
01747977,엘케이켐,489500,2024,연결재무제표,25044464791.0,15256953775.0,10135742769.0,5609930561.0,수익(매출액),영업이익(손실),제 18 기,제 17 기
01747977,엘케이켐,489500,2025,연결재무제표,20179862262.0,25044464791.0,4570299788.0,10135742769.0,수익(매출액),영업이익(손실),제 19 기,제 18 기
00866062,엘티씨,170920,2023,연결재무제표,113358801071.0,219427343415.0,-16045371389.0,10782148304.0,매출액,영업이익(손실),제 17 기,제 16 기
00866062,엘티씨,170920,2024,연결재무제표,276973239785.0,113358801071.0,24184336150.0,-16045371389.0,매출액,영업이익(손실),제 18 기,제 17 기
00866062,엘티씨,170920,2025,연결재무제표,310384726014.0,276973239785.0,29629435023.0,24184336150.0,매출액,영업이익(손실),제 19 기,제 18 기
00397058,엠게임,058630,2023,연결재무제표,81633381472.0,73654249904.0,21314431594.0,30149731370.0,영업수익,영업이익(손실),제 24 기,제 23 기
00397058,엠게임,058630,2024,연결재무제표,83424998963.0,81633381472.0,12838678865.0,21314431594.0,영업수익,영업이익(손실),제 25 기,제 24 기
00397058,엠게임,058630,2025,연결재무제표,91740255110.0,83424998963.0,17554792432.0,12838678865.0,영업수익,영업이익(손실),제 26 기,제 25 기
01022142,엠디바이스,226590,2024,별도재무제표,48305247339.0,9850672827.0,4976243658.0,-4739109156.0,수익(매출액),영업이익(손실),제 16 기,제 15 기
01022142,엠디바이스,226590,2025,연결재무제표,96491049515.0,48305247339.0,11542472268.0,4786530564.0,매출액,영업이익,제 17 기,제 16 기
00396925,엠로,058970,2023,연결재무제표,63173674058.0,58623051381.0,4662825133.0,6485396117.0,매출액,영업이익,제 24 기,제 23 기
00396925,엠로,058970,2024,연결재무제표,79455970128.0,63173674058.0,8606497659.0,4662825133.0,매출액,영업이익,제 25 기,제 24 기
00396925,엠로,058970,2025,연결재무제표,83980244007.0,79455970128.0,909560044.0,8606497659.0,매출액,영업이익,제 26 기,제 25 기
00877174,엠브레인,169330,2023,연결재무제표,54943864075.0,51268071630.0,4711681708.0,7396045251.0,매출액,영업이익,제 25 기,제 24 기
00877174,엠브레인,169330,2024,연결재무제표,53710500356.0,54943864075.0,1675104422.0,4711681708.0,매출액,영업이익,제 26 기,제 25 기
00877174,엠브레인,169330,2025,연결재무제표,56161085757.0,53710500356.0,-1257743396.0,1675104422.0,매출액,영업이익(손실),제 27 기,제 26 기
00124577,엠소닉,008120,2023,연결재무제표,70262545752.0,100888514943.0,1900604272.0,3667623752.0,Ⅰ.매출액,Ⅴ.영업이익(손실),제 52 기,제 51 기
00124577,엠소닉,008120,2024,연결재무제표,80589827018.0,70262545752.0,3264427018.0,1900604272.0,Ⅰ.매출액,Ⅴ.영업이익(손실),제 53 기,제 52 기
00124577,엠소닉,008120,2025,연결재무제표,76474089276.0,80589827018.0,4447582464.0,3264427018.0,Ⅰ.매출액,Ⅴ.영업이익(손실),제 54 기,제 53 기
00564562,엠씨넥스,097520,2023,연결재무제표,932490110758.0,1108637950325.0,18224255538.0,10702196295.0,수익(매출액),영업이익(손실),제 20 기,제 19 기
00564562,엠씨넥스,097520,2024,연결재무제표,1057058423929.0,932490110758.0,44384671816.0,18224255538.0,수익(매출액),영업이익(손실),제 21 기,제 20 기
00564562,엠씨넥스,097520,2025,연결재무제표,1279236953303.0,1057058423929.0,52015262942.0,44384671816.0,수익(매출액),영업이익(손실),제 22 기,제 21 기
01497142,엠아이큐브솔루션,373170,2023,별도재무제표,24152183801.0,22295174113.0,1756064734.0,2826779084.0,매출액,영업이익,제 19 기,제 18 기
01497142,엠아이큐브솔루션,373170,2024,별도재무제표,29636481104.0,24152183801.0,-1069721190.0,1756064734.0,매출액,영업이익,제 20 기,제 19 기
01497142,엠아이큐브솔루션,373170,2025,별도재무제표,25620442016.0,29636481104.0,885921750.0,-1069721190.0,매출액,영업이익(손실),제 21 기,제 20 기
00531829,엠아이텍,179290,2023,별도재무제표,46387389200.0,56220138285.0,14066004271.0,22286193685.0,매출액,영업이익,제 33 기,제 32 기
00531829,엠아이텍,179290,2024,별도재무제표,53753172637.0,46387389200.0,17576351038.0,14066004271.0,매출액,영업이익,제 34 기,제 33 기
00531829,엠아이텍,179290,2025,연결재무제표,67151796290.0,53753172637.0,20674090246.0,17576351038.0,매출액,영업이익,제 35 기,제 34 기
01519790,엠앤씨솔루션,484870,2024,별도재무제표,282796626108.0,183449862293.0,34824919168.0,20656059764.0,수익(매출액),영업이익(손실),제 5 기,제 4 기
01519790,엠앤씨솔루션,484870,2025,별도재무제표,403348735243.0,282796626108.0,56064984646.0,34824919168.0,매출액,영업이익(손실),제 6 기,제 5 기
00121154,엠에스씨,009780,2023,연결재무제표,189048296801.0,204298999216.0,23703127840.0,24682798489.0,수익(매출액),영업이익(손실),제 50 기,제 49 기
00121154,엠에스씨,009780,2024,연결재무제표,189756857111.0,189048296801.0,27518337355.0,23703127840.0,수익(매출액),영업이익(손실),제 51 기,제 50 기
00121154,엠에스씨,009780,2025,연결재무제표,197662693140.0,189756857111.0,29653839673.0,27518337355.0,매출액,영업이익,제 52 기,제 51 기
00259545,엠에스오토텍,123040,2023,연결재무제표,2081763599500.0,1857606402358.0,174843700115.0,139119111947.0,수익(매출액),영업이익(손실),제 34 기,제 33 기
00259545,엠에스오토텍,123040,2024,연결재무제표,1777518816112.0,2081763599500.0,96301047824.0,174843700115.0,수익(매출액),영업이익(손실),제 35 기,제 34 기
00259545,엠에스오토텍,123040,2025,연결재무제표,1740551641926.0,1777518816112.0,31282863328.0,96301047824.0,매출액,영업이익,제 36 기,제 35 기
01217795,엠에프씨,432980,2024,별도재무제표,20604400363.0,17309437304.0,1459606613.0,719350317.0,매출액,영업이익(손실),제 17 기,제 16 기
01217795,엠에프씨,432980,2025,별도재무제표,20799543231.0,20604400363.0,296703541.0,1459606613.0,매출액,영업이익(손실),제 18 기,제 17 기
00137915,엠엑스로보틱스,007820,2023,연결재무제표,173774167026.0,115015460133.0,-18809878235.0,2009033348.0,매출액,영업이익(손실),제 52 기,제 51 기
00137915,엠엑스로보틱스,007820,2024,연결재무제표,163228400060.0,173774167026.0,7056273197.0,-18809878235.0,매출액,영업이익(손실),제 53 기,제 52 기
00137915,엠엑스로보틱스,007820,2025,연결재무제표,149093596003.0,163228400060.0,-7950719981.0,7056273197.0,매출액,영업이익(손실),제 54 기,제 53 기
00670766,엠엑스온,347890,2023,별도재무제표,33020955073.0,41682637759.0,5611354850.0,11661086028.0,매출액,영업이익(손실),제 25 기,제 24 기
00670766,엠엑스온,347890,2024,별도재무제표,36793434766.0,33020955073.0,5639583621.0,5611354850.0,매출액,영업이익(손실),제 26 기,제 25 기
00670766,엠엑스온,347890,2025,연결재무제표,62254825120.0,36793434766.0,-5826030134.0,5639583621.0,매출액,영업이익(손실),제 27 기,제 26 기
01563922,엠오티,413390,2024,연결재무제표,84857102424.0,73729713909.0,6498817068.0,4304127334.0,수익(매출액),영업이익(손실),제 6 기,제 5 기
01563922,엠오티,413390,2025,연결재무제표,75453871276.0,84857102424.0,4409253600.0,6498817068.0,수익(매출액),영업이익(손실),제 7 기,제 6 기
00110884,엠젠솔루션,032790,2023,연결재무제표,90534369618.0,109791176701.0,-6309133102.0,2912963494.0,매출액,영업이익(손실),제 51 기,제 50 기
00110884,엠젠솔루션,032790,2024,연결재무제표,42669219445.0,20695565944.0,-3981821115.0,-4886323753.0,수익(매출액),영업이익(손실),제 52 기,제 51 기
00110884,엠젠솔루션,032790,2025,연결재무제표,28591100187.0,34469658165.0,-10274069702.0,-5251271508.0,매출액,영업이익(손실),제 53 기,제 52 기
00121686,엠케이전자,033160,2023,연결재무제표,1116974657530.0,1023209675666.0,46451135024.0,80280886914.0,수익(매출액),영업이익(손실),제 42 기,제 41 기
00121686,엠케이전자,033160,2024,연결재무제표,1170600325569.0,1116974657530.0,56076089596.0,46451135024.0,수익(매출액),영업이익(손실),제 43 기,제 42 기
00121686,엠케이전자,033160,2025,연결재무제표,1403822824376.0,1170600325569.0,14186439762.0,56076089596.0,매출,영업이익,제 44 기,제 43 기
00143226,엠투엔,033310,2023,연결재무제표,76995441504.0,28450754786.0,3209549957.0,-4844418207.0,매출액,영업이익(손실),제 58 기,제 57 기
00143226,엠투엔,033310,2024,연결재무제표,91210150195.0,76995441504.0,3743595073.0,3209549957.0,매출액,영업이익(손실),제 59 기,제 58 기
00143226,엠투엔,033310,2025,연결재무제표,86549524568.0,91210150195.0,2768344830.0,3743595073.0,매출액,영업이익(손실),제 60 기,제 59 기
00833064,엠플러스,259630,2023,연결재무제표,340051608007.0,116611603644.0,23880060108.0,-9856864630.0,매출액,영업이익(손실),제 21 기,제 20 기
00833064,엠플러스,259630,2024,연결재무제표,128744388506.0,340051608007.0,10091396762.0,23880060108.0,매출액,영업이익(손실),제 22 기,제 21 기
00833064,엠플러스,259630,2025,연결재무제표,184211329846.0,128744388506.0,24565260931.0,10091396762.0,매출액,영업이익(손실),제 23 기,제 22 기
00302078,엠피씨플러스,050540,2023,연결재무제표,49119157121.0,56476959687.0,-4131160868.0,-1138024574.0,매출액(매출액),영업이익(손실),제 33 기,제 32 기
00302078,엠피씨플러스,050540,2024,연결재무제표,45603130581.0,49119157121.0,41098339.0,-4131160868.0,매출액(매출액),영업이익(손실),제 34 기,제 33 기
00302078,엠피씨플러스,050540,2025,연결재무제표,43383141984.0,45603130581.0,-1013202707.0,41098339.0,매출액,영업이익(손실),제 35 기,제 34 기
00766106,엣지파운드리,105550,2023,연결재무제표,37040201905.0,36001329061.0,-4835961140.0,-2047021565.0,수익(매출액),영업이익(손실),제 18 기,제 17 기
00766106,엣지파운드리,105550,2024,연결재무제표,37297599228.0,37040201905.0,-5071599504.0,-4835961140.0,수익(매출액),영업이익(손실),제 19 기,제 18 기
00766106,엣지파운드리,105550,2025,연결재무제표,36390814582.0,37297599228.0,-15540147816.0,-5071599504.0,수익(매출액),영업이익(손실),제 20 기,제 19 기
00532129,영림원소프트랩,060850,2023,연결재무제표,55510670316.0,57528932353.0,2890955672.0,6412757370.0,매출액,영업이익(손실),제 31 기,제 30 기
00532129,영림원소프트랩,060850,2024,연결재무제표,62553419730.0,55510670316.0,2221478070.0,2890955672.0,매출액,영업이익(손실),제 32 기,제 31 기
00532129,영림원소프트랩,060850,2025,연결재무제표,79883113261.0,62553419730.0,4219231934.0,2221478070.0,매출액,영업이익(손실),제 33 기,제 32 기
00140779,영보화학,014440,2023,연결재무제표,90279029906.0,82988929798.0,6950540599.0,4973486413.0,수익(매출액),영업이익(손실),제 45 기,제 44 기
00140779,영보화학,014440,2024,연결재무제표,117566592036.0,90279029906.0,19402482507.0,6950540599.0,수익(매출액),영업이익(손실),제 46 기,제 45 기
00140779,영보화학,014440,2025,연결재무제표,120111147525.0,117566592036.0,19288709898.0,19402482507.0,수익(매출액),영업이익(손실),제 47 기,제 46 기
00569646,영우디에스피,143540,2023,연결재무제표,47814660587.0,49532401438.0,-11093300758.0,-16372791501.0,매출액,영업이익(손실),제 20 기,제 19 기
00569646,영우디에스피,143540,2024,연결재무제표,59066008257.0,47814660587.0,-4973701551.0,-11093300758.0,매출액,영업이익(손실),제 21 기,제 20 기
00569646,영우디에스피,143540,2025,연결재무제표,80504197379.0,59066008257.0,5907340652.0,-4973701551.0,매출액,영업이익(손실),제 22 기,제 21 기
00776820,영원무역,111770,2023,연결재무제표,3604377025404.0,3910960903824.0,637146368834.0,823027257046.0,매출,영업이익,제 15 기,제 14 기
00776820,영원무역,111770,2024,연결재무제표,3517837283293.0,3604377025404.0,315580583310.0,637146368834.0,매출액,영업이익,제 16 기,제 15 기
00776820,영원무역,111770,2025,연결재무제표,4063584122639.0,3517837283293.0,514438778298.0,315580583310.0,매출,영업이익,제 17 기,제 16 기
00140964,영원무역홀딩스,009970,2023,연결재무제표,4355478262337.0,4533879205529.0,872582133502.0,1002198707249.0,매출,영업이익,제 50 기,제 49 기
00140964,영원무역홀딩스,009970,2024,연결재무제표,4306038171138.0,4355478262337.0,517045450910.0,872582133502.0,매출액,영업이익,제 51 기,제 50 기
00140964,영원무역홀딩스,009970,2025,연결재무제표,4895010142962.0,4306038171138.0,735474578287.0,517045450910.0,매출,영업이익,제 52 기,제 51 기
00141149,영진약품,003520,2023,별도재무제표,234902460182.0,218380987421.0,3117394410.0,-7363158868.0,매출,영업이익(손실),제 62 기,제 61 기
00141149,영진약품,003520,2024,별도재무제표,252040228764.0,234902460182.0,8721997142.0,3117394410.0,매출,영업이익(손실),제 63 기,제 62 기
00141149,영진약품,003520,2025,별도재무제표,254255894053.0,252040228764.0,3415589622.0,8721997142.0,수익(매출액),영업이익(손실),제 64 기,제 63 기
00141307,영풍,000670,2023,연결재무제표,3761732632263.0,4429488166601.0,-169812608768.0,68871997441.0,매출액,영업이익(손실),제 73 기,제 72 기
00141307,영풍,000670,2024,연결재무제표,2787414358375.0,3761732632263.0,-160701935806.0,-169812608768.0,매출액,영업이익(손실),제 74 기,제 73 기
00141307,영풍,000670,2025,연결재무제표,2908974321148.0,2787414358375.0,-259688708486.0,-160701935806.0,매출액,영업이익(손실),제 75 기,제 74 기
00141413,영화금속,012280,2023,별도재무제표,292311699831.0,284850842623.0,9395601425.0,-1121315071.0,매출액,영업이익,제 47 기,제 46 기
00141413,영화금속,012280,2024,별도재무제표,301699111405.0,292311699831.0,9880071656.0,9395601425.0,매출액,영업이익,제 48 기,제 47 기
00141413,영화금속,012280,2025,별도재무제표,351423851427.0,301699111405.0,15225526956.0,9880071656.0,매출액,영업이익,제 49 기,제 48 기
00659976,영화테크,265560,2023,연결재무제표,64920252518.0,47944605467.0,5013561602.0,1905675069.0,매출액,영업이익,제 24 기,제 23 기
00659976,영화테크,265560,2024,연결재무제표,94827257434.0,64920252518.0,15387822768.0,5013561602.0,매출액,영업이익,제 25 기,제 24 기
00659976,영화테크,265560,2025,연결재무제표,108613630588.0,94827257434.0,18042145824.0,15387822768.0,매출액,영업이익,제 26 기,제 25 기
00141477,영흥,012160,2023,연결재무제표,500010556155.0,527368738331.0,1252474881.0,4226983642.0,매출액,영업이익(손실),제 47 기,제 46 기
00141477,영흥,012160,2024,연결재무제표,480348334559.0,497499818426.0,3072645371.0,1168473876.0,매출액,영업이익(손실),제 48 기,제 47 기
00141477,영흥,012160,2025,연결재무제표,433484558559.0,480348334559.0,-13168601986.0,3072645371.0,매출액,영업이익(손실),제 49 기,제 48 기
00259934,예림당,036000,2023,연결재무제표,20547570037.0,26372507705.0,-2748546902.0,291404552.0,매출액,영업이익(손실),제 35 기,제 34 기
00259934,예림당,036000,2024,연결재무제표,17006087064.0,20547570037.0,-4899033005.0,-2748546902.0,매출액,영업이익(손실),제 36 기,제 35 기
00259934,예림당,036000,2025,별도재무제표,10258304518.0,11805914064.0,-1420156697.0,361237050.0,매출액,영업이익(손실),제 37 기,제 36 기
01166109,예선테크,250930,2023,연결재무제표,44115964461.0,53167628119.0,-8799246731.0,-8014902290.0,매출액,영업이익(손실),제 8 기,제 7 기
01166109,예선테크,250930,2024,연결재무제표,43613399679.0,44115964461.0,-3239922015.0,-8799246731.0,매출액,영업이익(손실),제 9 기,제 8 기
01166109,예선테크,250930,2025,연결재무제표,37875754485.0,43613399679.0,-813445364.0,-3239922015.0,매출액,영업이익(손실),제 10 기,제 9 기
00362858,예스24,053280,2023,연결재무제표,657843989388.0,663771316495.0,5847355950.0,15710131972.0,수익(매출액),영업이익(손실),제 25 기,제 24 기
00362858,예스24,053280,2024,연결재무제표,671142964555.0,657116323157.0,16277578701.0,7216836033.0,수익(매출액),영업이익(손실),제 26 기,제 25 기
00362858,예스24,053280,2025,연결재무제표,626469569759.0,671142964555.0,2935557140.0,16277578701.0,수익(매출액),영업이익(손실),제 27 기,제 26 기
00530556,예스티,122640,2023,연결재무제표,79808251218.0,75993760726.0,-411044492.0,-16881819932.0,매출액,영업이익(손실),제 24 기,제 23 기
00530556,예스티,122640,2024,연결재무제표,100095115191.0,79808251218.0,11262295552.0,-411044492.0,매출액,영업이익(손실),제 25 기,제 24 기
00530556,예스티,122640,2025,연결재무제표,87055847267.0,100095115191.0,3792979984.0,11262295552.0,매출액,영업이익(손실),제 26 기,제 25 기
01626391,오가노이드사이언스,476040,2025,연결재무제표,2406581881.0,1953269926.0,-16200194886.0,-12234968461.0,영업수익,영업이익(손실),제 8 기,제 7 기
01169434,오가닉티코스메틱,900300,2023,연결재무제표,965440088.0,1177133763.0,-402150318.0,-333344351.0,수익(매출액),영업이익(손실),제 11 기,제 10 기
01169434,오가닉티코스메틱,900300,2024,연결재무제표,870730681.0,965440088.0,-340461210.0,-402150318.0,수익(매출액),영업이익(손실),제 12 기,제 11 기
01169434,오가닉티코스메틱,900300,2025,연결재무제표,926741227.0,870730681.0,-310836113.0,-340461210.0,수익(매출액),영업이익(손실),제 13 기,제 12 기
00220969,오공,045060,2023,연결재무제표,158428134529.0,170423569561.0,10179683278.0,8607685081.0,매출액,영업이익,제 50 기,제 49 기
00220969,오공,045060,2024,연결재무제표,163010096967.0,158428134529.0,8641421649.0,10179683278.0,매출액,영업이익,제 51 기,제 50 기
00220969,오공,045060,2025,연결재무제표,160071597465.0,163010096967.0,5621625226.0,8641421649.0,매출액,영업이익,제 52 기,제 51 기
00623184,오늘이엔엠,192410,2023,연결재무제표,17449952618.0,21100099144.0,-8487404646.0,-16038534895.0,수익(매출액),영업이익(손실),제 27 기,제 26 기
00623184,오늘이엔엠,192410,2024,연결재무제표,13020313027.0,17449952618.0,-6492169032.0,-8487404646.0,수익(매출액),영업이익(손실),제 28 기,제 27 기
00623184,오늘이엔엠,192410,2025,연결재무제표,16693992539.0,13020313027.0,-1847887145.0,-6492169032.0,수익(매출액),영업이익(손실),제 29 기,제 28 기
00529815,오디텍,080520,2023,연결재무제표,34964165951.0,40389289878.0,-4252771289.0,-3371639793.0,매출액,영업이익,제 24 기,제 23 기
00529815,오디텍,080520,2024,연결재무제표,37001931925.0,34964165951.0,-6361445277.0,-4252771289.0,매출액,영업이익,제 25 기,제 24 기
00529815,오디텍,080520,2025,연결재무제표,37959545863.0,37001931925.0,-2276892782.0,-6361445277.0,매출액,영업이익,제 26 기,제 25 기
00141529,오뚜기,007310,2023,연결재무제표,3454548477401.0,3183314853660.0,254893843560.0,185656436842.0,수익(매출액),영업이익(손실),제 53 기,제 52 기
00141529,오뚜기,007310,2024,연결재무제표,3539120882890.0,3454548477401.0,222014509063.0,254893843560.0,매출,영업이익,제 54 기,제 53 기
00141529,오뚜기,007310,2025,연결재무제표,3674545422005.0,3539120882890.0,177251297728.0,222014509063.0,매출,영업이익,제 55 기,제 54 기
00141556,오로라,039830,2023,연결재무제표,232555065538.0,231694259743.0,28430933871.0,18349623439.0,수익(매출액),영업이익(손실),제 39 기,제 38 기
00141556,오로라,039830,2024,연결재무제표,275696090137.0,232555065538.0,30971652389.0,28430933871.0,수익(매출액),영업이익(손실),제 40 기,제 39 기
00141556,오로라,039830,2025,연결재무제표,328079971298.0,275696090137.0,44479974147.0,30971652389.0,매출액,영업이익,제 41 기,제 40 기
01016479,오로스테크놀로지,322310,2023,연결재무제표,45529498555.0,35398202864.0,2369674252.0,-3292067759.0,수익(매출액),영업이익(손실),제 21 기,제 20 기
01016479,오로스테크놀로지,322310,2024,연결재무제표,61412173565.0,45529498555.0,6083234932.0,2369674252.0,수익(매출액),영업이익(손실),제 22 기,제 21 기
01016479,오로스테크놀로지,322310,2025,연결재무제표,52136517687.0,61412173565.0,-8371350347.0,6083234932.0,수익(매출액),영업이익(손실),제 23 기,제 22 기
00297989,오르비텍,046120,2023,연결재무제표,64010931712.0,59220236561.0,-4331619364.0,-11752392101.0,매출액,영업이익(손실),제 33 기,제 32 기
00297989,오르비텍,046120,2024,연결재무제표,66520734108.0,64010931712.0,688951570.0,-4331619364.0,매출액,영업이익(손실),제 34 기,제 33 기
00297989,오르비텍,046120,2025,연결재무제표,57908501388.0,66520734108.0,-14011522685.0,688951570.0,매출액,영업이익(손실),제 35 기,제 34 기
01658831,오름테라퓨틱,475830,2024,연결재무제표,20905620577.0,135417607412.0,-8335353372.0,95606700347.0,영업수익,영업이익(손실),제 9 기,제 8 기
01658831,오름테라퓨틱,475830,2025,연결재무제표,23564233.0,20905620577.0,-51759177005.0,-8335353372.0,영업수익,영업이익(손실),제 10 기,제 9 기
00141608,오리엔탈정공,014940,2023,연결재무제표,157532717479.0,131568018289.0,12763401545.0,9180181375.0,수익(매출액),영업이익(손실),제 44 기,제 43 기
00141608,오리엔탈정공,014940,2024,연결재무제표,207305296706.0,157532717479.0,24867578285.0,12763401545.0,수익(매출액),영업이익(손실),제 45 기,제 44 기
00141608,오리엔탈정공,014940,2025,연결재무제표,207255774213.0,207305296706.0,24278429322.0,24867578285.0,수익(매출액),영업이익(손실),제 46 기,제 45 기
00141626,오리엔트바이오,002630,2023,별도재무제표,28819028142.0,26276462476.0,1452807025.0,-3780753830.0,매출액,영업이익(손실),제 66 기,제 65 기
00141626,오리엔트바이오,002630,2024,별도재무제표,28005127326.0,28819028142.0,-645945767.0,1452807025.0,매출액,영업이익(손실),제 67 기,제 66 기
00141626,오리엔트바이오,002630,2025,별도재무제표,29397883042.0,28005127326.0,-3076404782.0,-645945767.0,매출액,영업이익(손실),제 68 기,제 67 기
00300405,오리엔트정공,065500,2023,연결재무제표,162809370321.0,111979485019.0,1976608644.0,355706593.0,매출액,영업이익(손실),제 37 기,제 36 기
00300405,오리엔트정공,065500,2024,연결재무제표,173404473713.0,162809370321.0,1221458629.0,1976608644.0,매출액,영업이익(손실),제 38 기,제 37 기
00300405,오리엔트정공,065500,2025,연결재무제표,157135799037.0,173404473713.0,912420409.0,1221458629.0,매출액,영업이익(손실),제 39 기,제 38 기
01238169,오리온,271560,2023,연결재무제표,2912358051475.0,2873246771346.0,492391149504.0,466654503027.0,매출액,영업이익,제 7 기,제 6 기
01238169,오리온,271560,2024,연결재무제표,3104338576129.0,2912358051475.0,543587778241.0,492391149504.0,수익(매출액),영업이익(손실),제 8 기,제 7 기
01238169,오리온,271560,2025,연결재무제표,3332442536373.0,3104338576129.0,558258027192.0,543587778241.0,수익(매출액),영업이익(손실),제 9 기,제 8 기
00117577,오리온홀딩스,001800,2023,연결재무제표,2953806265859.0,2934623360638.0,405463095002.0,399824809538.0,영업수익(매출액),영업이익(손실),제 68 기,제 67 기
00117577,오리온홀딩스,001800,2024,연결재무제표,3195245858433.0,2953806265859.0,506240029274.0,405463095002.0,수익(매출액),영업이익(손실),제 69 기,제 68 기
00117577,오리온홀딩스,001800,2025,연결재무제표,3393126199452.0,3195245858433.0,487728621983.0,506240029274.0,수익(매출액),영업이익(손실),제 70 기,제 69 기
00141671,오리콤,010470,2023,연결재무제표,218556326262.0,190089490987.0,12169646947.0,14174513859.0,매출액,영업이익(손실),제 49 기,제 48 기
00141671,오리콤,010470,2024,연결재무제표,214862595221.0,218556326262.0,12000246476.0,12169646947.0,매출액,영업이익(손실),제 50 기,제 49 기
00141671,오리콤,010470,2025,연결재무제표,227707531798.0,214862595221.0,8920342751.0,12000246476.0,매출액,영업이익(손실),제 51 기,제 50 기
01472930,오브젠,417860,2023,별도재무제표,16986316908.0,25933381124.0,-5830265264.0,-2045438028.0,영업수익,영업손실,제 24 기,제 23 기
01472930,오브젠,417860,2024,별도재무제표,15201656072.0,16986316908.0,-4149694322.0,-5830265264.0,영업수익,영업손실,제 25 기,제 24 기
01472930,오브젠,417860,2025,연결재무제표,24017071711.0,15201656072.0,267873584.0,-4149694322.0,영업수익,영업손익,제 26 기,제 25 기
00494546,오비고,352910,2023,연결재무제표,15073316970.0,11004454445.0,-536638038.0,-2816572708.0,영업수익,영업이익(손실),제 21 기,제 20 기
00494546,오비고,352910,2024,연결재무제표,14420899025.0,15073316970.0,-2694159066.0,-536638038.0,영업수익,영업이익(손실),제 22 기,제 21 기
00494546,오비고,352910,2025,연결재무제표,33534744897.0,14420899025.0,-3724419135.0,-2694159066.0,영업수익,영업이익(손실),제 23 기,제 22 기
00226547,오상자이엘,053980,2023,연결재무제표,103285811808.0,95845829750.0,6343563755.0,3670865696.0,수익(매출액),영업이익(손실),제 31 기,제 30 기
00226547,오상자이엘,053980,2024,연결재무제표,116919394819.0,103285811808.0,7970359555.0,6343563755.0,수익(매출액),영업이익(손실),제 32 기,제 31 기
00226547,오상자이엘,053980,2025,연결재무제표,136351809586.0,116919394819.0,11001351015.0,7970359555.0,수익(매출액),영업이익(손실),제 33 기,제 32 기
00260657,오상헬스케어,036220,2023,연결재무제표,355846882565.0,193893072828.0,142827493353.0,49300174288.0,수익(매출액),영업이익(손실),제 28 기,제 27 기
00260657,오상헬스케어,036220,2024,연결재무제표,80488364604.0,355846882565.0,-24784976694.0,142827493353.0,수익(매출액),영업이익(손실),제 29 기,제 28 기
00260657,오상헬스케어,036220,2025,연결재무제표,128628728661.0,80488364604.0,2426328739.0,-24784976694.0,매출액,영업이익(손실),제 30 기,제 29 기
00350048,오성첨단소재,052420,2023,연결재무제표,104942717935.0,117107874693.0,12725755629.0,12933407246.0,매출액,영업이익,제 30 기,제 29 기
00350048,오성첨단소재,052420,2024,연결재무제표,146409322250.0,104942717935.0,22224969722.0,12725755629.0,매출액,영업이익,제 31 기,제 30 기
00350048,오성첨단소재,052420,2025,연결재무제표,165707403024.0,146409322250.0,30123323165.0,22224969722.0,매출액,영업이익,제 32 기,제 31 기
00349811,오션인더블유,052300,2023,연결재무제표,11863305356.0,13463832637.0,-683178514.0,-217585987.0,수익(매출액),영업이익(손실),제 29 기,제 28 기
00349811,오션인더블유,052300,2024,연결재무제표,6801851338.0,11863305356.0,-3267149530.0,-683178514.0,수익(매출액),영업이익(손실),제 30 기,제 29 기
00349811,오션인더블유,052300,2025,연결재무제표,7570133241.0,6801851338.0,-2451693305.0,-3267149530.0,매출액,영업이익(손실),제 31 기,제 30 기
00263654,오스코텍,039200,2023,연결재무제표,4950929999.0,5062376493.0,-32655289595.0,-28638371344.0,수익(매출액),영업이익(손실),제 26 기,제 25 기
00263654,오스코텍,039200,2024,연결재무제표,34007602680.0,4950929999.0,-2733857885.0,-32655289595.0,수익(매출액),영업이익(손실),제 27 기,제 26 기
00263654,오스코텍,039200,2025,연결재무제표,99838669222.0,34007602680.0,52081332705.0,-2733857885.0,수익(매출액),영업이익(손실),제 28 기,제 27 기
01082348,오스테오닉,226400,2023,연결재무제표,27798503886.0,19838547123.0,4842541601.0,2526176814.0,매출액,영업이익(손실),제 12 기,제 11 기
01082348,오스테오닉,226400,2024,연결재무제표,34234509043.0,27798503886.0,6885710035.0,4842541601.0,매출액,영업이익(손실),제 13 기,제 12 기
01082348,오스테오닉,226400,2025,연결재무제표,45393099435.0,34234509043.0,8863962789.0,6885710035.0,매출액,영업이익(손실),제 14 기,제 13 기
00175173,오스템,031510,2023,연결재무제표,141975544188.0,110892575490.0,9903944411.0,-4658942088.0,수익(매출액),영업이익(손실),제 34 기,제 33 기
00175173,오스템,031510,2024,연결재무제표,127865182887.0,141975544188.0,434747154.0,9903944411.0,수익(매출액),영업이익(손실),제 35 기,제 34 기
00175173,오스템,031510,2025,연결재무제표,128548602017.0,127865182887.0,4148090517.0,434747154.0,수익(매출액),영업이익(손실),제 36 기,제 35 기
00341916,오스템임플란트,048260,2023,연결재무제표,1208284611653.0,1053472241641.0,242831271092.0,234569311795.0,매출액,영업이익(손실),제 27 기,제 26 기
00341916,오스템임플란트,048260,2024,연결재무제표,1315548597918.0,1208284611653.0,161778889717.0,242831271092.0,매출액,영업이익(손실),제 28 기,제 27 기
00341916,오스템임플란트,048260,2025,연결재무제표,1332709719385.0,1315548597918.0,80058383601.0,159836296972.0,매출액,영업이익,제 29 기,제 28 기
01428948,오아,342870,2025,연결재무제표,103261149773.0,96899614535.0,8169760168.0,9463700558.0,매출액,영업이익(손실),제 12 기,제 11 기
01491607,오에스피,368970,2023,연결재무제표,35169415925.0,16800325318.0,2043258903.0,1093401408.0,매출액,영업이익(손실),제 20 기,제 19 기
01491607,오에스피,368970,2024,연결재무제표,30309336262.0,35169415925.0,-58743717.0,2043258903.0,매출액,영업이익(손실),제 21 기,제 20 기
01491607,오에스피,368970,2025,연결재무제표,25387451457.0,30309336262.0,-1275994252.0,-58743717.0,매출액,영업이익(손실),제 22 기,제 21 기
00571483,오이솔루션,138080,2023,연결재무제표,46002760622.0,76953984689.0,-31080650276.0,-8705147021.0,수익(매출액),영업이익,제 21 기,제 20 기
00571483,오이솔루션,138080,2024,연결재무제표,32026596164.0,46002760622.0,-30358233797.0,-31080650276.0,수익(매출액),영업이익,제 22 기,제 21 기
00571483,오이솔루션,138080,2025,연결재무제표,57377286181.0,32026596164.0,-15998970339.0,-30358233797.0,수익(매출액),영업이익(손실),제 23 기,제 22 기
00543107,오킨스전자,080580,2023,연결재무제표,56850074934.0,64176500340.0,374277956.0,2609217138.0,매출액,영업이익(손실),제 26 기,제 25 기
00543107,오킨스전자,080580,2024,연결재무제표,66679677491.0,56850074934.0,1904476100.0,-262688557.0,매출액,영업이익(손실),제 27 기,제 26 기
00543107,오킨스전자,080580,2025,연결재무제표,94373992165.0,66679677491.0,11086424250.0,1904476100.0,매출액,영업이익(손실),제 28 기,제 27 기
00397289,오텍,067170,2023,연결재무제표,959746785770.0,1019469837238.0,-9765027665.0,-19061314378.0,매출액,영업이익,제 33 기,제 32 기
00397289,오텍,067170,2024,연결재무제표,909232399803.0,959746785770.0,-14876996743.0,-9765027665.0,매출액,영업이익,제 34 기,제 33 기
00397289,오텍,067170,2025,연결재무제표,852138652064.0,909232399803.0,-2263272785.0,-14876996743.0,수익(매출액),영업이익(손실),제 35 기,제 34 기
01084294,오토앤,353590,2023,연결재무제표,60355291297.0,47843108270.0,-2802719329.0,-3811304107.0,매출,영업이익(손실),제 12 기,제 11 기
01084294,오토앤,353590,2024,연결재무제표,57230837930.0,60355291297.0,-3302832794.0,-2802719329.0,I. 매출,IV. 영업이익(손실),제 13 기,제 12 기
01084294,오토앤,353590,2025,연결재무제표,59111769968.0,57230837930.0,752107883.0,-3302832794.0,I. 매출,V. 영업이익(손실),제 14 기,제 13 기
00867849,오파스넷,173130,2023,연결재무제표,224980562132.0,170585406981.0,13950555536.0,8523778870.0,매출액,영업이익,제 20 기,제 19 기
00867849,오파스넷,173130,2024,연결재무제표,192885362327.0,224980562132.0,10651501416.0,13950555536.0,매출액,영업이익(손실),제 21 기,제 20 기
00867849,오파스넷,173130,2025,연결재무제표,233294461420.0,192885362327.0,14044634082.0,10651501416.0,매출액,영업이익(손실),제 22 기,제 21 기
01585155,오픈놀,440320,2023,연결재무제표,25136431846.0,16267964769.0,1347065447.0,685179971.0,영업수익,영업이익(손실),제 12 기,제 11 기
01585155,오픈놀,440320,2024,연결재무제표,50773005880.0,25136431846.0,101353441.0,1347065447.0,매출액,영업이익(손실),제 13 기,제 12 기
01585155,오픈놀,440320,2025,연결재무제표,88269276682.0,50773005880.0,-2764178841.0,101353441.0,매출액,영업이익(손실),제 14 기,제 13 기
00335076,오픈베이스,049480,2023,연결재무제표,204046578956.0,193094510460.0,6605459348.0,7980311392.0,수익(매출액),영업이익(손실),제 32 기,제 31 기
00335076,오픈베이스,049480,2024,연결재무제표,226290328234.0,204046578956.0,6662223972.0,6605459348.0,수익(매출액),영업이익(손실),제 33 기,제 32 기
00335076,오픈베이스,049480,2025,연결재무제표,233127039094.0,226290328234.0,7921212000.0,6662223972.0,수익(매출액),영업이익(손실),제 34 기,제 33 기
01571107,오픈엣지테크놀로지,394280,2023,연결재무제표,19594562678.0,10011687568.0,-15863858723.0,-25261358390.0,영업수익,영업이익(손실),제 7 기,제 6 기
01571107,오픈엣지테크놀로지,394280,2024,연결재무제표,15328473450.0,19594562678.0,-24612257562.0,-15863858723.0,영업수익,영업이익(손실),제 8 기,제 7 기
01571107,오픈엣지테크놀로지,394280,2025,연결재무제표,16058809323.0,15328473450.0,-28907297350.0,-24612257562.0,영업수익,영업이익(손실),제 9 기,제 8 기
01632912,온코닉테라퓨틱스,476060,2024,별도재무제표,14838322428.0,21056033490.0,-4797790778.0,2230939387.0,영업수익,영업이익(손실),제 5 기,제 4 기
01632912,온코닉테라퓨틱스,476060,2025,별도재무제표,53391845897.0,14838322428.0,12619100519.0,-4797790778.0,영업수익,영업이익(손실),제 6 기,제 5 기
01423916,온코크로스,382150,2023,연결재무제표,91524496.0,150245454.0,-6810005586.0,-9999289571.0,수익(매출액),영업이익(손실),제 9 기,제 8 기
01423916,온코크로스,382150,2024,연결재무제표,1072199504.0,91524496.0,-6964796050.0,-6810005586.0,수익(매출액),영업이익(손실),제 10 기,제 9 기
01423916,온코크로스,382150,2025,연결재무제표,370460589.0,1072199504.0,-8828143742.0,-6964796050.0,영업수익,영업이익(손실),제 11 기,제 10 기
00168331,온타이드,005320,2023,연결재무제표,224438686442.0,329876667193.0,-3581191913.0,17033935517.0,매출액,영업이익(손실),제 57 기,제 56 기
00168331,온타이드,005320,2024,연결재무제표,265915113091.0,224438686442.0,-4346365196.0,-3581191913.0,매출액,영업이익(손실),제 58 기,제 57 기
00168331,온타이드,005320,2025,연결재무제표,231493980175.0,265915113091.0,-1856204617.0,-4346365196.0,매출액,영업이익(손실),제 59 기,제 58 기
01070149,올리패스,244460,2023,별도재무제표,5289606360.0,369374999.0,-13706542935.0,-21933793851.0,수익(매출액),영업이익(손실),제 18 기,제 17 기
01070149,올리패스,244460,2024,별도재무제표,756033925.0,5682306880.0,-10119335666.0,-13514095196.0,수익(매출액),영업이익(손실),제 19 기,제 18 기
01070149,올리패스,244460,2025,별도재무제표,816018331.0,756033925.0,-7390044360.0,-10119335666.0,수익(매출액),영업이익(손실),제 20 기,제 19 기
01113718,올릭스,226950,2023,연결재무제표,17064275446.0,9320323645.0,-18185342175.0,-22375609579.0,영업수익,영업이익(손실),제 14 기,제 13 기
01113718,올릭스,226950,2024,연결재무제표,5677151911.0,17064275446.0,-30918594163.0,-18185342175.0,영업수익,영업이익(손실),제 15 기,제 14 기
01113718,올릭스,226950,2025,연결재무제표,14666854279.0,5677151911.0,-29972430134.0,-30918594163.0,영업수익,영업이익(손실),제 16 기,제 15 기
00265005,옴니시스템,057540,2023,연결재무제표,91429089280.0,98047986004.0,305260364.0,1862430081.0,수익(매출액),영업이익(손실),제 27 기,제 26 기
00265005,옴니시스템,057540,2024,연결재무제표,109089220616.0,91429089280.0,5953983907.0,305260364.0,수익(매출액),영업이익(손실),제 28 기,제 27 기
00265005,옴니시스템,057540,2025,연결재무제표,99068053730.0,109089220616.0,1017421978.0,5953983907.0,수익(매출액),영업이익(손실),제 29 기,제 28 기
00831428,옵투스제약,131030,2023,별도재무제표,72426447150.0,58657537976.0,8186594736.0,5258041794.0,수익(매출액),영업이익(손실),제 14 기,제 13 기
00831428,옵투스제약,131030,2024,별도재무제표,81904833952.0,72426447150.0,8587803350.0,8186594736.0,수익(매출액),영업이익(손실),제 15 기,제 14 기
00831428,옵투스제약,131030,2025,별도재무제표,87161378628.0,81904833952.0,8875109028.0,8587803350.0,수익(매출액),영업이익(손실),제 16 기,제 15 기
00327396,옵트론텍,082210,2023,연결재무제표,232096085057.0,198227684661.0,14995293004.0,-49472326092.0,매출액,영업이익(손실),제 25 기,제 24 기
00327396,옵트론텍,082210,2024,연결재무제표,217958467760.0,232998725724.0,-4446631400.0,10080731496.0,매출액,영업이익(손실),제 26 기,제 25 기
00327396,옵트론텍,082210,2025,연결재무제표,195737407796.0,217958467760.0,-3109868683.0,-4446631400.0,매출액,영업이익(손실),제 27 기,제 26 기
00660291,옵티시스,109080,2023,별도재무제표,21994615123.0,28704721599.0,831109475.0,7735860693.0,매출액,영업이익,제 25 기,제 24 기
00660291,옵티시스,109080,2024,별도재무제표,23757537224.0,21994615123.0,2705388303.0,831109475.0,매출액,영업이익,제 26 기,제 25 기
00660291,옵티시스,109080,2025,별도재무제표,25727162593.0,23757537224.0,4514146425.0,2705388303.0,매출액,영업이익(손실),제 27 기,제 26 기
01506990,옵티코어,380540,2023,연결재무제표,26332441090.0,24318584868.0,-4057284201.0,-2680099071.0,수익(매출액),영업이익(손실),제 8 기,제 7 기
01506990,옵티코어,380540,2024,연결재무제표,23301941369.0,26332441090.0,-6522964024.0,-4057284201.0,수익(매출액),영업이익(손실),제 9 기,제 8 기
01506990,옵티코어,380540,2025,연결재무제표,21511958068.0,23301941369.0,-5927180737.0,-6522964024.0,수익(매출액),영업이익(손실),제 10 기,제 9 기
00971726,옵티팜,153710,2023,별도재무제표,17372567556.0,16008196853.0,-2630945406.0,-2188283694.0,매출액,영업이익(손실),제 24 기,제 23 기
00971726,옵티팜,153710,2024,별도재무제표,19636227402.0,17372567556.0,-2451780486.0,-2630945406.0,매출액,영업이익(손실),제 25 기,제 24 기
00971726,옵티팜,153710,2025,별도재무제표,22344530941.0,19636227402.0,-2414037437.0,-2451780486.0,매출액,영업이익(손실),제 26 기,제 25 기
01406265,와이랩,432430,2023,연결재무제표,19417877182.0,29780532001.0,-5513759393.0,-435498328.0,매출액,영업이익(손실),제 14 기,제 13 기
01406265,와이랩,432430,2024,연결재무제표,24966419682.0,19417877182.0,-10038794764.0,-5513759393.0,매출액,영업이익(손실),제 15 기,제 14 기
01406265,와이랩,432430,2025,연결재무제표,37069228892.0,23979462480.0,-8738323305.0,-9506594816.0,매출액,영업이익(손실),제 16 기,제 15 기
01226234,와이바이오로직스,338840,2023,별도재무제표,3479080759.0,4150557898.0,-10142692527.0,-18830214970.0,매출액,영업손실,제 16 기,제 15 기
01226234,와이바이오로직스,338840,2024,별도재무제표,5762795738.0,3479080759.0,-8446978249.0,-10142692527.0,매출액,영업손실,제 17 기,제 16 기
01226234,와이바이오로직스,338840,2025,별도재무제표,2912981882.0,5762795738.0,-9269185096.0,-8446978249.0,매출액,영업손실,제 18 기,제 17 기
00759294,와이솔,122990,2023,연결재무제표,369736286348.0,345885430881.0,13484696786.0,-12970736720.0,수익(매출액),영업이익(손실),제 16 기,제 15 기
00759294,와이솔,122990,2024,연결재무제표,374991657215.0,369736286348.0,461169544.0,13484696786.0,수익(매출액),영업이익(손실),제 17 기,제 16 기
00759294,와이솔,122990,2025,연결재무제표,321239179749.0,374991657215.0,-36278731959.0,461169544.0,수익(매출액),영업이익(손실),제 18 기,제 17 기
01109539,와이씨,232140,2023,연결재무제표,255182306180.0,285267759686.0,8571578913.0,36409046432.0,매출액,영업이익,제 9 기,제 8 기
01109539,와이씨,232140,2024,연결재무제표,211241210832.0,255182306180.0,10599506307.0,8571578913.0,수익(매출액),영업이익,제 10 기,제 9 기
01109539,와이씨,232140,2025,연결재무제표,272629978227.0,211241210832.0,16989848287.0,10599506307.0,수익(매출액),영업이익(손실),제 11 기,제 10 기
00619507,와이씨켐,112290,2023,별도재무제표,62271679259.0,82350140227.0,-7826006885.0,5314562193.0,매출액,영업이익(손실),제 23 기,제 22 기
00619507,와이씨켐,112290,2024,별도재무제표,70302947467.0,62271679259.0,-8162169511.0,-7826006885.0,매출액,영업이익(손실),제 24 기,제 23 기
00619507,와이씨켐,112290,2025,별도재무제표,83088557517.0,70302947467.0,-1765531974.0,-8162169511.0,매출액,영업이익(손실),제 25 기,제 24 기
00495554,와이앤넥스트,090740,2023,연결재무제표,1587322165.0,10548253065.0,-3673617959.0,-3087270819.0,수익(매출액),영업이익(손실),제 21 기,제 20 기
00250137,와이어블,065530,2023,연결재무제표,72569201277.0,64283541128.0,2884007077.0,3404993661.0,수익(매출액),영업이익(손실),제 27 기,제 26 기
00250137,와이어블,065530,2024,연결재무제표,79443281962.0,72569201277.0,3825295756.0,2884007077.0,수익(매출액),영업이익(손실),제 28 기,제 27 기
00250137,와이어블,065530,2025,연결재무제표,75539040453.0,79443281962.0,5475687606.0,3825295756.0,수익(매출액),영업이익(손실),제 29 기,제 28 기
00190756,와이엔텍,067900,2023,연결재무제표,121396161273.0,123802551618.0,32121342170.0,33495881696.0,수익(매출액),영업이익(손실),제 34 기,제 33 기
00190756,와이엔텍,067900,2024,연결재무제표,113759569571.0,121396161273.0,30278256433.0,32121342170.0,수익(매출액),영업이익(손실),제 35 기,제 34 기
00190756,와이엔텍,067900,2025,연결재무제표,116995951433.0,113759569571.0,26072672057.0,30278256433.0,매출액,영업이익,제 36 기,제 35 기
00140858,와이엠,007530,2023,연결재무제표,166290447686.0,146324333264.0,4161939690.0,4634069020.0,매출액,영업이익,제 52 기,제 51 기
00140858,와이엠,007530,2024,연결재무제표,172201380432.0,166290447686.0,6107538725.0,4161939690.0,매출액,영업이익,제 53 기,제 52 기
00140858,와이엠,007530,2025,연결재무제표,177146007940.0,172201380432.0,3985939641.0,6107538725.0,매출액,영업이익,제 54 기,제 53 기
00870861,와이엠씨,155650,2023,연결재무제표,204633201126.0,235381355565.0,15769934518.0,23075646705.0,수익(매출액),영업이익(손실),제 16 기,제 15 기
00870861,와이엠씨,155650,2024,연결재무제표,167730074166.0,204633201126.0,6896735854.0,15769934518.0,수익(매출액),영업이익(손실),제 17 기,제 16 기
00870861,와이엠씨,155650,2025,연결재무제표,172777352555.0,167730074166.0,4574071584.0,6896735854.0,수익(매출액),영업이익(손실),제 18 기,제 17 기
01215618,와이엠텍,273640,2023,별도재무제표,34880929940.0,49293430011.0,5960659671.0,14888566445.0,매출,영업이익(손실),제 20 기,제 19 기
01215618,와이엠텍,273640,2024,별도재무제표,30912078450.0,34880929940.0,4315265949.0,5960659671.0,매출,영업이익(손실),제 21 기,제 20 기
01215618,와이엠텍,273640,2025,별도재무제표,29109108272.0,30912078450.0,1743145251.0,4315265949.0,매출,영업이익(손실),제 22 기,제 21 기
00602172,와이엠티,251370,2023,연결재무제표,127409975908.0,130567178008.0,-3169957958.0,3335010594.0,매출,영업이익,제 25 기,제 24 기
00602172,와이엠티,251370,2024,연결재무제표,137230743419.0,127409975908.0,3594293042.0,-3169957958.0,매출,영업이익,제 26 기,제 25 기
00602172,와이엠티,251370,2025,연결재무제표,144603566752.0,137230743419.0,12924655576.0,3594293042.0,수익(매출액),영업이익(손실),제 27 기,제 26 기
01023211,와이제이링크,209640,2024,연결재무제표,48533636570.0,48551207007.0,-1266842685.0,9159287098.0,수익(매출액),영업이익(손실),제 16 기,제 15 기
01023211,와이제이링크,209640,2025,연결재무제표,46072766900.0,48533636570.0,-3472858128.0,-1266842685.0,수익(매출액),영업이익(손실),제 17 기,제 16 기
00351427,와이즈넛,096250,2023,연결재무제표,35172218324.0,34466435911.0,3456887664.0,3046747475.0,매출,영업이익(손실),제 24 기,제 23 기
00351427,와이즈넛,096250,2024,연결재무제표,34920657325.0,35172218324.0,1702832524.0,3456887664.0,매출,영업이익(손실),제 25 기,제 24 기
00351427,와이즈넛,096250,2025,연결재무제표,34730241834.0,34920657325.0,113589771.0,1702832524.0,매출,영업이익(손실),제 26 기,제 25 기
01236532,와이즈버즈,273060,2023,연결재무제표,13858493766.0,15773791755.0,218773844.0,2566135736.0,영업수익,영업이익(손실),제 7 기,제 6 기
01236532,와이즈버즈,273060,2024,연결재무제표,30787809743.0,13858493766.0,2305243307.0,218773844.0,영업수익,영업이익(손실),제 8 기,제 7 기
01236532,와이즈버즈,273060,2025,연결재무제표,45521333566.0,30787809743.0,7575499963.0,2305243307.0,영업수익,영업이익(손실),제 9 기,제 8 기
00139719,와이지-원,019210,2023,연결재무제표,553181695854.0,549800690069.0,54685648371.0,72644206360.0,매출액,영업이익,제 38 기,제 37 기
00139719,와이지-원,019210,2024,연결재무제표,574990223686.0,553181695854.0,55815895657.0,54685648371.0,수익(매출액),영업이익(손실),제 39 기,제 38 기
00139719,와이지-원,019210,2025,연결재무제표,639382631795.0,574990223686.0,66528357756.0,55815895657.0,수익(매출액),영업이익(손실),제 40 기,제 39 기
00613318,와이지엔터테인먼트,122870,2023,연결재무제표,569195078742.0,391174512956.0,86932081062.0,46639449138.0,매출액,영업이익,제 26 기,제 25 기
00613318,와이지엔터테인먼트,122870,2024,연결재무제표,364948984163.0,569195078742.0,-20558087283.0,86932081062.0,매출액,영업이익(손실),제 27 기,제 26 기
00613318,와이지엔터테인먼트,122870,2025,연결재무제표,545404261988.0,364948984163.0,71341515441.0,-20558087283.0,매출액,영업이익(손실),제 28 기,제 27 기
00144720,와이투솔루션,011690,2023,연결재무제표,136937717876.0,120518463736.0,1907827121.0,1782281304.0,수익(매출액),영업이익(손실),제 48 기,제 47 기
00144720,와이투솔루션,011690,2024,별도재무제표,154513998976.0,136937717876.0,2885968925.0,1907827121.0,매출액,영업이익(손실),제 49 기,제 48 기
00144720,와이투솔루션,011690,2025,연결재무제표,165064566493.0,154513998976.0,-2566261422.0,2885968925.0,매출액,영업이익(손실),제 50 기,제 49 기
00455875,와토스코리아,079000,2023,별도재무제표,17677716367.0,19511073058.0,-90314143.0,136819436.0,수익(매출액),영업이익(손실),제 27 기,제 26 기
00455875,와토스코리아,079000,2024,별도재무제표,17497542121.0,17677716367.0,-247222243.0,-90314143.0,수익(매출액),영업이익(손실),제 28 기,제 27 기
00455875,와토스코리아,079000,2025,별도재무제표,14125847378.0,17497542121.0,-4315807274.0,-247222243.0,수익(매출액),영업이익(손실),제 29 기,제 28 기
01299106,우듬지팜,403490,2023,연결재무제표,56576333044.0,44940424451.0,3352841287.0,3813004792.0,수익(매출액),영업이익(손실),제 13 기,제 12 기
01299106,우듬지팜,403490,2024,연결재무제표,63906049261.0,56576333044.0,3552821431.0,3352841287.0,수익(매출액),영업이익(손실),제 14 기,제 13 기
01299106,우듬지팜,403490,2025,연결재무제표,63676776798.0,63906049261.0,-883577321.0,3552821431.0,수익(매출액),영업이익(손실),제 15 기,제 14 기
00209443,우리금융캐피탈,033660,2023,연결재무제표,1539592538024.0,1324197910267.0,168456572458.0,253213854724.0,Ⅰ.영업수익,Ⅲ.영업이익,제 30 기,제 29 기
00209443,우리금융캐피탈,033660,2024,연결재무제표,1758972943790.0,1539592538024.0,186540801994.0,168456572458.0,영업수익,영업이익,제 31 기,제 30 기
00209443,우리금융캐피탈,033660,2025,연결재무제표,1902695460718.0,1758972943790.0,197013613032.0,186540801994.0,영업수익,영업이익,제 32 기,제 31 기
00231044,우리기술,032820,2023,연결재무제표,63166127548.0,49494570488.0,6678853804.0,4801125334.0,수익(매출액),영업이익(손실),제 29 기,제 28 기
00231044,우리기술,032820,2024,연결재무제표,71250184948.0,63166127548.0,553922286.0,6678853804.0,수익(매출액),영업이익(손실),제 30 기,제 29 기
00231044,우리기술,032820,2025,연결재무제표,87135395389.0,71250184948.0,-5486712823.0,553922286.0,수익(매출액),영업이익(손실),제 31 기,제 30 기
00231664,우리기술투자,041190,2023,연결재무제표,170741464684.0,35352148402.0,153930017615.0,-430887571032.0,영업수익,영업활동으로부터의 이익(손실),제 28 기,제 27 기
00231664,우리기술투자,041190,2024,연결재무제표,192251177787.0,170741464684.0,175683516935.0,153930017615.0,영업수익,영업활동으로부터의 이익(손실),제 29 기,제 28 기
00231664,우리기술투자,041190,2025,연결재무제표,162866987251.0,192251177787.0,138075969770.0,175683516935.0,영업수익,영업활동으로부터의 이익(손실),제 30 기,제 29 기
00664048,우리넷,115440,2023,연결재무제표,119069644043.0,62265973516.0,8480464711.0,-6948319778.0,매출액,영업이익(손실),제 24 기,제 23 기
00664048,우리넷,115440,2024,연결재무제표,131594866213.0,119069644043.0,20066971703.0,8480464711.0,매출액,영업이익(손실),제 25 기,제 24 기
00664048,우리넷,115440,2025,연결재무제표,75505437184.0,131594866213.0,1948798815.0,20066971703.0,매출액,영업이익(손실),제 26 기,제 25 기
00296005,우리로,046970,2023,연결재무제표,54609819824.0,99006594857.0,-3450045913.0,1345952432.0,매출액,영업이익(손실),제 26 기,제 25 기
00296005,우리로,046970,2024,연결재무제표,47371587974.0,54609819824.0,-3002178662.0,-3450045913.0,매출액,영업이익(손실),제 27 기,제 26 기
00296005,우리로,046970,2025,연결재무제표,42474837788.0,47371587974.0,-676694180.0,-3002178662.0,매출액,영업이익(손실),제 28 기,제 27 기
00369107,우리바이오,082850,2023,연결재무제표,1263943782342.0,1355056482797.0,25996237350.0,34383109721.0,수익(매출액),영업이익(손실),제 24 기,제 23 기
00369107,우리바이오,082850,2024,연결재무제표,1237198398100.0,1263943782342.0,15204543439.0,25996237350.0,수익(매출액),영업이익(손실),제 25 기,제 24 기
00369107,우리바이오,082850,2025,연결재무제표,1043962208896.0,1237198398100.0,952487589.0,15204543439.0,수익(매출액),영업이익(손실),제 26 기,제 25 기
01077577,우리산업,215360,2023,연결재무제표,462150813837.0,364601945122.0,20470002830.0,-24686526779.0,매출액,영업이익(손실),제 9 기,제 8 기
01077577,우리산업,215360,2024,연결재무제표,510572103789.0,462150813837.0,14962515848.0,20470002830.0,매출액,영업이익(손실),제 10 기,제 9 기
01077577,우리산업,215360,2025,연결재무제표,532037735923.0,510572103789.0,18673812723.0,14962515848.0,매출액,영업이익,제 11 기,제 10 기
00359623,우리산업홀딩스,072470,2023,연결재무제표,575273528400.0,495522375288.0,21263010301.0,-19804367631.0,매출액,영업이익,제 35 기,제 34 기
00359623,우리산업홀딩스,072470,2024,연결재무제표,645259102794.0,575273528400.0,15025930892.0,21263010301.0,매출액,영업이익,제 36 기,제 35 기
00359623,우리산업홀딩스,072470,2025,연결재무제표,705003098505.0,645259102794.0,34240369035.0,15025930892.0,매출액,영업이익,제 37 기,제 36 기
00413417,우리손에프앤지,073560,2023,연결재무제표,279274037619.0,286864964322.0,4633067463.0,28473151761.0,매출액,영업이익(손실),제 23 기,제 22 기
00413417,우리손에프앤지,073560,2024,연결재무제표,292662888938.0,279274037619.0,27527356502.0,4633067463.0,매출액,영업이익(손실),제 24 기,제 23 기
00413417,우리손에프앤지,073560,2025,연결재무제표,287050419297.0,292662888938.0,32690978363.0,27527356502.0,매출액,영업이익,제 25 기,제 24 기
00155692,우리엔터프라이즈,037400,2023,연결재무제표,1287955420194.0,1379502838155.0,26492122902.0,34755229252.0,수익(매출액),영업이익(손실),제 58 기,제 57 기
00155692,우리엔터프라이즈,037400,2024,연결재무제표,1259137007585.0,1287955420194.0,16246727596.0,26492122902.0,수익(매출액),영업이익(손실),제 59 기,제 58 기
00155692,우리엔터프라이즈,037400,2025,연결재무제표,1065217107540.0,1259137007585.0,1140597031.0,16246727596.0,수익(매출액),영업이익(손실),제 60 기,제 59 기
00815095,우리이앤엘하루틴,153490,2023,연결재무제표,141964383578.0,136162092611.0,5046830682.0,2744307922.0,수익(매출액),영업이익(손실),제 16 기,제 15 기
00815095,우리이앤엘하루틴,153490,2024,연결재무제표,146852886071.0,141964383578.0,6867545117.0,5046830682.0,수익(매출액),영업이익(손실),제 17 기,제 16 기
00815095,우리이앤엘하루틴,153490,2025,연결재무제표,121210836014.0,146852886071.0,286520518.0,6867545117.0,수익(매출액),영업이익(손실),제 18 기,제 17 기
00567222,우림피티에스,101170,2023,연결재무제표,57344901360.0,68321538257.0,2473145469.0,5380206002.0,매출액,영업이익(손실),제 24 기,제 23 기
00567222,우림피티에스,101170,2024,연결재무제표,71766793137.0,57344901360.0,-1599935484.0,2473145469.0,매출액,영업이익(손실),제 25 기,제 24 기
00567222,우림피티에스,101170,2025,연결재무제표,57112791211.0,71766793137.0,1189151404.0,-1599935484.0,매출액,영업이익(손실),제 26 기,제 25 기
00142661,우성,006980,2023,연결재무제표,634838094173.0,612322385130.0,5680812539.0,-607442610.0,매출,영업이익(손실),제 54 기,제 53 기
00142661,우성,006980,2024,연결재무제표,606198677648.0,634838094173.0,8591748464.0,5680812539.0,매출,영업이익(손실),제 55 기,제 54 기
00142661,우성,006980,2025,연결재무제표,613023508125.0,606198677648.0,19373123437.0,8591748464.0,매출,영업이익(손실),제 56 기,제 55 기
00132868,우성머티리얼스,011300,2023,연결재무제표,33789509695.0,52521836616.0,-9330409816.0,-2773206829.0,수익(매출액),영업이익(손실),제 48 기,제 47 기
00132868,우성머티리얼스,011300,2024,연결재무제표,25486891894.0,33789509695.0,-10058669422.0,-9330409816.0,수익(매출액),영업이익(손실),제 49 기,제 48 기
00132868,우성머티리얼스,011300,2025,연결재무제표,24693017011.0,25486891894.0,-2334614325.0,-10058669422.0,수익(매출액),영업이익(손실),제 50 기,제 49 기
00142883,우신시스템,017370,2023,연결재무제표,242195761152.0,254538462220.0,12410190731.0,7972167440.0,수익(매출액),영업이익(손실),제 40 기,제 39 기
00142883,우신시스템,017370,2024,연결재무제표,563596965854.0,242195761152.0,36066529187.0,12410190731.0,수익(매출액),영업이익(손실),제 41 기,제 40 기
00142883,우신시스템,017370,2025,연결재무제표,388612954434.0,563596965854.0,20857626833.0,36066529187.0,수익(매출액),영업이익(손실),제 42 기,제 41 기
00486875,우양,103840,2023,별도재무제표,191294814010.0,163412927036.0,1300007010.0,95871062.0,수익(매출액),영업이익(손실),제 32 기,제 31 기
00486875,우양,103840,2024,별도재무제표,176260400982.0,191294814010.0,453831839.0,1300007010.0,수익(매출액),영업이익(손실),제 33 기,제 32 기
00486875,우양,103840,2025,별도재무제표,183775849010.0,176260400982.0,4665621991.0,453831839.0,수익(매출액),영업이익(손실),제 34 기,제 33 기
00450931,우양에이치씨,101970,2023,별도재무제표,200055393194.0,120652726573.0,25271416847.0,5227117874.0,수익(매출액),영업이익(손실),제 28 기,제 27 기
00450931,우양에이치씨,101970,2024,별도재무제표,183248928232.0,200055393194.0,31088289307.0,25271416847.0,수익(매출액),영업이익(손실),제 29 기,제 28 기
00450931,우양에이치씨,101970,2025,별도재무제표,100854566106.0,183248928232.0,706458866.0,31088289307.0,수익(매출액),영업이익(손실),제 30 기,제 29 기
00133618,우양피앤엘,002420,2023,별도재무제표,31328511051.0,33710303333.0,-815790576.0,-789291696.0,수익(매출액),영업이익(손실),제 67 기,제 66 기
00133618,우양피앤엘,002420,2024,별도재무제표,32031845759.0,30324718023.0,-1975504652.0,-737486511.0,수익(매출액),영업이익(손실),제 68 기,제 67 기
00133618,우양피앤엘,002420,2025,별도재무제표,29245475900.0,32031845759.0,-569830419.0,-1975504652.0,수익(매출액),영업이익(손실),제 69 기,제 68 기
00363246,우원개발,046940,2023,연결재무제표,252508569423.0,196292051694.0,1357980797.0,577978892.0,수익(매출액),영업이익(손실),제 26 기,제 25 기
00363246,우원개발,046940,2024,연결재무제표,302842776436.0,252508569423.0,2826256917.0,1357980797.0,수익(매출액),영업이익,제 27 기,제 26 기
00363246,우원개발,046940,2025,연결재무제표,376349352125.0,302842776436.0,67188905596.0,2826256917.0,매출액,영업이익,제 28 기,제 27 기
00291231,우전,052270,2023,연결재무제표,39943691415.0,73109432233.0,-11197782937.0,-3995193346.0,수익(매출액),영업이익(손실),제 27 기,제 26 기
00291231,우전,052270,2024,연결재무제표,72018321262.0,39943691415.0,2685858675.0,-11197782937.0,수익(매출액),영업이익(손실),제 28 기,제 27 기
00291231,우전,052270,2025,연결재무제표,93058731770.0,72018321262.0,4991534863.0,2685858675.0,수익(매출액),영업이익(손실),제 29 기,제 28 기
00390903,우주일렉트로,065680,2023,연결재무제표,159897623025.0,186384259092.0,8014187683.0,20547097627.0,매출액,영업이익,제 25 기,제 24 기
00390903,우주일렉트로,065680,2024,연결재무제표,176181835330.0,159897623025.0,20125236440.0,8014187683.0,매출액,영업이익,제 26 기,제 25 기
00390903,우주일렉트로,065680,2025,연결재무제표,186420206961.0,176181835330.0,21809545822.0,20125236440.0,수익(매출액),영업이익(손실),제 27 기,제 26 기
00173944,우진,105840,2023,연결재무제표,129059322239.0,124056658737.0,15365138090.0,11894433807.0,매출액,영업이익,제 44 기,제 43 기
00173944,우진,105840,2024,연결재무제표,140726674100.0,129059322239.0,16105340148.0,15365138090.0,매출액,영업이익,제 45 기,제 44 기
00173944,우진,105840,2025,연결재무제표,150379282702.0,140726674100.0,14178215124.0,16105340148.0,매출액,영업이익,제 46 기,제 45 기
00103547,우진비앤지,018620,2023,연결재무제표,57919354665.0,43703465297.0,713664789.0,1155423595.0,수익(매출액),영업이익(손실),제 39 기,제 38 기
00103547,우진비앤지,018620,2024,연결재무제표,55680173272.0,57919354665.0,295201914.0,713664789.0,수익(매출액),영업이익(손실),제 40 기,제 39 기
00103547,우진비앤지,018620,2025,연결재무제표,54764190957.0,55680173272.0,319168914.0,295201914.0,수익(매출액),영업이익(손실),제 41 기,제 40 기
00143262,우진아이엔에스,010400,2023,연결재무제표,100168756319.0,84045560461.0,-3316488890.0,-5607320231.0,매출액,영업이익(손실),제 49 기,제 48 기
00143262,우진아이엔에스,010400,2024,연결재무제표,137588161973.0,100168756319.0,-17859652097.0,-3316488890.0,매출액,영업이익(손실),제 50 기,제 49 기
00143262,우진아이엔에스,010400,2025,연결재무제표,164457886988.0,137588161973.0,4978351418.0,-17859652097.0,매출액,영업이익(손실),제 51 기,제 50 기
01030503,우진엔텍,457550,2023,별도재무제표,40682712915.0,37364336431.0,5893114729.0,5673304262.0,매출액,영업이익(손실),제 11 기,제 10 기
01030503,우진엔텍,457550,2024,별도재무제표,43958552911.0,40682712915.0,5318973279.0,5893114729.0,매출액,영업이익(손실),제 12 기,제 11 기
01030503,우진엔텍,457550,2025,별도재무제표,44807184983.0,43958552911.0,5058171927.0,5318973279.0,매출액,영업이익(손실),제 13 기,제 12 기
00303217,우진플라임,049800,2023,연결재무제표,212126264262.0,254578736012.0,9058740983.0,22612660782.0,수익(매출액),영업이익(손실),제 32 기,제 31 기
00303217,우진플라임,049800,2024,연결재무제표,209594990056.0,212126264262.0,1389976524.0,9058740983.0,수익(매출액),영업이익(손실),제 33 기,제 32 기
00303217,우진플라임,049800,2025,연결재무제표,211623242809.0,209594990056.0,2929670084.0,1389976524.0,수익(매출액),영업이익(손실),제 34 기,제 33 기
00143651,웅진,016880,2023,연결재무제표,1018577151624.0,1049841292075.0,22359940820.0,42327369054.0,매출액,영업이익,제 41 기,제 40 기
00143651,웅진,016880,2024,연결재무제표,1008111365589.0,1018577151624.0,31084577897.0,22359940820.0,매출액,영업이익(손실),제 42 기,제 41 기
00143651,웅진,016880,2025,연결재무제표,1150691499139.0,1008111365589.0,78114435118.0,31084577897.0,매출액,영업이익,제 43 기,제 42 기
00628189,웅진씽크빅,095720,2023,연결재무제표,890054559174.0,933284596402.0,5572227230.0,27552372229.0,매출액,영업이익,제 17 기,제 16 기
00628189,웅진씽크빅,095720,2024,연결재무제표,867180219415.0,890054559174.0,9246662221.0,5572227230.0,매출,영업이익,제 18 기,제 17 기
00628189,웅진씽크빅,095720,2025,연결재무제표,797357375468.0,867180219415.0,-10455696547.0,9246662221.0,매출,영업손익,제 19 기,제 18 기
00866451,워트,396470,2023,연결재무제표,12845576073.0,22835113396.0,1470379146.0,6705120210.0,수익(매출액),영업이익(손실),제 20 기,제 19 기
00866451,워트,396470,2024,연결재무제표,15184230309.0,12845576073.0,2030777730.0,1470379146.0,매출액,영업이익,제 21 기,제 20 기
00866451,워트,396470,2025,연결재무제표,15220856646.0,15184230309.0,2482696274.0,2030777730.0,매출액,영업이익,제 22 기,제 21 기
00143794,원림,005820,2023,연결재무제표,84421858608.0,81927170601.0,5066403417.0,3400937500.0,매출액,영업이익(손실),제 56 기,제 55 기
00143794,원림,005820,2024,연결재무제표,82386592601.0,84421858608.0,1733512084.0,5066403417.0,매출액,영업이익,제 57 기,제 56 기
00143794,원림,005820,2025,연결재무제표,89681887437.0,82386592601.0,4425553264.0,1733512084.0,매출액,영업이익,제 58 기,제 57 기
01326224,원바이오젠,307280,2023,연결재무제표,29614740095.0,26747721812.0,7122657150.0,5150275469.0,수익(매출액),영업이익(손실),제 6 기,제 5 기
01326224,원바이오젠,307280,2024,연결재무제표,30439668570.0,29614740095.0,6406557277.0,7122657150.0,수익(매출액),영업이익(손실),제 7 기,제 6 기
01326224,원바이오젠,307280,2025,연결재무제표,35244285942.0,30439668570.0,7926377772.0,6406557277.0,수익(매출액),영업이익(손실),제 8 기,제 7 기
00210980,원익,032940,2023,연결재무제표,129877118817.0,108088691543.0,12485502745.0,7405021167.0,수익(매출액),영업이익(손실),제 41 기,제 40 기
00210980,원익,032940,2024,연결재무제표,138735200978.0,129877118817.0,9317949981.0,12485502745.0,수익(매출액),영업이익(손실),제 42 기,제 41 기
00210980,원익,032940,2025,연결재무제표,150734965462.0,138735200978.0,8922772952.0,9317949981.0,수익(매출액),영업이익(손실),제 43 기,제 42 기
01135941,원익IPS,240810,2023,연결재무제표,690337586778.0,1011484981702.0,-18074991250.0,97554876588.0,매출액,영업순손익,제 8 기,제 7 기
01135941,원익IPS,240810,2024,연결재무제표,748176487524.0,690337586778.0,10641636214.0,-18074991250.0,수익(매출액),영업순손익,제 9 기,제 8 기
01135941,원익IPS,240810,2025,연결재무제표,909795691103.0,748176487524.0,73814129967.0,10641636214.0,수익(매출액),영업순손익,제 10 기,제 9 기
00468374,원익QnC,074600,2023,연결재무제표,805948142955.0,783178805875.0,82983414760.0,115127050949.0,수익(매출액),영업이익(손실),제 21 기,제 20 기
00468374,원익QnC,074600,2024,연결재무제표,891539336878.0,805948142955.0,90611957858.0,82983414760.0,매출액,영업이익,제 22 기,제 21 기
00468374,원익QnC,074600,2025,연결재무제표,943641492868.0,891539336878.0,59610200277.0,90611957858.0,매출액,영업이익,제 23 기,제 22 기
00623661,원익머트리얼즈,104830,2023,연결재무제표,391674584740.0,581258025083.0,24689972889.0,88797905994.0,수익(매출액),영업이익(손실),제 18 기,제 17 기
00623661,원익머트리얼즈,104830,2024,연결재무제표,310715204992.0,391674584740.0,51919490369.0,24689972889.0,수익(매출액),영업이익(손실),제 19 기,제 18 기
00623661,원익머트리얼즈,104830,2025,연결재무제표,322467412745.0,310715204992.0,56497808201.0,51919490369.0,매출액,영업이익,제 20 기,제 19 기
00128175,원익큐브,014190,2023,연결재무제표,244376147023.0,245979910828.0,5600959959.0,4254901005.0,수익(매출액),영업이익(손실),제 45 기,제 44 기
00128175,원익큐브,014190,2024,연결재무제표,286805365033.0,244376147023.0,3564610646.0,5600959959.0,수익(매출액),영업이익(손실),제 46 기,제 45 기
00128175,원익큐브,014190,2025,연결재무제표,284760572162.0,286805365033.0,3308620898.0,3564610646.0,매출액,영업이익,제 47 기,제 46 기
01020843,원익피앤이,217820,2023,연결재무제표,306840170909.0,288843655010.0,2894014787.0,3947745331.0,매출액,영업이익,제 25 기,제 24 기
01020843,원익피앤이,217820,2024,연결재무제표,294707929332.0,306840170909.0,-48747677799.0,2894014787.0,매출액,영업이익,제 26 기,제 25 기
01020843,원익피앤이,217820,2025,연결재무제표,390690915662.0,294707929332.0,1397938282.0,-48747677799.0,매출액,영업이익,제 27 기,제 26 기
00216647,원익홀딩스,030530,2023,연결재무제표,749527050135.0,881011689232.0,45774773657.0,104998891405.0,Ⅰ. 매출액,Ⅳ. 영업이익,제 33 기,제 32 기
00216647,원익홀딩스,030530,2024,연결재무제표,645472610486.0,749527050135.0,30614449862.0,45774773657.0,매출액,영업이익,제 34 기,제 33 기
00216647,원익홀딩스,030530,2025,연결재무제표,622991604240.0,645472610486.0,-418124396.0,30614449862.0,매출액,영업이익(손실),제 35 기,제 34 기
00143907,원일특강,012620,2023,연결재무제표,379986386064.0,385097179563.0,13440573213.0,17021284113.0,매출액,영업이익,제 47 기,제 46 기
00143907,원일특강,012620,2024,연결재무제표,379299734226.0,379986386064.0,11977978291.0,13440573213.0,매출액,영업이익,제 48 기,제 47 기
00143907,원일특강,012620,2025,연결재무제표,398115514874.0,379299734226.0,12364724352.0,11977978291.0,수익(매출액),영업이익,제 49 기,제 48 기
00488244,원일티엔아이,136150,2025,별도재무제표,29616648801.0,42188062019.0,-1750050697.0,6379519927.0,수익(매출액),영업이익(손실),제 28 기,제 27 기
01459212,원준,382840,2023,연결재무제표,137256469129.0,143200037748.0,4641272604.0,10891530920.0,수익(매출액),영업이익(손실),제 16 기,제 15 기
01459212,원준,382840,2024,연결재무제표,149851159615.0,137256469129.0,12429006864.0,4641272604.0,수익(매출액),영업이익(손실),제 17 기,제 16 기
01459212,원준,382840,2025,연결재무제표,149100259243.0,149851159615.0,6978485543.0,12429006864.0,매출액,영업이익,제 18 기,제 17 기
01407909,원텍,336570,2023,연결재무제표,115628803094.0,81508860190.0,46037112504.0,26755362989.0,매출액,영업이익(손실),제 5 기,제 4 기
01407909,원텍,336570,2024,연결재무제표,115254599426.0,115628803094.0,34789598806.0,46037112504.0,매출액,영업이익(손실),제 6 기,제 5 기
01407909,원텍,336570,2025,연결재무제표,156838102870.0,115254599426.0,51685459840.0,34789598806.0,매출액,영업이익(손실),제 7 기,제 6 기
01441611,원티드랩,376980,2023,연결재무제표,39668183099.0,50291114355.0,1573389396.0,8947526886.0,영업수익,영업이익(손실),제 9 기,제 8 기
01441611,원티드랩,376980,2024,연결재무제표,36742962222.0,39668183099.0,-817999396.0,1573389396.0,영업수익,영업이익(손실),제 10 기,제 9 기
01441611,원티드랩,376980,2025,연결재무제표,38173738651.0,36742962222.0,1019795155.0,-817999396.0,영업수익,영업이익(손실),제 11 기,제 10 기
00144012,원풍,008370,2023,연결재무제표,73785384649.0,89490584326.0,4553856379.0,7758203186.0,수익(매출액),영업이익(손실),제 51 기,제 50 기
00144012,원풍,008370,2024,연결재무제표,79609134649.0,73785384649.0,4547912675.0,4553856379.0,수익(매출액),영업이익(손실),제 52 기,제 51 기
00144012,원풍,008370,2025,별도재무제표,87635177741.0,79609134649.0,6596349826.0,4547912675.0,수익(매출액),영업이익(손실),제 53 기,제 52 기
00144021,원풍물산,008290,2023,별도재무제표,28937832608.0,33300032711.0,-1916462598.0,210181442.0,수익(매출액),영업이익(손실),제 51 기,제 50 기
00144021,원풍물산,008290,2024,별도재무제표,22721808986.0,28718932942.0,-4699113271.0,-2103564154.0,수익(매출액),영업이익(손실),제 52 기,제 51 기
00144021,원풍물산,008290,2025,별도재무제표,16935208093.0,22721808986.0,-7199478124.0,-4699113271.0,수익(매출액),영업이익(손실),제 53 기,제 52 기
00580065,월덱스,101160,2023,연결재무제표,288087193001.0,255929775545.0,64828878115.0,50701951182.0,매출액,영업이익,제 24 기,제 23 기
00580065,월덱스,101160,2024,연결재무제표,306791365556.0,288087193001.0,70304948252.0,64828878115.0,매출액,영업이익,제 25 기,제 24 기
00580065,월덱스,101160,2025,연결재무제표,291764969976.0,306791365556.0,58544362713.0,70304948252.0,매출액,영업이익,제 26 기,제 25 기
01408999,웨이버스,336060,2023,연결재무제표,48755717335.0,40546670553.0,5059915724.0,1784422368.0,매출액,영업이익,제 5 기,제 4 기
01408999,웨이버스,336060,2024,연결재무제표,56364920891.0,48755717335.0,1677639649.0,5059915724.0,매출액,영업이익,제 6 기,제 5 기
01408999,웨이버스,336060,2025,연결재무제표,70202813590.0,56364920891.0,1991577750.0,1677639649.0,매출액,영업이익,제 7 기,제 6 기
00526696,웨이브일렉트로,095270,2023,연결재무제표,77983771830.0,59176828811.0,2351681126.0,-5936607966.0,매출액,영업이익(손실),제 25 기,제 24 기
00526696,웨이브일렉트로,095270,2024,연결재무제표,78043596827.0,77983771830.0,1852688009.0,2351681126.0,매출액,영업이익(손실),제 26 기,제 25 기
00526696,웨이브일렉트로,095270,2025,연결재무제표,80532556275.0,78043596827.0,-1641658533.0,1852688009.0,매출액,영업이익(손실),제 27 기,제 26 기
01270749,웨이비스,289930,2024,별도재무제표,29395539959.0,16889541506.0,-4858390502.0,-9520135941.0,수익(매출액),영업이익(손실),제 8 기,제 7 기
01270749,웨이비스,289930,2025,별도재무제표,40706149797.0,29395539959.0,627434552.0,-4858390502.0,수익(매출액),영업이익(손실),제 9 기,제 8 기
00141273,웰바이오텍,010600,2023,연결재무제표,72132464149.0,158116049456.0,-15890863052.0,2262317328.0,매출,영업이익(손실),제 49 기,제 48 기
00141273,웰바이오텍,010600,2024,연결재무제표,83301323381.0,59746207946.0,-2874278574.0,-10890345961.0,매출,영업이익(손실),제 50 기,제 49 기
00141273,웰바이오텍,010600,2025,연결재무제표,78030660472.0,83301323381.0,-2499614664.0,-2874278574.0,매출,영업이익(손실),제 51 기,제 50 기
00362159,웰크론,065950,2023,연결재무제표,425883974254.0,445710106509.0,4848405004.0,6297133053.0,매출액,영업이익(손실),제 32 기,제 31 기
00362159,웰크론,065950,2024,연결재무제표,329117322759.0,425883974254.0,2171617203.0,4848405004.0,매출액,영업이익(손실),제 33 기,제 32 기
00362159,웰크론,065950,2025,연결재무제표,268959790113.0,329117322759.0,-11117631837.0,2171617203.0,매출액,영업이익(손실),제 34 기,제 33 기
00487546,웰크론한텍,076080,2023,연결재무제표,333203378938.0,326740331841.0,1224035352.0,1351212213.0,수익(매출액),영업이익(손실),제 29 기,제 28 기
00487546,웰크론한텍,076080,2024,연결재무제표,261887776131.0,333203378938.0,1947051549.0,1224035352.0,수익(매출액),영업이익(손실),제 30 기,제 29 기
00487546,웰크론한텍,076080,2025,연결재무제표,166692738852.0,261887776131.0,-18130312664.0,1947051549.0,수익(매출액),영업이익(손실),제 31 기,제 30 기
00260611,웰킵스하이텍,043590,2023,연결재무제표,20230592910.0,20896933146.0,293147974.0,-159772668.0,매출액,영업이익(손실),제 50 기,제 49 기
00260611,웰킵스하이텍,043590,2024,연결재무제표,29840103941.0,20230592910.0,-9955365178.0,293147974.0,매출액,영업이익(손실),제 51 기,제 50 기
00260611,웰킵스하이텍,043590,2025,연결재무제표,21353066604.0,29840103941.0,-2101093803.0,-9955365178.0,매출액,영업이익(손실),제 52 기,제 51 기
00864338,웹스,196700,2023,연결재무제표,36231078602.0,34028733040.0,2566280173.0,-1099006239.0,수익(매출액),영업이익(손실),제 23 기,제 22 기
00864338,웹스,196700,2024,연결재무제표,34072812927.0,36231078602.0,3088648379.0,2566280173.0,수익(매출액),영업이익(손실),제 24 기,제 23 기
00864338,웹스,196700,2025,연결재무제표,43174599020.0,34072812927.0,5549636981.0,3088648379.0,수익(매출액),영업이익(손실),제 25 기,제 24 기
00405320,웹젠,069080,2023,연결재무제표,196290414665.0,242140239949.0,49903098281.0,83005140896.0,영업수익,영업이익(손실),제 24 기,제 23 기
00405320,웹젠,069080,2024,연결재무제표,214747032253.0,196290414665.0,54553002826.0,49903098281.0,영업수익,영업이익(손실),제 25 기,제 24 기
00405320,웹젠,069080,2025,연결재무제표,174436688525.0,214747032253.0,29727638227.0,54553002826.0,영업수익,영업이익(손실),제 26 기,제 25 기
00323868,웹케시,053580,2023,별도재무제표,73580456491.0,87866522470.0,13716962105.0,20598237408.0,영업수익,영업이익,제 25 기,제 24 기
00323868,웹케시,053580,2024,연결재무제표,74176188133.0,73580456491.0,13887609419.0,13716962105.0,영업수익,영업이익,제 26 기,제 25 기
00323868,웹케시,053580,2025,별도재무제표,74362089745.0,73613340823.0,13473558612.0,13759558023.0,영업수익,영업이익,제 27 기,제 26 기
01137860,위너스일렉,479960,2024,별도재무제표,26357463329.0,27635509945.0,2925395100.0,3456692215.0,매출액,영업이익,제 21 기,제 20 기
01137860,위너스일렉,479960,2025,별도재무제표,31246643473.0,26357463329.0,5271316700.0,2925395100.0,매출액,영업이익,제 22 기,제 21 기
00261735,위노바,039790,2023,별도재무제표,6495319352.0,6722760438.0,-2018366238.0,-2787446801.0,수익(매출액),영업이익(손실),제 29 기,제 28 기
00261735,위노바,039790,2024,별도재무제표,6896879722.0,6495319352.0,-1717077891.0,-2018366238.0,수익(매출액),영업이익(손실),제 30 기,제 29 기
00261735,위노바,039790,2025,별도재무제표,7698587953.0,6896879722.0,-1590156338.0,-1717077891.0,수익(매출액),영업이익(손실),제 31 기,제 30 기
00300557,위니아,071460,2023,연결재무제표,353187317136.0,782080416530.0,-281218785631.0,-73588139652.0,매출액,영업이익(손실),제 25 기,제 24 기
00300557,위니아,071460,2024,연결재무제표,103551688685.0,353187317136.0,-91332138483.0,-281218785631.0,매출액,영업이익(손실),제 26 기,제 25 기
00300557,위니아,071460,2025,연결재무제표,26703874532.0,103551688685.0,-48418430993.0,-91332138483.0,매출액,영업이익(손실),제 27 기,제 26 기
00293886,위닉스,044340,2023,연결재무제표,375301296669.0,328990631593.0,6520613635.0,3752291090.0,수익(매출액),영업이익(손실),제 38 기,제 37 기
00293886,위닉스,044340,2024,연결재무제표,351198769369.0,375301296669.0,-5876177856.0,6520613635.0,수익(매출액),영업이익(손실),제 39 기,제 38 기
00293886,위닉스,044340,2025,연결재무제표,369536034092.0,351198769369.0,-60672282687.0,-5876177856.0,매출액,영업이익(손실),제 40 기,제 39 기
00765851,위더스제약,330350,2023,별도재무제표,80119449783.0,64680375722.0,7909423796.0,4877718076.0,매출액,영업이익,제 20 기,제 19 기
00765851,위더스제약,330350,2024,별도재무제표,102721786936.0,80119449783.0,5660615233.0,7909423796.0,매출액,영업이익,제 21 기,제 20 기
00765851,위더스제약,330350,2025,별도재무제표,106444236309.0,102721786936.0,5662694062.0,5660615233.0,매출액,영업이익,제 22 기,제 21 기
00925587,위드텍,348350,2023,연결재무제표,49561291840.0,72605947195.0,2424570894.0,14458737929.0,매출액,영업이익(손실),제 21 기,제 20 기
00925587,위드텍,348350,2024,연결재무제표,43615814810.0,49561291840.0,965958231.0,2424570894.0,매출액,영업이익(손실),제 22 기,제 21 기
00925587,위드텍,348350,2025,연결재무제표,57807030055.0,43615814810.0,5128627476.0,965958231.0,매출액,영업이익(손실),제 23 기,제 22 기
00444329,위메이드,112040,2023,연결재무제표,605252428314.0,463491566220.0,-110440776864.0,-84938285329.0,영업수익,영업이익(손실),제 24 기,제 23 기
00444329,위메이드,112040,2024,연결재무제표,711871164004.0,605252428314.0,7062218897.0,-110440776864.0,영업수익,영업이익(손실),제 25 기,제 24 기
00444329,위메이드,112040,2025,연결재무제표,614039504365.0,711871164004.0,10678082423.0,7062218897.0,영업수익,영업이익(손실),제 26 기,제 25 기
00643656,위메이드맥스,101730,2023,연결재무제표,69763645185.0,86235273013.0,3764265342.0,25281845048.0,수익(매출액),영업이익(손실),제 27 기,제 26 기
00643656,위메이드맥스,101730,2024,연결재무제표,74990780976.0,69763645185.0,-8094291123.0,3764265342.0,수익(매출액),영업이익(손실),제 28 기,제 27 기
00643656,위메이드맥스,101730,2025,연결재무제표,148839768687.0,74990780976.0,-48745048630.0,-8094291123.0,영업수익,영업이익(손실),제 29 기,제 28 기
00815767,위메이드플레이,123420,2023,연결재무제표,121678519778.0,134045125478.0,-436034591.0,892993172.0,영업수익,영업손익,제 14 기,제 13 기
00815767,위메이드플레이,123420,2024,연결재무제표,120411951651.0,121678519778.0,1053500210.0,-436034591.0,영업수익,영업손익,제 15 기,제 14 기
00815767,위메이드플레이,123420,2025,연결재무제표,125264827354.0,120411951651.0,10743666754.0,1053500210.0,수익(매출액),영업이익(손실),제 16 기,제 15 기
00374738,위세아이텍,065370,2023,연결재무제표,27625153460.0,37892065422.0,-2868674786.0,1304673381.0,매출액,영업이익,제 34 기,제 33 기
00374738,위세아이텍,065370,2024,연결재무제표,35028457232.0,27625153460.0,927730373.0,-2868674786.0,매출액,영업이익(손실),제 35 기,제 34 기
00374738,위세아이텍,065370,2025,연결재무제표,38258327979.0,35028457232.0,786004716.0,927730373.0,매출액,영업이익(손실),제 36 기,제 35 기
00264228,위즈코프,038620,2023,연결재무제표,56065934824.0,41213941237.0,647813712.0,1447122656.0,매출액,영업이익(손실),제 29 기,제 28 기
00264228,위즈코프,038620,2024,연결재무제표,104651520953.0,56065934824.0,2790810913.0,647813712.0,매출액,영업이익(손실),제 30 기,제 29 기
00264228,위즈코프,038620,2025,연결재무제표,112636294223.0,104651520953.0,2490161826.0,2790810913.0,매출액,영업이익(손실),제 31 기,제 30 기
01276327,위지윅스튜디오,299900,2023,연결재무제표,147335163984.0,146520128397.0,-20281322515.0,-23322212624.0,영업수익,영업이익(손실),제 8 기,제 7 기
01276327,위지윅스튜디오,299900,2024,연결재무제표,80432665935.0,147335163984.0,-11816014440.0,-20281322515.0,영업수익,영업이익(손실),제 9 기,제 8 기
01276327,위지윅스튜디오,299900,2025,연결재무제표,101995172098.0,80432665935.0,-9556606628.0,-11816014440.0,영업수익,영업이익(손실),제 10 기,제 9 기
00258360,위지트,036090,2023,연결재무제표,35232358333.0,35218638086.0,3654906386.0,2169215617.0,수익(매출액),영업이익(손실),제 27 기,제 26 기
00258360,위지트,036090,2024,연결재무제표,357760554634.0,35232358333.0,13846626885.0,3654906386.0,수익(매출액),영업이익(손실),제 28 기,제 27 기
00258360,위지트,036090,2025,연결재무제표,483026164741.0,357440585776.0,25839567046.0,13821384825.0,수익(매출액),영업이익(손실),제 29 기,제 28 기
01445440,위츠,459100,2024,연결재무제표,90763923263.0,99533806983.0,2176132257.0,10254455371.0,수익(매출액),영업이익(손실),제 6 기,제 5 기
01445440,위츠,459100,2025,연결재무제표,168722438145.0,90763923263.0,2590955061.0,2176132257.0,수익(매출액),영업이익(손실),제 7 기,제 6 기
00868705,윈스테크넷,136540,2023,연결재무제표,106854537551.0,101423912391.0,23089927104.0,21978671617.0,수익(매출액),영업이익(손실),제 13 기,제 12 기
00868705,윈스테크넷,136540,2024,연결재무제표,101459073957.0,106854537551.0,20357730105.0,23089927104.0,수익(매출액),영업이익(손실),제 14 기,제 13 기
00868705,윈스테크넷,136540,2025,연결재무제표,98597670521.0,96479482331.0,21158874065.0,20344203559.0,수익(매출액),영업이익(손실),제 15 기,제 14 기
00536286,윈팩,097800,2023,별도재무제표,86205142343.0,152635430740.0,-22857360132.0,1924029253.0,수익(매출액),영업이익(손실),제 22 기,제 21 기
00536286,윈팩,097800,2024,별도재무제표,74141469775.0,86205142343.0,-23272387288.0,-22857360132.0,수익(매출액),영업이익(손실),제 23 기,제 22 기
00536286,윈팩,097800,2025,별도재무제표,75547662067.0,74141469775.0,-14289046752.0,-23272387288.0,수익(매출액),영업이익(손실),제 24 기,제 23 기
00910840,윈하이텍,192390,2023,연결재무제표,153794945013.0,116775846633.0,18361474569.0,9730008059.0,수익(매출액),영업이익(손실),제 13 기,제 12 기
00910840,윈하이텍,192390,2024,연결재무제표,112165957180.0,153794945013.0,11032093461.0,18361474569.0,수익(매출액),영업이익(손실),제 14 기,제 13 기
00910840,윈하이텍,192390,2025,연결재무제표,75147762488.0,112165957180.0,-3934799771.0,11032093461.0,수익(매출액),영업이익(손실),제 15 기,제 14 기
00104999,윌비스,008600,2023,연결재무제표,216118598980.0,254858078450.0,-4182783563.0,193461668.0,매출액,영업이익(손실),제 51 기,제 50 기
00104999,윌비스,008600,2024,연결재무제표,217377268077.0,216118598980.0,-12537683908.0,-4182783563.0,매출액,영업이익(손실),제 52 기,제 51 기
00104999,윌비스,008600,2025,연결재무제표,188323233506.0,217377268077.0,-21004317529.0,-12537683908.0,수익(매출액),영업이익(손실),제 53 기,제 52 기
01405585,윙스풋,335870,2023,별도재무제표,51588558204.0,54337267257.0,3977336929.0,3706704519.0,수익(매출액),영업이익(손실),제 5 기,제 4 기
01405585,윙스풋,335870,2024,별도재무제표,46494380735.0,51588558204.0,1890337522.0,3977336929.0,수익(매출액),영업이익(손실),제 6 기,제 5 기
01405585,윙스풋,335870,2025,별도재무제표,41955687748.0,46494380735.0,-2795720442.0,1890337522.0,수익(매출액),영업이익(손실),제 7 기,제 6 기
01328639,윙입푸드,900340,2023,연결재무제표,949326501.0,880081908.0,131788172.0,111308647.0,매출액,영업이익,제 9 기,제 8 기
01328639,윙입푸드,900340,2024,연결재무제표,1040710982.0,949326501.0,107618777.0,131788172.0,매출액,영업이익,제 10 기,제 9 기
01328639,윙입푸드,900340,2025,연결재무제표,971702858.0,1040710982.0,75487056.0,107618777.0,매출액,영업이익,제 11 기,제 10 기
00158963,유나이티드,033270,2023,별도재무제표,278943296812.0,262522022556.0,54949693219.0,48213162470.0,매출액,영업이익(손실),제 37 기,제 36 기
00158963,유나이티드,033270,2024,별도재무제표,288706729642.0,278943296812.0,56283207635.0,54949693219.0,매출액,영업이익(손실),제 38 기,제 37 기
00158963,유나이티드,033270,2025,별도재무제표,288764867640.0,288706729642.0,49584726929.0,56283207635.0,매출액,영업이익(손실),제 39 기,제 38 기
00127699,유네코,064510,2023,연결재무제표,21089479456.0,18142668345.0,1162697087.0,-2725257264.0,매출액,영업이익(손실),제 42 기,제 41 기
00127699,유네코,064510,2024,연결재무제표,13851006275.0,13189950426.0,2476575409.0,1844080996.0,매출액,영업이익(손실),제 43 기,제 42 기
00127699,유네코,064510,2025,연결재무제표,12829234159.0,13851006275.0,-707749485.0,2476575409.0,매출액,영업이익(손실),제 44 기,제 43 기
00159786,유니드,014830,2023,연결재무제표,1133715006136.0,1404902461611.0,32068843108.0,147870643696.0,수익(매출액),영업이익(손실),제 44 기,제 43 기
00159786,유니드,014830,2024,연결재무제표,1111631182007.0,1133715006136.0,95444584358.0,32068843108.0,수익(매출액),영업이익(손실),제 45 기,제 44 기
00159786,유니드,014830,2025,연결재무제표,1338757918765.0,1111631182007.0,87908807724.0,95444584358.0,매출액,영업이익(손실),제 46 기,제 45 기
01702017,유니드비티플러스,446070,2023,별도재무제표,168785613274.0,29221282156.0,-4071770040.0,1427051307.0,매출,영업이익(손실),제 2 기,제 1 기
01702017,유니드비티플러스,446070,2024,별도재무제표,194894088152.0,168785613274.0,3054336971.0,-4071770040.0,매출,영업이익(손실),제 3 기,제 2 기
01702017,유니드비티플러스,446070,2025,별도재무제표,157531389366.0,194894088152.0,-9151579966.0,3054336971.0,매출,영업이익(손실),제 4 기,제 3 기
00260569,유니셈,036200,2023,연결재무제표,232111743013.0,253229086343.0,17388081940.0,29036650994.0,매출액,영업이익,제 28 기,제 27 기
00260569,유니셈,036200,2024,연결재무제표,218160735643.0,232111743013.0,9974310432.0,17388081940.0,매출액,영업이익,제 29 기,제 28 기
00260569,유니셈,036200,2025,연결재무제표,273330435300.0,218160735643.0,10901847307.0,9974310432.0,수익(매출액),영업이익,제 30 기,제 29 기
00144243,유니슨,018000,2023,연결재무제표,107739239966.0,239179015771.0,-19569724064.0,1898507511.0,매출액,영업이익(손실),제 40 기,제 39 기
00144243,유니슨,018000,2024,연결재무제표,25733465438.0,107739239966.0,-12512162672.0,-19569724064.0,매출액,영업이익(손실),제 41 기,제 40 기
00144243,유니슨,018000,2025,연결재무제표,40267921584.0,25733465438.0,-9532987389.0,-12512162672.0,수익(매출액),영업이익(손실),제 42 기,제 41 기
00144252,유니온,000910,2023,연결재무제표,224649755569.0,234981176780.0,-1992452119.0,2897590739.0,매출액,영업이익(손실),제 72 기,제 71 기
00144252,유니온,000910,2024,연결재무제표,218159407914.0,224649755569.0,-11456625866.0,-1992452119.0,매출액,영업손실,제 73 기,제 72 기
00144252,유니온,000910,2025,연결재무제표,202400732520.0,218159407914.0,5499074402.0,-11456625866.0,매출액,영업이익(손실),제 74 기,제 73 기
00369833,유니온머티리얼,047400,2023,연결재무제표,116470234149.0,126146837365.0,-4667933911.0,848339698.0,매출액,영업이익(손실),제 24 기,제 23 기
00369833,유니온머티리얼,047400,2024,연결재무제표,108366485493.0,116470234149.0,-16501073442.0,-4667933911.0,매출액,영업이익(손실),제 25 기,제 24 기
00369833,유니온머티리얼,047400,2025,연결재무제표,101937090012.0,108366485493.0,5429904795.0,-16501073442.0,매출액,영업이익(손실),제 26 기,제 25 기
00408266,유니온바이오메트릭스,203450,2023,연결재무제표,51382692333.0,46253418625.0,1567912626.0,1336893813.0,수익(매출액),영업이익(손실),제 24 기,제 23 기
00408266,유니온바이오메트릭스,203450,2024,연결재무제표,56745519416.0,51382692333.0,2842274156.0,1567912626.0,수익(매출액),영업이익(손실),제 25 기,제 24 기
00408266,유니온바이오메트릭스,203450,2025,연결재무제표,51324033067.0,56745519416.0,1020779717.0,2842274156.0,수익(매출액),영업이익(손실),제 26 기,제 25 기
00137207,유니켐,011330,2023,별도재무제표,108288136804.0,99794622882.0,4743669656.0,4150503853.0,매출액,영업이익,제 49 기,제 48 기
00137207,유니켐,011330,2024,별도재무제표,68216069343.0,108288136804.0,-6268370624.0,4743669656.0,매출액,영업이익,제 50 기,제 49 기
00137207,유니켐,011330,2025,연결재무제표,106243075628.0,68216069343.0,-573400537.0,-6268370624.0,매출액,영업이익,제 51 기,제 50 기
00414601,유니퀘스트,077500,2023,연결재무제표,665926330174.0,729547548896.0,33985725771.0,47307137709.0,매출액,영업이익,제 29 기,제 28 기
00414601,유니퀘스트,077500,2024,연결재무제표,710482069603.0,665926330174.0,34138354685.0,33985725771.0,매출액,영업이익,제 30 기,제 29 기
00414601,유니퀘스트,077500,2025,연결재무제표,730042828552.0,710482069603.0,36686843260.0,34138354685.0,수익(매출액),영업이익(손실),제 31 기,제 30 기
00147152,유니크,011320,2023,연결재무제표,328952037421.0,284078900765.0,9343700254.0,5935849482.0,수익(매출액),영업이익,제 48 기,제 47 기
00147152,유니크,011320,2024,연결재무제표,374799680024.0,328952037421.0,8349128566.0,9343700254.0,수익(매출액),영업이익,제 49 기,제 48 기
00147152,유니크,011320,2025,연결재무제표,430183306362.0,374799680024.0,14423859541.0,8349128566.0,수익(매출액),영업이익(손실),제 50 기,제 49 기
00540447,유니테스트,086390,2023,연결재무제표,167769309722.0,123779966545.0,7142809006.0,-5992092759.0,수익(매출액),영업이익(손실),제 24 기,제 23 기
00540447,유니테스트,086390,2024,연결재무제표,92434193510.0,167769309722.0,-23439177500.0,7142809006.0,수익(매출액),영업이익(손실),제 25 기,제 24 기
00540447,유니테스트,086390,2025,연결재무제표,110195025305.0,92434193510.0,-21088560085.0,-23439177500.0,수익(매출액),영업이익(손실),제 26 기,제 25 기
00531865,유니테크노,241690,2023,연결재무제표,101893975859.0,82372227506.0,11443596660.0,6119272210.0,매출액,영업이익(손실),제 24 기,제 23 기
00531865,유니테크노,241690,2024,연결재무제표,105133809332.0,101893975859.0,8116951945.0,11443596660.0,매출액,영업이익(손실),제 25 기,제 24 기
00531865,유니테크노,241690,2025,연결재무제표,107159702000.0,105133809000.0,2054515000.0,8116952000.0,수익(매출액),영업이익(손실),제 26 기,제 25 기
00879020,유니트론텍,142210,2023,연결재무제표,598093762212.0,525048561043.0,30923836146.0,30871376670.0,매출액,영업이익,제 28 기,제 27 기
00879020,유니트론텍,142210,2024,연결재무제표,712288587261.0,598093762212.0,36127149169.0,30923836146.0,매출액,영업이익,제 29 기,제 28 기
00879020,유니트론텍,142210,2025,연결재무제표,768974453691.0,712288587261.0,32268544768.0,36127149169.0,매출액,영업이익,제 30 기,제 29 기
01498576,유디엠텍,389680,2024,별도재무제표,6072035307.0,7415743086.0,-2009724761.0,154996544.0,매출액,영업이익(손실),제 18 기,제 17 기
01498576,유디엠텍,389680,2025,별도재무제표,3213108855.0,6072035307.0,-3646962261.0,-2009724761.0,매출액,영업이익(손실),제 19 기,제 18 기
00407294,유라클,088340,2024,연결재무제표,47577265822.0,45745956970.0,1966275079.0,3099928289.0,매출액,영업이익(손실),제 24 기,제 23 기
00407294,유라클,088340,2025,연결재무제표,43754173452.0,47577265822.0,-6774588931.0,1966275079.0,매출액,영업이익(손실),제 25 기,제 24 기
00201742,유라테크,048430,2023,연결재무제표,209704070807.0,190072028203.0,6031551193.0,-438926717.0,매출액,영업이익(손실),제 37 기,제 36 기
00201742,유라테크,048430,2024,연결재무제표,201350449443.0,209704070807.0,10506324936.0,6031551193.0,매출액,영업이익(손실),제 38 기,제 37 기
00201742,유라테크,048430,2025,연결재무제표,197253919651.0,201350449443.0,1814073099.0,10506324936.0,매출액,영업이익(손실),제 39 기,제 38 기
00927558,유바이오로직스,206650,2023,연결재무제표,69365660612.0,55466694236.0,7699109509.0,-3768601411.0,매출액,영업이익(손실),제 14 기,제 13 기
00927558,유바이오로직스,206650,2024,별도재무제표,96035297831.0,69365660612.0,34321335803.0,7699109509.0,매출액,영업이익(손실),제 15 기,제 14 기
00927558,유바이오로직스,206650,2025,별도재무제표,149195024704.0,96035297831.0,60663218448.0,34321335803.0,수익(매출액),영업이익(손실),제 16 기,제 15 기
00592653,유비벨록스,089850,2023,연결재무제표,543627601474.0,449332240723.0,49345273375.0,14783421578.0,수익(매출액),영업이익(손실),제 24 기,제 23 기
00592653,유비벨록스,089850,2024,연결재무제표,607104912645.0,543627601474.0,34097053288.0,49345273375.0,수익(매출액),영업이익(손실),제 25 기,제 24 기
00592653,유비벨록스,089850,2025,연결재무제표,667887213186.0,607104912645.0,21457139332.0,34097053288.0,수익(매출액),영업이익(손실),제 26 기,제 25 기
00531078,유비온,084440,2023,연결재무제표,31831832251.0,31461108081.0,385118878.0,2344664758.0,매출,영업이익,제 24 기,제 23 기
00531078,유비온,084440,2024,연결재무제표,33282483966.0,31831832251.0,-2020965888.0,385118878.0,수익(매출액),영업이익,제 25 기,제 24 기
00531078,유비온,084440,2025,연결재무제표,33683623845.0,33282483966.0,1409644188.0,-2020965888.0,수익(매출액),영업이익(손실),제 26 기,제 25 기
01203376,유비쿼스,264450,2023,연결재무제표,150278202365.0,133722826313.0,29038985036.0,24541815189.0,매출액,영업이익,제 7 기,제 6 기
01203376,유비쿼스,264450,2024,연결재무제표,103793319517.0,150278202365.0,12370912733.0,29038985036.0,매출액,영업이익,제 8 기,제 7 기
01203376,유비쿼스,264450,2025,연결재무제표,116437998535.0,103793319517.0,23104437271.0,12370912733.0,매출액,영업이익,제 9 기,제 8 기
00411385,유비쿼스홀딩스,078070,2023,연결재무제표,171599705010.0,151583235829.0,32598433001.0,27409294612.0,매출액,영업이익,제 24 기,제 23 기
00411385,유비쿼스홀딩스,078070,2024,연결재무제표,125649459355.0,171599705010.0,14347890468.0,32598433001.0,매출액,영업이익,제 25 기,제 24 기
00411385,유비쿼스홀딩스,078070,2025,연결재무제표,155662304600.0,125649459355.0,30605437419.0,14347890468.0,매출액,영업이익,제 26 기,제 25 기
00174004,유성기업,002920,2023,연결재무제표,311469920690.0,296756353988.0,8019390028.0,6726401302.0,수익(매출액),영업이익(손실),제 64 기,제 63 기
00174004,유성기업,002920,2024,연결재무제표,324603324420.0,311469920690.0,-473712416.0,8019390028.0,수익(매출액),영업이익(손실),제 65 기,제 64 기
00174004,유성기업,002920,2025,연결재무제표,304574766277.0,324603324420.0,-30023008741.0,-473712416.0,수익(매출액),영업이익(손실),제 66 기,제 65 기
00173999,유성티엔에스,024800,2023,연결재무제표,237322795454.0,276770975513.0,2095347531.0,2692150214.0,매출액,영업이익(손실),제 47 기,제 46 기
00173999,유성티엔에스,024800,2024,연결재무제표,152855246796.0,237322795454.0,4925695156.0,2095347531.0,수익(매출액),영업이익(손실),제 48 기,제 47 기
00173999,유성티엔에스,024800,2025,연결재무제표,67042880664.0,152855246796.0,1225404512.0,4925695156.0,수익(매출액),영업이익,제 49 기,제 48 기
00163691,유수홀딩스,000700,2023,연결재무제표,341773101419.0,557607368527.0,21005544102.0,29646246718.0,매출액,영업이익,제 86 기,제 85 기
00163691,유수홀딩스,000700,2024,연결재무제표,435867054050.0,341769101419.0,18315439948.0,21985188591.0,매출액,영업이익,제 87 기,제 86 기
00163691,유수홀딩스,000700,2025,연결재무제표,418474161915.0,435867054050.0,21219524179.0,18315439948.0,매출액,영업이익,제 88 기,제 87 기
00144650,유신,054930,2023,별도재무제표,341055308847.0,303961301436.0,18309702869.0,20901452578.0,수익(매출액),영업이익(손실),제 58 기,제 57 기
00144650,유신,054930,2024,연결재무제표,339578152680.0,341055308847.0,5813013246.0,18309702869.0,매출액,영업이익(손실),제 59 기,제 58 기
00144650,유신,054930,2025,별도재무제표,385502385861.0,339578152680.0,9243765481.0,5813013246.0,수익(매출액),영업이익(손실),제 60 기,제 59 기
00400121,유아이디,069330,2023,연결재무제표,52968921282.0,62484795893.0,-325392074.0,3867134237.0,매출액,영업이익(손실),제 34 기,제 33 기
00400121,유아이디,069330,2024,연결재무제표,53558158467.0,52968921282.0,244020616.0,-325392074.0,매출액,영업이익(손실),제 35 기,제 34 기
00400121,유아이디,069330,2025,연결재무제표,49690517314.0,53558158467.0,1301726619.0,244020616.0,매출액,영업이익(손실),제 36 기,제 35 기
00256380,유아이엘,049520,2023,연결재무제표,332145486183.0,332931159910.0,8676527801.0,5770126034.0,매출액,영업이익(손실),제 42 기,제 41 기
00256380,유아이엘,049520,2024,연결재무제표,424657577159.0,332145486183.0,21064136354.0,8472833544.0,매출액,영업이익(손실),제 43 기,제 42 기
00256380,유아이엘,049520,2025,연결재무제표,412263992426.0,424657577159.0,26354275450.0,21064136354.0,매출액,영업이익(손실),제 44 기,제 43 기
01688346,유안타제11호기업인수목적,444920,2023,별도재무제표,0.0,0.0,-48543250.0,-13847740.0,영업수익,영업이익(손실),제 2 기,제 1 기
01688346,유안타제11호기업인수목적,444920,2024,별도재무제표,0.0,0.0,-37241850.0,-48543250.0,영업수익,영업이익(손실),제 3 기,제 2 기
01690235,유안타제12호기업인수목적,446150,2024,별도재무제표,0.0,0.0,-68424070.0,-52865507.0,영업수익,영업이익(손실),제 3 기,제 2 기
01690235,유안타제12호기업인수목적,446150,2025,별도재무제표,0.0,0.0,-96713030.0,-68424070.0,영업수익,영업이익(손실),제 4 기,제 3 기
01706819,유안타제14호기업인수목적,450940,2023,별도재무제표,0.0,0.0,-33978460.0,-9079000.0,영업수익,영업이익(손실),제 2 기,제 1 기
01706819,유안타제14호기업인수목적,450940,2025,별도재무제표,0.0,0.0,-31954352.0,-35961280.0,영업수익,영업이익(손실),제 4 기,제 3 기
01798980,유안타제15호스팩,473050,2024,별도재무제표,0.0,0.0,-32866700.0,-12105940.0,영업수익,영업이익(손실),제 2 기,제 1 기
01804476,유안타제16호스팩,474490,2024,별도재무제표,0.0,0.0,-41667680.0,-3965640.0,영업수익,영업이익(손실),제 2 기,제 1 기
01804476,유안타제16호스팩,474490,2025,별도재무제표,0.0,0.0,-37172248.0,-41667680.0,영업수익,영업이익(손실),제 3 기,제 2 기
00117601,유안타증권,003470,2023,연결재무제표,2855003316000.0,2479008315000.0,129124926000.0,43311171000.0,I. 영업수익,III. 영업이익(손실),제 63 기,제 62 기
00117601,유안타증권,003470,2024,연결재무제표,2712726528000.0,2855003316000.0,94753156000.0,129124926000.0,I. 영업수익,III. 영업이익(손실),제 64 기,제 63 기
00117601,유안타증권,003470,2025,연결재무제표,3461272611000.0,2712726528000.0,99379167000.0,94753156000.0,I. 영업수익,III. 영업이익(손실),제 65 기,제 64 기
01196313,유에스티,263770,2023,별도재무제표,99142525265.0,99891130805.0,14064443990.0,16205718762.0,매출액,영업이익(손실),제 7 기,제 6 기
01196313,유에스티,263770,2024,별도재무제표,74779707939.0,99142525265.0,6901545787.0,14064443990.0,매출액,영업이익(손실),제 8 기,제 7 기
01196313,유에스티,263770,2025,별도재무제표,57966763324.0,73202022857.0,2332295667.0,6724128881.0,매출액,영업이익(손실),제 9 기,제 8 기
00416654,유엔젤,072130,2023,연결재무제표,36639038647.0,30044902862.0,-1777259096.0,845798193.0,매출액,영업이익(손실),제 25 기,제 24 기
00416654,유엔젤,072130,2024,연결재무제표,53045913656.0,36639038647.0,788654456.0,-1777259096.0,매출액,영업이익(손실),제 26 기,제 25 기
00416654,유엔젤,072130,2025,연결재무제표,61566608489.0,53045913656.0,3419832610.0,788654456.0,매출액,영업이익(손실),제 27 기,제 26 기
00144818,유유제약,000220,2023,연결재무제표,137209588673.0,138881056346.0,364537115.0,-592113629.0,수익(매출액),영업이익(손실),제 84 기,제 83 기
00144818,유유제약,000220,2024,연결재무제표,133147218082.0,137209588673.0,11697341742.0,364537115.0,수익(매출액),영업이익(손실),제 85 기,제 84 기
00144818,유유제약,000220,2025,연결재무제표,140884666972.0,133147218082.0,11019185739.0,11697341742.0,수익(매출액),영업이익(손실),제 86 기,제 85 기
01152586,유일로보틱스,388720,2023,별도재무제표,29454386714.0,38445045661.0,-7008150424.0,-3063639691.0,매출,영업이익(손실),제 13 기,제 12 기
01152586,유일로보틱스,388720,2024,별도재무제표,35168850105.0,29454386714.0,395024451.0,-6437297893.0,매출,영업이익(손실),제 14 기,제 13 기
01152586,유일로보틱스,388720,2025,별도재무제표,36917751388.0,35168850105.0,-12620478623.0,395024451.0,매출액,영업이익(손실),제 15 기,제 14 기
00184667,유진기업,023410,2023,연결재무제표,1473426055245.0,1407717459055.0,84442700646.0,54719955238.0,매출액,영업이익,제 40 기,제 39 기
00184667,유진기업,023410,2024,연결재무제표,1393301260353.0,1473426055245.0,55002985748.0,84442700646.0,매출,영업이익,제 41 기,제 40 기
00184667,유진기업,023410,2025,연결재무제표,1332687769915.0,1393301260353.0,32373543119.0,55002985748.0,매출,영업이익,제 42 기,제 41 기
00234227,유진로봇,056080,2023,별도재무제표,30417114433.0,44501666554.0,-4676140066.0,4453702357.0,수익(매출액),영업이익(손실),제 31 기,제 30 기
00234227,유진로봇,056080,2024,별도재무제표,26038009171.0,19270797682.0,-4223672227.0,-5341233557.0,수익(매출액),영업이익(손실),제 32 기,제 31 기
00234227,유진로봇,056080,2025,별도재무제표,28189374133.0,24207874021.0,-5033460702.0,-2666581077.0,수익(매출액),영업이익(손실),제 33 기,제 32 기
01787072,유진스팩10호,468760,2024,별도재무제표,0.0,0.0,-42893810.0,-19174640.0,수익(매출액),영업이익(손실),제 2 기,제 1 기
01787072,유진스팩10호,468760,2025,별도재무제표,0.0,0.0,-43336567.0,-42893810.0,영업수익,영업이익(손실),제 3 기,제 2 기
01854392,유진스팩11호,488060,2025,별도재무제표,0.0,0.0,-46527568.0,-29621740.0,영업수익,영업활동으로부터의 이익(손실),제 2 기,제 1 기
00131054,유진증권,001200,2023,연결재무제표,1647662690835.0,1821576539177.0,27039374857.0,18122584846.0,영업수익,영업이익(손실),제 71 기,제 70 기
00131054,유진증권,001200,2024,연결재무제표,1652599784559.0,1647662690835.0,58338142158.0,27039374857.0,영업수익,영업이익(손실),제 72 기,제 71 기
00131054,유진증권,001200,2025,연결재무제표,1694075188265.0,1652599784559.0,84440893235.0,58338142158.0,영업수익,영업이익(손실),제 73 기,제 72 기
00531014,유진테크,084370,2023,연결재무제표,276533350776.0,310632917779.0,24325728964.0,53640954367.0,수익(매출액),영업이익,제 24 기,제 23 기
00531014,유진테크,084370,2024,연결재무제표,338067812312.0,276533350776.0,61177012897.0,24325728964.0,수익(매출액),영업이익,제 25 기,제 24 기
00531014,유진테크,084370,2025,연결재무제표,350324287104.0,338067812312.0,51671713116.0,61177012897.0,수익(매출액),영업이익(손실),제 26 기,제 25 기
01085026,유진테크놀로지,240600,2023,연결재무제표,47497623102.0,39824841246.0,6379656267.0,2384643399.0,수익(매출액),영업이익(손실),제 14 기,제 13 기
01085026,유진테크놀로지,240600,2024,연결재무제표,31123708985.0,47497623102.0,-3933638158.0,6379656267.0,수익(매출액),영업이익(손실),제 15 기,제 14 기
01085026,유진테크놀로지,240600,2025,연결재무제표,28679627649.0,31123708985.0,-7784281141.0,-3933638158.0,수익(매출액),영업이익(손실),제 16 기,제 15 기
00961774,유티아이,179900,2023,연결재무제표,19361163288.0,36443362536.0,-19731810602.0,-4640515978.0,수익(매출액),영업이익(손실),제 14 기,제 13 기
00961774,유티아이,179900,2024,연결재무제표,18560210791.0,19361163288.0,-32244174319.0,-19731810602.0,수익(매출액),영업이익(손실),제 15 기,제 14 기
00961774,유티아이,179900,2025,연결재무제표,19972205414.0,18560210791.0,-48310857293.0,-32244174319.0,매출액,영업이익(손실),제 16 기,제 15 기
01110678,유틸렉스,263050,2023,연결재무제표,131654000.0,215662000.0,-29783867707.0,-36733227143.0,영업수익,영업이익(손실),제 9 기,제 8 기
01110678,유틸렉스,263050,2024,연결재무제표,9526610583.0,131654000.0,-26508412156.0,-29783867707.0,매출,영업손실,제 10 기,제 9 기
01110678,유틸렉스,263050,2025,연결재무제표,10294911483.0,9526610583.0,-18918617361.0,-26508412156.0,매출,영업손실,제 11 기,제 10 기
00145109,유한양행,000100,2023,연결재무제표,1858983759666.0,1775846942745.0,56759795062.0,36028967211.0,매출액,영업이익,제 101 기,제 100 기
00145109,유한양행,000100,2024,연결재무제표,2067791451854.0,1858983759666.0,54880319609.0,57032368560.0,매출액,영업이익,제 102 기,제 101 기
00145109,유한양행,000100,2025,연결재무제표,2186637586358.0,2067791451854.0,104374493823.0,54880319609.0,매출액,영업이익,제 103 기,제 102 기
00145190,유화증권,003460,2023,별도재무제표,9760913191.0,8304433022.0,-429524300.0,-2884495045.0,Ⅶ.영업외수익,Ⅵ.영업이익(손실),제 63 기,제 62 기
00145190,유화증권,003460,2024,별도재무제표,10881295414.0,9760913191.0,12200935029.0,-429524300.0,영업외수익,영업이익(손실),제 64 기,제 63 기
00145190,유화증권,003460,2025,별도재무제표,11305521475.0,10881295414.0,5916978672.0,12200935029.0,영업외수익,영업이익(손실),제 65 기,제 64 기
00843900,육일씨엔에쓰,191410,2023,연결재무제표,29019810938.0,33151032021.0,914356112.0,-1734506575.0,수익(매출액),영업이익(손실),제 17 기,제 16 기
00843900,육일씨엔에쓰,191410,2024,연결재무제표,37542868390.0,29019810938.0,-475747723.0,914356112.0,수익(매출액),영업이익(손실),제 18 기,제 17 기
00843900,육일씨엔에쓰,191410,2025,연결재무제표,44835017787.0,33725388352.0,-1507136782.0,-951980666.0,수익(매출액),영업이익(손실),제 19 기,제 18 기
00925374,윤성에프앤씨,372170,2023,연결재무제표,312881434759.0,210275586398.0,26473951396.0,32072532646.0,매출액,영업이익(손실),제 24 기,제 23 기
00925374,윤성에프앤씨,372170,2024,연결재무제표,271333263956.0,312881434759.0,31914052767.0,26473951396.0,매출액,영업이익(손실),제 25 기,제 24 기
00925374,윤성에프앤씨,372170,2025,연결재무제표,100175134197.0,271333263956.0,-31641839337.0,31914052767.0,매출액,영업이익,제 26 기,제 25 기
00495633,율촌,146060,2023,연결재무제표,72612466182.0,75822696549.0,4119945246.0,5149878984.0,수익(매출액),영업이익(손실),제 38 기,제 37 기
00495633,율촌,146060,2024,연결재무제표,78165912234.0,72612466182.0,5156599591.0,4119945246.0,수익(매출액),영업이익(손실),제 39 기,제 38 기
00495633,율촌,146060,2025,연결재무제표,79251351612.0,78165912234.0,5080233690.0,5156599591.0,수익(매출액),영업이익(손실),제 40 기,제 39 기
00145260,율촌화학,008730,2023,연결재무제표,414490610375.0,457893592811.0,-16200386104.0,-5978733266.0,수익(매출액),영업이익(손실),제 51 기,제 50 기
00145260,율촌화학,008730,2024,연결재무제표,457078095305.0,414490610375.0,-18354577060.0,-16200386104.0,매출액,영업손실,제 52 기,제 51 기
00145260,율촌화학,008730,2025,연결재무제표,485382903935.0,457078095305.0,8514206208.0,-18354577060.0,매출액,영업이익(손실),제 53 기,제 52 기
00145446,이건산업,008250,2023,연결재무제표,311559747602.0,329330250975.0,9115784917.0,19324775021.0,매출액,영업이익,제 52 기,제 51 기
00145446,이건산업,008250,2024,연결재무제표,326972782768.0,311559747602.0,13791182675.0,9115784917.0,매출액,영업이익,제 53 기,제 52 기
00145446,이건산업,008250,2025,연결재무제표,297310475768.0,326972782768.0,-3828505984.0,13791182675.0,매출액,영업이익(손실),제 54 기,제 53 기
00184889,이건홀딩스,039020,2023,연결재무제표,458516755984.0,507557619792.0,3234973770.0,22087536646.0,매출액,영업이익,제 37 기,제 36 기
00184889,이건홀딩스,039020,2024,연결재무제표,497372679636.0,458516755984.0,6560017886.0,3234973770.0,매출액,영업이익,제 38 기,제 37 기
00184889,이건홀딩스,039020,2025,연결재무제표,447114517033.0,497372679636.0,-1242672630.0,6560017886.0,매출액,영업손실,제 39 기,제 38 기
00145464,이구산업,025820,2023,별도재무제표,433373177732.0,429618752228.0,10213327750.0,13690371011.0,수익(매출액),영업이익(손실),제 53 기,제 52 기
00145464,이구산업,025820,2024,별도재무제표,472292427806.0,433373177732.0,25163412834.0,10213327750.0,수익(매출액),영업이익(손실),제 54 기,제 53 기
00145464,이구산업,025820,2025,별도재무제표,507783563654.0,472292427806.0,24406930773.0,25163412834.0,수익(매출액),영업이익(손실),제 55 기,제 54 기
00364847,이글루,067920,2023,연결재무제표,106955419497.0,103006024592.0,5716998998.0,8007600293.0,영업수익,영업이익,제 25 기,제 24 기
00364847,이글루,067920,2024,연결재무제표,111217234533.0,105072376259.0,6068314076.0,7536587106.0,영업수익,영업이익,제 26 기,제 25 기
00364847,이글루,067920,2025,연결재무제표,143257199274.0,111217234533.0,16009426307.0,6068314076.0,영업수익,영업이익,제 27 기,제 26 기
00145473,이글벳,044960,2023,별도재무제표,42793696742.0,43539693973.0,3325250849.0,3555156850.0,수익(매출액),영업이익(손실),제 40 기,제 39 기
00145473,이글벳,044960,2024,별도재무제표,41716632056.0,42793696742.0,3466835816.0,3325250849.0,수익(매출액),영업이익(손실),제 41 기,제 40 기
00145473,이글벳,044960,2025,별도재무제표,43323059369.0,41716632056.0,4259691487.0,3466835816.0,수익(매출액),영업이익(손실),제 42 기,제 41 기
01264872,이노뎁,303530,2023,별도재무제표,84032973558.0,76416490550.0,635755479.0,413004227.0,수익(매출액),영업이익(손실),제 16 기,제 15 기
01264872,이노뎁,303530,2024,연결재무제표,86775972174.0,84032973558.0,-1933924977.0,635755479.0,수익(매출액),영업이익(손실),제 17 기,제 16 기
01264872,이노뎁,303530,2025,연결재무제표,70744057088.0,86775972174.0,-2896673174.0,-1933924977.0,수익(매출액),영업이익(손실),제 18 기,제 17 기
01258710,이노메트리,302430,2023,연결재무제표,83783909848.0,75710472632.0,8208876108.0,3770745384.0,매출액,영업이익,제 16 기,제 15 기
01258710,이노메트리,302430,2024,연결재무제표,52996048556.0,83783909848.0,-7228086313.0,8208876108.0,매출액,영업이익,제 17 기,제 16 기
01258710,이노메트리,302430,2025,연결재무제표,38567691701.0,52996048556.0,-5703408531.0,-7228086313.0,매출액,영업이익(손실),제 18 기,제 17 기
00565154,이노션,214320,2023,연결재무제표,2092893299026.0,1750407624440.0,150018225572.0,136891845495.0,매출액,영업이익(손실),제 19 기,제 18 기
00565154,이노션,214320,2024,연결재무제표,2120578469848.0,2092893299026.0,155663117200.0,150018225572.0,매출액,영업이익,제 20 기,제 19 기
00565154,이노션,214320,2025,연결재무제표,2146040997442.0,2120578469848.0,162799995269.0,155663117200.0,매출액,영업이익,제 21 기,제 20 기
01700587,이노스페이스,462350,2023,연결재무제표,231425455.0,342201581.0,-15929213281.0,-25822444575.0,수익(매출액),영업손실,제 7 기,제 6 기
01700587,이노스페이스,462350,2024,연결재무제표,14708000.0,231425455.0,-32904435579.0,-15929213281.0,수익(매출액),영업이익(손실),제 8 기,제 7 기
01700587,이노스페이스,462350,2025,연결재무제표,2746488690.0,14708000.0,-72246459507.0,-32904435579.0,수익(매출액),영업이익(손실),제 9 기,제 8 기
00965318,이노시뮬레이션,274400,2023,연결재무제표,19483806089.0,16878208538.0,-155582735.0,-1795251839.0,수익(매출액),영업이익(손실),제 24 기,제 23 기
00965318,이노시뮬레이션,274400,2024,별도재무제표,9336213422.0,19483806089.0,-4813302769.0,-155582735.0,수익(매출액),영업이익(손실),제 25 기,제 24 기
00965318,이노시뮬레이션,274400,2025,별도재무제표,14252194849.0,9336213422.0,-1989301905.0,-4813302769.0,수익(매출액),영업이익(손실),제 26 기,제 25 기
01341630,이노에이엑스,296640,2023,연결재무제표,15510863452.0,16231490364.0,-1240608765.0,1288468429.0,매출액,영업이익(손실),제 17 기,제 16 기
01341630,이노에이엑스,296640,2024,연결재무제표,23706726437.0,15510863452.0,2396374785.0,-1240608765.0,매출액,영업이익(손실),제 18 기,제 17 기
01341630,이노에이엑스,296640,2025,연결재무제표,22932750118.0,23706726437.0,921645948.0,2396374785.0,매출액,영업이익(손실),제 19 기,제 18 기
01065679,이노인스트루먼트,215790,2023,연결재무제표,43871733220.0,49851253116.0,-18881001149.0,2919080751.0,매출액,영업이익(손실),제 9 기,제 8 기
01065679,이노인스트루먼트,215790,2024,연결재무제표,41174829794.0,43871733220.0,-27453545813.0,-18881001149.0,매출액,영업이익(손실),제 10 기,제 9 기
01065679,이노인스트루먼트,215790,2025,연결재무제표,43686995895.0,41174829794.0,-9189011471.0,-27453545813.0,매출액,영업이익(손실),제 11 기,제 10 기
01419135,이노진,344860,2023,별도재무제표,10101040486.0,9139386732.0,1226337763.0,1487584298.0,매출액,영업이익,제 19 기,제 18 기
01419135,이노진,344860,2024,별도재무제표,8944601685.0,10101040486.0,630490839.0,1226337763.0,매출액,영업이익,제 20 기,제 19 기
01419135,이노진,344860,2025,별도재무제표,8213447247.0,8944601685.0,4492321.0,630490839.0,매출액,영업이익(손실),제 21 기,제 20 기
01407158,이노테나,333050,2023,별도재무제표,24589393987.0,23206668340.0,706087168.0,1547753243.0,수익(매출액),영업이익(손실),제 5 기,제 4 기
01407158,이노테나,333050,2024,별도재무제표,27965604534.0,24589393987.0,2031229331.0,706087168.0,수익(매출액),영업이익(손실),제 6 기,제 5 기
01407158,이노테나,333050,2025,별도재무제표,29954275384.0,27965604534.0,1968728750.0,2031229331.0,매출액,영업이익,제 7 기,제 6 기
01745173,이노테크,469610,2025,연결재무제표,75699364393.0,61188283914.0,8638432723.0,5704356624.0,수익(매출액),영업이익(손실),제 13 기,제 12 기
00494476,이녹스,088390,2023,연결재무제표,61697133222.0,80422380010.0,5139441784.0,21643406303.0,영업수익,영업이익(손실),제 23 기,제 22 기
00494476,이녹스,088390,2024,연결재무제표,56165047988.0,61697133222.0,6481262444.0,5139441784.0,영업수익,영업이익(손실),제 24 기,제 23 기
00494476,이녹스,088390,2025,연결재무제표,59112838075.0,56165047988.0,6527989280.0,6481262444.0,영업수익,영업이익(손실),제 25 기,제 24 기
01237540,이녹스첨단소재,272290,2023,연결재무제표,387002612208.0,489352939422.0,42162013389.0,97114300759.0,매출액,영업이익,제 7 기,제 6 기
01237540,이녹스첨단소재,272290,2024,연결재무제표,422809289354.0,387002612208.0,86804439404.0,42162013389.0,수익(매출액),영업이익(손실),제 8 기,제 7 기
01237540,이녹스첨단소재,272290,2025,연결재무제표,439633940622.0,422809289354.0,81921389355.0,86804439404.0,수익(매출액),영업이익(손실),제 9 기,제 8 기
00353610,이니텍,053350,2023,별도재무제표,45650974077.0,53834114790.0,-3543879108.0,-2504137009.0,매출액,영업이익(손실),제 27 기,제 26 기
00353610,이니텍,053350,2024,별도재무제표,38881694487.0,45650974077.0,230825748.0,-3543879108.0,매출액,영업이익(손실),제 28 기,제 27 기
00353610,이니텍,053350,2025,연결재무제표,32805743548.0,38881694487.0,-2393409573.0,230825748.0,매출액,영업이익(손실),제 29 기,제 28 기
00338170,이닉스,452400,2023,연결재무제표,118889585648.0,114301523962.0,10785623995.0,9373779741.0,수익(매출액),영업이익(손실),제 40 기,제 39 기
00338170,이닉스,452400,2024,연결재무제표,104517963672.0,118889585648.0,-1535209709.0,10785623995.0,수익(매출액),영업이익(손실),제 41 기,제 40 기
00338170,이닉스,452400,2025,연결재무제표,122587961259.0,104517963672.0,-1001257059.0,-1535209709.0,수익(매출액),영업이익(손실),제 42 기,제 41 기
01199189,이랜시스,264850,2023,연결재무제표,68449331332.0,82595000694.0,5447612687.0,5468895467.0,매출액,영업이익,제 7 기,제 6 기
01199189,이랜시스,264850,2024,연결재무제표,71557511999.0,68449331332.0,5854698315.0,5447612687.0,매출액,영업이익,제 8 기,제 7 기
01199189,이랜시스,264850,2025,연결재무제표,69574700188.0,71557511999.0,3886441610.0,5854698315.0,매출액,영업이익,제 9 기,제 8 기
00206659,이랜텍,054210,2023,연결재무제표,751165179019.0,997936950212.0,30443364028.0,79787499608.0,매출액,영업이익(손실),제 42 기,제 41 기
00206659,이랜텍,054210,2024,연결재무제표,556013945520.0,751165179019.0,16100992106.0,30443364028.0,매출액,영업이익(손실),제 43 기,제 42 기
00206659,이랜텍,054210,2025,연결재무제표,753160333079.0,556013945520.0,43166434159.0,16100992106.0,수익(매출액),영업이익(손실),제 44 기,제 43 기
00116426,이렘,009730,2023,별도재무제표,76780298502.0,66612579112.0,979218394.0,1987489985.0,수익(매출액),영업이익(손실),제 50 기,제 49 기
00116426,이렘,009730,2024,별도재무제표,109831999855.0,76780298502.0,-4723456766.0,979218394.0,수익(매출액),영업손익,제 51 기,제 50 기
00116426,이렘,009730,2025,별도재무제표,91994767552.0,109831999855.0,-13889588817.0,-4723456766.0,I. 매출액,V. 영업손익,제 52 기,제 51 기
00390514,이루온,065440,2023,연결재무제표,56033528386.0,56561772027.0,3034532431.0,941363556.0,매출액,영업이익(손실),제 26 기,제 25 기
00390514,이루온,065440,2024,연결재무제표,68518749923.0,56033528386.0,3096647847.0,3034532431.0,매출액,영업이익(손실),제 27 기,제 26 기
00390514,이루온,065440,2025,연결재무제표,61561302031.0,68518749923.0,1534602028.0,3096647847.0,매출액,영업이익(손실),제 28 기,제 27 기
00544452,이리츠코크렙,088260,2023,연결재무제표,22290715029.0,21843544096.0,17266032983.0,16822798788.0,영업수익,영업이익(손실),제 36 기,제 35 기
00544452,이리츠코크렙,088260,2024,연결재무제표,22754387430.0,22395656057.0,17606425388.0,17355122875.0,영업수익,영업이익,제 38 기,제 37 기
00544452,이리츠코크렙,088260,2025,연결재무제표,23218505054.0,22879962369.0,18180884436.0,17831881832.0,영업수익,영업이익,제 40 기,제 39 기
00872984,이마트,139480,2023,연결재무제표,29472247894459.0,29332413845888.0,-46935431343.0,135651681895.0,매출액,영업이익(손실),제 13 기,제 12 기
00872984,이마트,139480,2024,연결재무제표,29020896860848.0,29472247894459.0,47098144142.0,-46935431343.0,매출액,영업이익(손실),제 14 기,제 13 기
00872984,이마트,139480,2025,연결재무제표,28970388263858.0,29020896860848.0,322541170250.0,47098144142.0,매출액,영업이익(손실),제 15 기,제 14 기
01203659,이뮨온시아,424870,2025,별도재무제표,111208740.0,654539170.0,-28004634036.0,-12598557314.0,수익(매출액),영업이익(손실),제 10 기,제 9 기
00694942,이미지스,115610,2023,별도재무제표,16100183610.0,21917076908.0,-2313092777.0,1551363628.0,매출액,영업이익(손실),제 20 기,제 19 기
00694942,이미지스,115610,2024,별도재무제표,12984837232.0,16100183610.0,-5213933597.0,-2313092777.0,매출액,영업이익(손실),제 21 기,제 20 기
00694942,이미지스,115610,2025,별도재무제표,13222397763.0,12984837232.0,-1987171358.0,-5213933597.0,매출액,영업이익(손실),제 22 기,제 21 기
01815764,이베스트스팩6호,478110,2025,별도재무제표,0.0,0.0,-32927200.0,-35490940.0,영업수익,영업이익(손실),제 2 기,제 1 기
00533924,이브이첨단소재,131400,2023,연결재무제표,62797170564.0,58070355128.0,-5770212015.0,-2861439150.0,매출액,영업이익,제 20 기,제 19 기
00533924,이브이첨단소재,131400,2024,연결재무제표,81920209500.0,62797170564.0,2566102422.0,-5770212015.0,매출액,영업이익,제 21 기,제 20 기
00533924,이브이첨단소재,131400,2025,연결재무제표,58957039857.0,81920209500.0,-3175789091.0,2566102422.0,매출액,영업이익,제 22 기,제 21 기
01135640,이삭엔지니어링,351330,2023,연결재무제표,100515237200.0,59678363357.0,134144976.0,2359014965.0,수익(매출액),영업이익(손실),제 17 기,제 16 기
01135640,이삭엔지니어링,351330,2024,연결재무제표,68450229130.0,100515237200.0,-4543528819.0,134144976.0,수익(매출액),영업이익(손실),제 18 기,제 17 기
01135640,이삭엔지니어링,351330,2025,연결재무제표,78986196809.0,68450229130.0,-7182250667.0,-4543528819.0,수익(매출액),영업이익(손실),제 19 기,제 18 기
00454399,이상네트웍스,080010,2023,연결재무제표,82291210125.0,69962205388.0,15142638295.0,13301535533.0,수익(매출액),영업이익(손실),제 24 기,제 23 기
00454399,이상네트웍스,080010,2024,연결재무제표,97795704809.0,82291210125.0,20737331918.0,15142638295.0,수익(매출액),영업이익(손실),제 25 기,제 24 기
00454399,이상네트웍스,080010,2025,연결재무제표,103782678478.0,97795704809.0,22916857559.0,20737331918.0,수익(매출액),영업이익(손실),제 26 기,제 25 기
01762569,이수스페셜티케미컬,457190,2024,별도재무제표,332069862904.0,117528614931.0,14206083843.0,-6119544615.0,매출액,영업이익(손실),제 2 기,제 1 기
01762569,이수스페셜티케미컬,457190,2025,연결재무제표,411470361000.0,332069863000.0,1615256000.0,14206084000.0,매출액,영업이익(손실),제 3 기,제 2 기
00526872,이수앱지스,086890,2023,별도재무제표,54305557874.0,41169946647.0,3886085129.0,-16032148457.0,수익(매출액),영업이익(손실),제 23 기,제 22 기
00526872,이수앱지스,086890,2024,별도재무제표,60258326174.0,54305557874.0,13401623331.0,3886085129.0,수익(매출액),영업이익(손실),제 24 기,제 23 기
00526872,이수앱지스,086890,2025,별도재무제표,56672366046.0,60258326174.0,1634413733.0,13401623331.0,수익(매출액),영업이익(손실),제 25 기,제 24 기
00107613,이수페타시스,007660,2023,연결재무제표,675332755709.0,642920533265.0,62169058401.0,116618143622.0,매출액,영업이익(손실),제 52 기,제 51 기
00107613,이수페타시스,007660,2024,연결재무제표,836866961285.0,675332755709.0,101878836049.0,62169058401.0,수익(매출액),영업이익(손실),제 53 기,제 52 기
00107613,이수페타시스,007660,2025,연결재무제표,1088025119176.0,836866961285.0,204724531402.0,101878836049.0,수익(매출액),영업이익(손실),제 54 기,제 53 기
00145552,이수화학,005950,2023,연결재무제표,1995488453425.0,2001785794246.0,-56017930753.0,-17067101101.0,매출액,영업이익(손실),제 56 기,제 55 기
00145552,이수화학,005950,2024,연결재무제표,1916230887000.0,1995488453000.0,-51445078000.0,-56017931000.0,매출액,영업이익(손실),제 57 기,제 56 기
00145552,이수화학,005950,2025,연결재무제표,1659477477000.0,1916230887000.0,6884026000.0,-51445078000.0,매출액,영업이익(손실),제 58 기,제 57 기
00134565,이스타코,015020,2023,별도재무제표,13270580140.0,7626732046.0,-1661140792.0,-3170883298.0,수익(매출액),영업이익(손실),제 44 기,제 43 기
00134565,이스타코,015020,2024,별도재무제표,11491693531.0,13270580140.0,-3286469890.0,-1661140792.0,수익(매출액),영업이익(손실),제 45 기,제 44 기
00134565,이스타코,015020,2025,별도재무제표,16428295245.0,11491693531.0,-407494038.0,-3286469890.0,수익(매출액),영업이익(손실),제 46 기,제 45 기
00273420,이스트소프트,047560,2023,연결재무제표,92481784434.0,88767503742.0,-8907053307.0,-5668272734.0,영업수익,영업이익(손실),제 31 기,제 30 기
00273420,이스트소프트,047560,2024,연결재무제표,102456507554.0,92481784434.0,-13456406745.0,-8907053307.0,영업수익,영업이익(손실),제 32 기,제 31 기
00273420,이스트소프트,047560,2025,연결재무제표,106793497959.0,102456507554.0,-18953916533.0,-13456406745.0,영업수익,영업이익(손실),제 33 기,제 32 기
01128622,이스트에이드,239340,2023,연결재무제표,13837382502.0,22921900442.0,-6176198460.0,-725778895.0,영업수익,영업이익,제 8 기,제 7 기
01128622,이스트에이드,239340,2024,연결재무제표,16398804579.0,13837382502.0,-4805446020.0,-6176198460.0,영업수익,영업이익,제 9 기,제 8 기
01128622,이스트에이드,239340,2025,연결재무제표,15584000821.0,16398804579.0,-5578288845.0,-4805446020.0,영업수익,영업이익,제 10 기,제 9 기
00400060,이씨에스,067010,2023,별도재무제표,100614785931.0,80205503054.0,4233937407.0,4996511571.0,수익(매출액),영업이익(손실),제 25 기,제 24 기
00400060,이씨에스,067010,2024,별도재무제표,91805920912.0,100614785931.0,1475201355.0,4233937407.0,수익(매출액),영업이익(손실),제 26 기,제 25 기
00400060,이씨에스,067010,2025,별도재무제표,73347135869.0,91805920912.0,-2692474844.0,1475201355.0,수익(매출액),영업이익(손실),제 27 기,제 26 기
00480950,이아이디,093230,2023,연결재무제표,279602987443.0,269174490013.0,-6899810801.0,-12839603028.0,매출액,영업이익(손실),제 22 기,제 21 기
00480950,이아이디,093230,2024,연결재무제표,252015755334.0,279602987443.0,2798430942.0,-6899810801.0,매출액,영업이익(손실),제 23 기,제 22 기
00480950,이아이디,093230,2025,연결재무제표,199475511910.0,252015755334.0,-2890890906.0,2798430942.0,매출액,영업이익(손실),제 24 기,제 23 기
01544468,이엔셀,456070,2024,별도재무제표,7209317184.0,10525886941.0,-15683109888.0,-11755056969.0,매출액,영업이익(손실),제 7 기,제 6 기
01544468,이엔셀,456070,2025,별도재무제표,5258687306.0,7209317184.0,-17902877551.0,-15683109888.0,매출액,영업이익(손실),제 8 기,제 7 기
00530185,이엔에프테크놀로지,102710,2023,연결재무제표,574762367332.0,680206980850.0,24700466058.0,64645433271.0,수익(매출액),영업이익(손실),제 24 기,제 23 기
00530185,이엔에프테크놀로지,102710,2024,연결재무제표,582433714374.0,531103274601.0,59332428655.0,23874423231.0,수익(매출액),영업이익(손실),제 25 기,제 24 기
00530185,이엔에프테크놀로지,102710,2025,연결재무제표,670896289801.0,582433714374.0,78076791477.0,59332428655.0,매출액,영업이익,제 26 기,제 25 기
00469799,이엔플러스,074610,2023,연결재무제표,44887669106.0,26895279587.0,-23921334947.0,-13174840671.0,수익(매출액),영업이익(손실),제 21 기,제 20 기
00469799,이엔플러스,074610,2024,연결재무제표,58314142635.0,44887669106.0,-22384501827.0,-23921334947.0,수익(매출액),영업이익(손실),제 22 기,제 21 기
00469799,이엔플러스,074610,2025,연결재무제표,29504334488.0,20199884719.0,-2825997911.0,-17282516294.0,매출액,영업이익(손실),제 23 기,제 22 기
00137289,이엘씨,041520,2023,연결재무제표,87041126630.0,137571424568.0,-15367519037.0,-9503011032.0,수익(매출액),영업이익(손실),제 40 기,제 39 기
00137289,이엘씨,041520,2024,연결재무제표,29234744853.0,16118985027.0,-4682302937.0,-7307074486.0,수익(매출액),영업이익(손실),제 41 기,제 40 기
00137289,이엘씨,041520,2025,연결재무제표,37888100006.0,29234744853.0,-900650522.0,-4682302937.0,수익(매출액),영업이익(손실),제 42 기,제 41 기
00374020,이엘피,063760,2023,연결재무제표,21412070653.0,23611630790.0,-5633682955.0,-3220697057.0,매출액,영업이익(손실),제 25 기,제 24 기
00374020,이엘피,063760,2024,연결재무제표,28010840701.0,21412070653.0,-4199751616.0,-5633682955.0,매출액,영업이익(손실),제 26 기,제 25 기
00374020,이엘피,063760,2025,연결재무제표,27313414664.0,28010840701.0,2303342382.0,-4199751616.0,매출액,영업이익(손실),제 27 기,제 26 기
00616290,이엠넷,123570,2023,연결재무제표,35018281188.0,44211307834.0,3665773146.0,9327837585.0,영업수익,영업이익(손실),제 24 기,제 23 기
00616290,이엠넷,123570,2024,연결재무제표,36311366788.0,35018281188.0,4757884465.0,3665773146.0,영업수익,영업이익(손실),제 25 기,제 24 기
00616290,이엠넷,123570,2025,연결재무제표,32260399959.0,36311366788.0,274223860.0,4757884465.0,영업수익,영업이익(손실),제 26 기,제 25 기
00475718,이엠앤아이,083470,2023,연결재무제표,26311911772.0,34472979660.0,-1290663885.0,688619290.0,수익(매출액),영업이익(손실),제 25 기,제 24 기
00475718,이엠앤아이,083470,2024,별도재무제표,29699055105.0,24528932896.0,339606971.0,-458094007.0,수익(매출액),영업이익(손실),제 26 기,제 25 기
00475718,이엠앤아이,083470,2025,연결재무제표,18380261067.0,29699055105.0,-1926977563.0,339606971.0,매출액,영업이익(손실),제 27 기,제 26 기
00541163,이엠텍,091120,2023,연결재무제표,263450794415.0,415827231872.0,-14598659948.0,33934594543.0,매출액,영업이익(손실),제 23 기,제 22 기
00541163,이엠텍,091120,2024,연결재무제표,167587926897.0,263450794415.0,-30512910121.0,-14598659948.0,매출액,영업이익(손실),제 24 기,제 23 기
00541163,이엠텍,091120,2025,연결재무제표,205089718714.0,167587926897.0,-19906021812.0,-30512910121.0,매출액,영업이익(손실),제 25 기,제 24 기
00145598,이연제약,102460,2023,연결재무제표,151071143910.0,154038839268.0,4033629819.0,9633099174.0,I. 매출액,V. 영업이익,제 60 기,제 59 기
00145598,이연제약,102460,2024,연결재무제표,148299673635.0,151071143910.0,79259194.0,4033629819.0,I. 매출액,V. 영업이익,제 61 기,제 60 기
00145598,이연제약,102460,2025,연결재무제표,145928626140.0,148299673635.0,-30268572134.0,79259194.0,수익(매출액),영업이익(손실),제 62 기,제 61 기
00246417,이오테크닉스,039030,2023,연결재무제표,316384019477.0,447157589742.0,28334755251.0,92798680886.0,수익(매출액),영업이익(손실),제 30 기,제 29 기
00246417,이오테크닉스,039030,2024,연결재무제표,320945496298.0,316339650431.0,31201085341.0,30942827030.0,매출액,영업이익(손실),제 31 기,제 30 기
00246417,이오테크닉스,039030,2025,연결재무제표,380890608578.0,320945496298.0,80753274993.0,31201085341.0,매출액,영업이익(손실),제 32 기,제 31 기
01274310,이오플로우,294090,2023,연결재무제표,6589217470.0,6707876186.0,-39367250537.0,-34275183079.0,매출액,영업이익(손실),제 13 기,제 12 기
01274310,이오플로우,294090,2024,연결재무제표,5030925027.0,6589217470.0,-61009582100.0,-39367250537.0,매출액,영업이익(손실),제 14 기,제 13 기
01274310,이오플로우,294090,2025,연결재무제표,3669588357.0,5241463027.0,-22237706207.0,-70290393129.0,수익(매출액),영업이익(손실),제 15 기,제 14 기
00409140,이원컴포텍,088290,2023,별도재무제표,47118903098.0,47777326424.0,879838240.0,1704210986.0,매출액,영업이익(손실),제 30 기,제 29 기
00409140,이원컴포텍,088290,2024,별도재무제표,52494186671.0,47118903098.0,2471726103.0,879838240.0,매출액,영업이익(손실),제 31 기,제 30 기
00409140,이원컴포텍,088290,2025,연결재무제표,56577030456.0,52494186671.0,1574965924.0,2471726103.0,수익(매출액),영업이익(손실),제 32 기,제 31 기
00540605,이월드,084680,2023,별도재무제표,115275724966.0,126461962948.0,7922828646.0,14610430386.0,매출액,영업이익,제 19 기,제 18 기
00540605,이월드,084680,2024,별도재무제표,108453970504.0,115275724966.0,-419841181.0,7922828646.0,매출액,영업이익,제 20 기,제 19 기
00540605,이월드,084680,2025,별도재무제표,88727496688.0,108453970504.0,-3177099947.0,-419841181.0,수익(매출액),영업이익(손실),제 21 기,제 20 기
01480568,이지바이오,353810,2023,연결재무제표,165385090893.0,155557100437.0,20631216305.0,16153075579.0,수익(매출액),영업이익(손실),제 4 기,제 3 기
01480568,이지바이오,353810,2024,연결재무제표,384330911334.0,165385090893.0,32391234291.0,20631216305.0,수익(매출액),영업이익(손실),제 5 기,제 4 기
01480568,이지바이오,353810,2025,연결재무제표,476938919229.0,384330911334.0,44989797479.0,32391234291.0,매출액,영업이익(손실),제 6 기,제 5 기
01211889,이지스,261520,2025,별도재무제표,21250116427.0,30275625425.0,-6798876860.0,2387692657.0,수익(매출액),영업이익(손실),제 25 기,제 24 기
01436628,이지스레지던스리츠,350520,2023,연결재무제표,20560819791.0,15240623114.0,12103940364.0,10770318628.0,영업수익,영업이익,제 8 기,제 7 기
01436628,이지스레지던스리츠,350520,2024,연결재무제표,20635384697.0,42301681085.0,12986988878.0,38402893503.0,영업수익,영업이익(손실),제 10 기,제 9 기
01436628,이지스레지던스리츠,350520,2025,연결재무제표,16512932058.0,11994516916.0,14317961314.0,6213657525.0,영업수익,영업이익(손실),제 12 기,제 11 기
01394377,이지스밸류플러스리츠,334890,2023,연결재무제표,53573815675.0,43416383608.0,40125188988.0,32295386520.0,영업수익,영업이익,제 8 기,제 7 기
01394377,이지스밸류플러스리츠,334890,2024,연결재무제표,10408477081.0,41332984029.0,635636152.0,34641037263.0,영업수익,영업이익,제 10 기,제 9 기
01394377,이지스밸류플러스리츠,334890,2025,연결재무제표,21788441864.0,16528379232.0,16624984118.0,1744995385.0,영업수익,영업이익(손실),제 12 기,제 11 기
00490090,이지케어텍,099750,2023,연결재무제표,73187504449.0,92072127032.0,-4120069782.0,591155033.0,수익(매출액),영업이익(손실),제 23 기,제 22 기
00490090,이지케어텍,099750,2024,연결재무제표,67942814983.0,73187504449.0,236082310.0,-4120069782.0,매출액,영업이익(손실),제 24 기,제 23 기
00490090,이지케어텍,099750,2025,연결재무제표,72641489962.0,67942814983.0,2210930799.0,236082310.0,매출액,영업이익(손실),제 25 기,제 24 기
01140837,이지트로닉스,377330,2023,연결재무제표,35198119912.0,21609028786.0,-3961876831.0,-2975341670.0,매출액,영업이익(손실),제 16 기,제 15 기
01140837,이지트로닉스,377330,2024,연결재무제표,36504092010.0,35198119912.0,-4022176656.0,-3961876831.0,매출액,영업이익(손실),제 17 기,제 16 기
01140837,이지트로닉스,377330,2025,연결재무제표,13243690331.0,36504092010.0,-18630431650.0,-4022176656.0,매출액,영업이익(손실),제 18 기,제 17 기
00242378,이지홀딩스,035810,2023,연결재무제표,3119160305224.0,3010255248617.0,103781080293.0,99922519563.0,매출액,영업이익,제 36 기,제 35 기
00242378,이지홀딩스,035810,2024,연결재무제표,3284975746816.0,3119160305224.0,123396227384.0,103781080293.0,매출액,영업이익,제 37 기,제 36 기
00242378,이지홀딩스,035810,2025,연결재무제표,3388904350275.0,3284975746816.0,151350122116.0,123396227384.0,수익(매출액),영업이익,제 38 기,제 37 기
00818472,이큐셀,160600,2023,연결재무제표,121826863642.0,59426814033.0,785337276.0,3256113630.0,매출액,영업이익(손실),제 21 기,제 20 기
00818472,이큐셀,160600,2024,연결재무제표,144454302358.0,121826863642.0,6092447141.0,785337276.0,수익(매출액),영업이익(손실),제 22 기,제 21 기
00818472,이큐셀,160600,2025,연결재무제표,88624181072.0,144454302358.0,-14404253117.0,6092447141.0,수익(매출액),영업이익(손실),제 23 기,제 22 기
00634728,이크레더블,092130,2023,연결재무제표,41099194540.0,47130065587.0,12605818935.0,19286893039.0,수익(매출액),영업이익(손실),제 24 기,제 23 기
00634728,이크레더블,092130,2024,연결재무제표,45086257229.0,41099194540.0,14961144853.0,12605818935.0,수익(매출액),영업이익(손실),제 25 기,제 24 기
00634728,이크레더블,092130,2025,연결재무제표,50019110190.0,45086257229.0,15580815077.0,14961144853.0,수익(매출액),영업이익(손실),제 26 기,제 25 기
00480756,이트론,096040,2023,연결재무제표,41414069405.0,71563653517.0,-7831717749.0,-94044499.0,수익(매출액),영업이익(손실),제 25 기,제 24 기
00480756,이트론,096040,2024,연결재무제표,16267907085.0,29604883895.0,-5558073915.0,-5591961440.0,수익(매출액),영업이익(손실),제 26 기,제 25 기
00480756,이트론,096040,2025,연결재무제표,7868175980.0,16267907085.0,-6519277790.0,-5558073915.0,수익(매출액),영업이익(손실),제 27 기,제 26 기
00788737,이퓨쳐,134060,2023,별도재무제표,10499382224.0,11104511185.0,1001035378.0,1824142922.0,매출액,영업이익,제 24 기,제 23 기
00788737,이퓨쳐,134060,2024,별도재무제표,11029385249.0,10499382224.0,736571961.0,1001035378.0,매출액,영업이익,제 25 기,제 24 기
00788737,이퓨쳐,134060,2025,별도재무제표,11142499752.0,11029385249.0,882887664.0,736571961.0,매출액,영업이익,제 26 기,제 25 기
00145668,이화공영,001840,2023,별도재무제표,151188719378.0,194558252954.0,-1086299284.0,140698232.0,수익(매출액),영업이익(손실),제 68 기,제 67 기
00145668,이화공영,001840,2024,별도재무제표,128285209250.0,140247647863.0,-19773295608.0,-13442148620.0,수익(매출액),영업이익(손실),제 69 기,제 68 기
00145668,이화공영,001840,2025,별도재무제표,115190727605.0,128285209250.0,3290259291.0,-19773295608.0,수익(매출액),영업이익(손실),제 70 기,제 69 기
00145686,이화산업,000760,2023,연결재무제표,47187842383.0,58633950913.0,-1813616540.0,-884105121.0,수익(매출액),영업이익(손실),제 75 기,제 74 기
00145686,이화산업,000760,2024,연결재무제표,49487533689.0,47187842383.0,772077303.0,-1813616540.0,수익(매출액),영업이익(손실),제 76 기,제 75 기
00145686,이화산업,000760,2025,연결재무제표,46255096115.0,49487533689.0,-164063862.0,772077303.0,수익(매출액),영업이익(손실),제 77 기,제 76 기
00145738,이화전기공업,024810,2023,연결재무제표,65163779554.0,52488492352.0,3459330691.0,-2875788553.0,수익(매출액),영업이익(손실),제 59 기,제 58 기
00145738,이화전기공업,024810,2024,연결재무제표,64465673652.0,65163779554.0,1681951279.0,3459330691.0,수익(매출액),영업이익(손실),제 60 기,제 59 기
00145738,이화전기공업,024810,2025,연결재무제표,60887261315.0,64465673652.0,-2158246010.0,1681951279.0,수익(매출액),영업이익(손실),제 61 기,제 60 기
00106881,인디에프,014990,2023,연결재무제표,126499790341.0,135333062918.0,-2698436493.0,-13021781567.0,매출액,영업이익(손실),제 44 기,제 43 기
00106881,인디에프,014990,2024,연결재무제표,114737877861.0,126499790341.0,-827177694.0,-2698436493.0,매출액,영업이익(손실),제 45 기,제 44 기
00106881,인디에프,014990,2025,연결재무제표,104591440092.0,114737877861.0,1191459864.0,-827177694.0,매출액,영업이익(손실),제 46 기,제 45 기
00269922,인바디,041830,2023,연결재무제표,170351229733.0,160003774093.0,38348312615.0,40704069762.0,매출액,영업이익(손실),제 28 기,제 27 기
00269922,인바디,041830,2024,연결재무제표,204464835870.0,170351229733.0,36738754637.0,38348312615.0,매출액,영업이익(손실),제 29 기,제 28 기
00269922,인바디,041830,2025,연결재무제표,233948308378.0,204464835870.0,36752659433.0,36738754637.0,매출액,영업이익,제 30 기,제 29 기
00367871,인바이오,352940,2023,별도재무제표,34024284250.0,34239810603.0,-3353973081.0,-4777387945.0,I. 매출액,V. 영업손익,제 27 기,제 26 기
00367871,인바이오,352940,2024,별도재무제표,35654027534.0,34024284250.0,1405316756.0,-3353973081.0,I. 매출액,V. 영업손익,제 28 기,제 27 기
00367871,인바이오,352940,2025,별도재무제표,33952962076.0,35654027534.0,917421524.0,1405316756.0,I. 매출액,V. 영업손익,제 29 기,제 28 기
00652423,인바이오젠,101140,2023,별도재무제표,6240804636.0,10419522009.0,-6151980412.0,-6068323461.0,수익(매출액),영업이익(손실),제 16 기,제 15 기
00652423,인바이오젠,101140,2024,별도재무제표,7041061562.0,6240804636.0,-6093214907.0,-6151980412.0,수익(매출액),영업이익(손실),제 17 기,제 16 기
00652423,인바이오젠,101140,2025,별도재무제표,6296747709.0,7041061562.0,-4332844227.0,-6093214907.0,수익(매출액),영업이익(손실),제 18 기,제 17 기
00537221,인바이츠바이오코아,216400,2024,연결재무제표,21645708977.0,22318542929.0,326335230.0,-5348321354.0,수익(매출액),영업이익(손실),제 24 기,제 23 기
00537221,인바이츠바이오코아,216400,2025,연결재무제표,16643930380.0,12907443606.0,218446622.0,-553325438.0,수익(매출액),영업이익(손실),제 25 기,제 24 기
00409371,인베니아,079950,2023,연결재무제표,22697492921.0,56861987347.0,-14143409167.0,-12684287628.0,매출액,영업이익(손실),제 23 기,제 22 기
00409371,인베니아,079950,2024,연결재무제표,21841549606.0,22697492921.0,-10858330065.0,-14143409167.0,매출액,영업이익(손실),제 24 기,제 23 기
00409371,인베니아,079950,2025,연결재무제표,18412572577.0,21841549606.0,-8606950840.0,-10858330065.0,매출액,영업이익(손실),제 25 기,제 24 기
01516456,인벤티지랩,389470,2023,별도재무제표,658151686.0,3723683006.0,-15961004543.0,-10901805103.0,수익(매출액),영업이익(손실),제 9 기,제 8 기
01516456,인벤티지랩,389470,2024,별도재무제표,1782929379.0,658151686.0,-18963665933.0,-15961004543.0,수익(매출액),영업이익(손실),제 10 기,제 9 기
01516456,인벤티지랩,389470,2025,연결재무제표,2938787928.0,1782929379.0,-28381032099.0,-18963665933.0,수익(매출액),영업이익(손실),제 11 기,제 10 기
01243161,인산가,277410,2023,연결재무제표,37300346743.0,33537795922.0,5741488659.0,4704571278.0,매출액,영업이익(손실),제 7 기,제 6 기
01243161,인산가,277410,2024,연결재무제표,32484223840.0,37300346743.0,813707507.0,5741488659.0,매출액,영업이익(손실),제 8 기,제 7 기
01243161,인산가,277410,2025,연결재무제표,35804215193.0,32484223840.0,2306043998.0,813707507.0,매출액,영업이익(손실),제 9 기,제 8 기
00375931,인선이엔티,060150,2023,연결재무제표,220959199628.0,237616653525.0,25808068439.0,33230165818.0,매출액,영업이익,제 27 기,제 26 기
00375931,인선이엔티,060150,2024,연결재무제표,208849594963.0,220959199628.0,23179868587.0,25808068439.0,매출액,영업이익,제 28 기,제 27 기
00375931,인선이엔티,060150,2025,연결재무제표,187154811840.0,208849594963.0,18228609825.0,23179868587.0,매출액,영업이익(손실),제 29 기,제 28 기
00229021,인성정보,033230,2023,연결재무제표,365240558331.0,314506299406.0,5213314477.0,2910287935.0,매출액,영업이익(손실),제 32 기,제 31 기
00229021,인성정보,033230,2024,연결재무제표,359586930378.0,365240558331.0,-4745951116.0,5213314477.0,매출액,영업이익(손실),제 33 기,제 32 기
00229021,인성정보,033230,2025,연결재무제표,342737745051.0,359586930378.0,-4277168410.0,-4745951116.0,매출액,영업이익(손실),제 34 기,제 33 기
01222113,인스웨이브,450520,2023,연결재무제표,32603845712.0,43629716712.0,5181088943.0,7039261197.0,수익(매출액),영업이익(손실),제 22 기,제 21 기
01222113,인스웨이브,450520,2024,연결재무제표,30412970558.0,32603845712.0,-3593363299.0,5181088943.0,수익(매출액),영업이익(손실),제 23 기,제 22 기
01222113,인스웨이브,450520,2025,연결재무제표,38958024167.0,30412970558.0,-4855159163.0,-3593363299.0,수익(매출액),영업이익(손실),제 24 기,제 23 기
01284876,인스피언,465480,2024,별도재무제표,19035192738.0,16083457507.0,3784285683.0,4032584823.0,영업수익,영업이익,제 16 기,제 15 기
01284876,인스피언,465480,2025,연결재무제표,20022055489.0,19035192738.0,2549541617.0,3784285683.0,영업수익,영업손익,제 17 기,제 16 기
00265421,인지디스플레,037330,2023,연결재무제표,687269080649.0,700955627901.0,5257045876.0,11369165894.0,매출액,영업이익,제 32 기,제 31 기
00265421,인지디스플레,037330,2024,연결재무제표,732669239767.0,687269080649.0,10929198494.0,5257045876.0,매출액,영업이익(손실),제 33 기,제 32 기
00265421,인지디스플레,037330,2025,연결재무제표,721813553316.0,732669239767.0,17103063887.0,10929198494.0,매출액,영업이익(손실),제 34 기,제 33 기
00641171,인지소프트,100030,2023,연결재무제표,24205105067.0,23560257909.0,3809480517.0,4861579243.0,수익(매출액),영업이익(손실),제 24 기,제 23 기
00641171,인지소프트,100030,2024,연결재무제표,18889773419.0,24205105067.0,1061876158.0,3809480517.0,수익(매출액),영업이익(손실),제 25 기,제 24 기
00641171,인지소프트,100030,2025,연결재무제표,18922277464.0,18889773419.0,2340366939.0,1061876158.0,수익(매출액),영업이익(손실),제 26 기,제 25 기
00103510,인지컨트롤스,023800,2023,연결재무제표,634018251095.0,570020850334.0,20925835048.0,17050734417.0,매출액,영업이익,제 46 기,제 45 기
00103510,인지컨트롤스,023800,2024,연결재무제표,649271485609.0,634018251095.0,26396954290.0,20925835048.0,매출액,영업이익,제 47 기,제 46 기
00103510,인지컨트롤스,023800,2025,연결재무제표,717902449045.0,649271485609.0,39636244544.0,26396954290.0,매출액,영업이익,제 48 기,제 47 기
00145862,인천도시가스,034590,2023,별도재무제표,781337052475.0,728489447710.0,16517707857.0,8050415265.0,수익(매출액),영업이익(손실),제 41 기,제 40 기
00145862,인천도시가스,034590,2024,별도재무제표,943613477823.0,781337052475.0,19421916059.0,16517707857.0,수익(매출액),영업이익(손실),제 42 기,제 41 기
00145862,인천도시가스,034590,2025,별도재무제표,962994363377.0,943613477823.0,19148972191.0,19421916059.0,수익(매출액),영업이익(손실),제 43 기,제 42 기
01013694,인카금융서비스,211050,2023,연결재무제표,556822367275.0,401448586391.0,46576295874.0,27392045468.0,보험판매수입수수료,영업이익,제 17 기,제 16 기
01013694,인카금융서비스,211050,2024,연결재무제표,832258694000.0,556822367000.0,86266641000.0,46576296000.0,매출액,영업이익,제 18 기,제 17 기
01013694,인카금융서비스,211050,2025,연결재무제표,1021768500000.0,832258694000.0,94843958000.0,86266641000.0,매출액,영업이익(손실),제 19 기,제 18 기
00475976,인콘,083640,2023,별도재무제표,63428790860.0,55309108266.0,2556841276.0,1060869191.0,매출액,영업이익(손실),제 24 기,제 23 기
00475976,인콘,083640,2024,별도재무제표,49117720655.0,63428790860.0,1609665101.0,2556841276.0,매출액,영업이익(손실),제 25 기,제 24 기
00475976,인콘,083640,2025,별도재무제표,50820522158.0,49117720655.0,1695469511.0,1609665101.0,매출액,영업이익,제 26 기,제 25 기
00390408,인크레더블버즈,064090,2023,연결재무제표,6900744761.0,29367045498.0,-568633743.0,-13229119702.0,수익(매출액),영업이익(손실),제 33 기,제 32 기
00390408,인크레더블버즈,064090,2024,연결재무제표,4560824449.0,6900744761.0,-3535124234.0,-568633743.0,수익(매출액),영업이익(손실),제 34 기,제 33 기
00390408,인크레더블버즈,064090,2025,연결재무제표,7211902064.0,4560824449.0,-6078614066.0,-3535124234.0,수익(매출액),영업이익(손실),제 35 기,제 34 기
00819073,인크로스,216050,2023,연결재무제표,46817787159.0,53308042480.0,12638559830.0,19632377505.0,수익(매출액),영업이익(손실),제 17 기,제 16 기
00819073,인크로스,216050,2024,연결재무제표,48816848300.0,46817787159.0,10029764213.0,12638559830.0,수익(매출액),영업이익(손실),제 18 기,제 17 기
00819073,인크로스,216050,2025,연결재무제표,50489819501.0,48816848300.0,11511543082.0,10029764213.0,매출,영업이익,제 19 기,제 18 기
00226866,인탑스,049070,2023,연결재무제표,577375550276.0,1097963276695.0,18305655096.0,141756839023.0,매출액,영업이익(손실),제 49 기,제 48 기
00226866,인탑스,049070,2024,연결재무제표,614667194566.0,577375550276.0,3784434686.0,18305655096.0,매출액,영업이익,제 50 기,제 49 기
00226866,인탑스,049070,2025,연결재무제표,590781754867.0,614667194566.0,-11303532259.0,3784434686.0,수익(매출액),영업이익(손실),제 51 기,제 50 기
00604426,인터로조,119610,2023,연결재무제표,121842779445.0,117822392382.0,18315172070.0,24173707659.0,매출액,영업이익(손실),제 24 기,제 23 기
00604426,인터로조,119610,2024,연결재무제표,115840405503.0,119297492057.0,5816345895.0,5192422342.0,매출액,영업이익(손실),제 25 기,제 24 기
00604426,인터로조,119610,2025,연결재무제표,118440022952.0,115840405503.0,19482998615.0,5816345895.0,수익(매출액),영업이익(손실),제 26 기,제 25 기
00145914,인터엠,017250,2023,연결재무제표,50963849828.0,58684341336.0,10773303544.0,3067556701.0,수익(매출액),영업이익(손실),제 40 기,제 39 기
00145914,인터엠,017250,2024,연결재무제표,60338490432.0,50963849828.0,4404496692.0,10773303544.0,수익(매출액),영업이익(손실),제 41 기,제 40 기
00145914,인터엠,017250,2025,연결재무제표,60053752284.0,60338490432.0,3988168563.0,4404496692.0,수익(매출액),영업이익(손실),제 42 기,제 41 기
00151368,인터지스,129260,2023,연결재무제표,611639433548.0,719983672710.0,23029106091.0,35409145996.0,매출액,영업이익(손실),제 68 기,제 67 기
00151368,인터지스,129260,2024,연결재무제표,701171841541.0,611639433548.0,23864084101.0,23029106091.0,매출액,영업이익(손실),제 69 기,제 68 기
00151368,인터지스,129260,2025,연결재무제표,708978717129.0,701171841541.0,19761450740.0,23864084101.0,매출액,영업이익,제 70 기,제 69 기
00369170,인터플렉스,051370,2023,연결재무제표,438157696595.0,442709958327.0,21645848892.0,26073737309.0,매출액,영업손익,제 30 기,제 29 기
00369170,인터플렉스,051370,2024,연결재무제표,497466413203.0,438157696595.0,34370988669.0,21645848892.0,매출액,영업손익,제 31 기,제 30 기
00369170,인터플렉스,051370,2025,연결재무제표,467963733214.0,497466413203.0,28645809984.0,34370988669.0,매출액,영업손익,제 32 기,제 31 기
00479787,인텍플러스,064290,2023,연결재무제표,74802246295.0,118836726448.0,-11091735610.0,19363287600.0,수익(매출액),영업이익(손실),제 29 기,제 28 기
00479787,인텍플러스,064290,2024,연결재무제표,83873419602.0,74802246295.0,-15587344842.0,-11091735610.0,수익(매출액),영업이익(손실),제 30 기,제 29 기
00479787,인텍플러스,064290,2025,연결재무제표,89765092570.0,83873419602.0,-3734628764.0,-15587344842.0,수익(매출액),영업이익(손실),제 31 기,제 30 기
00664181,인텔리안테크,189300,2023,연결재무제표,305042847051.0,239465349593.0,10725550527.0,15342554581.0,매출액,영업이익(손실),제 20 기,제 19 기
00664181,인텔리안테크,189300,2024,연결재무제표,257769448883.0,305042847051.0,-19443692778.0,10725550527.0,매출액,영업이익(손실),제 21 기,제 20 기
00664181,인텔리안테크,189300,2025,연결재무제표,319628351040.0,257769448883.0,11953671226.0,-19443692778.0,매출액,영업이익(손실),제 22 기,제 21 기
01374443,인투셀,287840,2024,별도재무제표,2905033092.0,1616402538.0,-9790200602.0,-17389530381.0,영업수익,영업이익(손실),제 10 기,제 9 기
01374443,인투셀,287840,2025,별도재무제표,2299122477.0,2905033092.0,-10300409988.0,-9790200602.0,영업수익,영업이익(손실),제 11 기,제 10 기
00661157,인트로메딕,150840,2023,연결재무제표,10157836410.0,9878303823.0,-4829780610.0,-3691166021.0,수익(매출액),영업이익(손실),제 20 기,제 19 기
00661157,인트로메딕,150840,2024,연결재무제표,10383299544.0,9975268230.0,-1464355229.0,-3513071902.0,수익(매출액),영업이익(손실),제 21 기,제 20 기
00661157,인트로메딕,150840,2025,연결재무제표,9820151665.0,10383299544.0,-1101604988.0,-1464355229.0,수익(매출액),영업이익(손실),제 22 기,제 21 기
00292434,인트론바이오,048530,2023,연결재무제표,9585444181.0,14006978010.0,-3284959245.0,-1479118779.0,매출액,영업이익(손실),제 25 기,제 24 기
00292434,인트론바이오,048530,2024,연결재무제표,6417829346.0,9585444181.0,-5237831390.0,-3284959245.0,매출액,영업이익(손실),제 26 기,제 25 기
00292434,인트론바이오,048530,2025,연결재무제표,5740240967.0,6417829346.0,-7903816761.0,-5237831390.0,매출액,영업이익(손실),제 27 기,제 26 기
00470829,인티큐브,070590,2023,연결재무제표,41680901949.0,59146536247.0,-6033030272.0,-3972562951.0,매출액,영업이익(손실),제 21 기,제 20 기
00470829,인티큐브,070590,2024,연결재무제표,48785673816.0,41680901949.0,-2984443369.0,-6033030272.0,매출액,영업이익(손실),제 22 기,제 21 기
00470829,인티큐브,070590,2025,연결재무제표,64818242303.0,48785673816.0,1046982064.0,-2984443369.0,매출,영업이익(손실),제 23 기,제 22 기
00180795,인팩,023810,2023,연결재무제표,542893201476.0,512240488863.0,23520579855.0,20813756713.0,매출액,영업이익,제 51 기,제 50 기
00180795,인팩,023810,2024,연결재무제표,563872906748.0,542893201476.0,20019051765.0,23520579855.0,매출액,영업이익,제 52 기,제 51 기
00180795,인팩,023810,2025,연결재무제표,586443733483.0,563872906748.0,19784475840.0,20019051765.0,매출액,영업이익,제 53 기,제 52 기
00491415,인포바인,115310,2023,연결재무제표,22791114590.0,20905709137.0,7757251226.0,6859257458.0,영업수익,영업이익,제 24 기,제 23 기
00491415,인포바인,115310,2024,연결재무제표,25181365623.0,22791114590.0,7870052036.0,7757251226.0,영업수익,영업이익,제 25 기,제 24 기
00491415,인포바인,115310,2025,연결재무제표,28717399585.0,25181365623.0,6457328620.0,7870052036.0,영업수익,영업이익,제 26 기,제 25 기
00243757,인포뱅크,039290,2023,연결재무제표,136861270491.0,140174469340.0,-2199591258.0,-345659638.0,수익(매출액),영업이익(손실),제 29 기,제 28 기
00243757,인포뱅크,039290,2024,연결재무제표,136860866539.0,136861270491.0,-5132517508.0,-2199591258.0,수익(매출액),영업이익(손실),제 30 기,제 29 기
00243757,인포뱅크,039290,2025,연결재무제표,135095512373.0,136860866539.0,-4204611365.0,-5132517508.0,수익(매출액),영업이익(손실),제 31 기,제 30 기
00435969,인피니트헬스케어,071200,2023,연결재무제표,89402766622.0,88286336638.0,3087240567.0,7689443407.0,매출액,영업이익(손실),제 22 기,제 21 기
00435969,인피니트헬스케어,071200,2024,연결재무제표,95750182678.0,85859797943.0,7724254099.0,3942438472.0,매출액,영업이익(손실),제 23 기,제 22 기
00435969,인피니트헬스케어,071200,2025,연결재무제표,102391971526.0,95750182678.0,14216873921.0,7724254099.0,매출액,영업이익(손실),제 24 기,제 23 기
00482426,인화정공,101930,2023,연결재무제표,103951073738.0,107304356811.0,4885929293.0,8425026072.0,수익(매출액),영업이익(손실),제 25 기,제 24 기
00482426,인화정공,101930,2024,연결재무제표,92784009378.0,103951073738.0,10261098402.0,4885929293.0,수익(매출액),영업이익(손실),제 26 기,제 25 기
00482426,인화정공,101930,2025,연결재무제표,107958290033.0,92784009378.0,15534294993.0,10261098402.0,매출액,영업이익(손실),제 27 기,제 26 기
01168383,일동제약,249420,2023,연결재무제표,600757839592.0,637714489814.0,-53943619731.0,-73481142189.0,수익(매출액),영업이익(손실),제 8 기,제 7 기
01168383,일동제약,249420,2024,연결재무제표,614940882569.0,600757839592.0,13118781240.0,-53943619731.0,수익(매출액),영업이익(손실),제 9 기,제 8 기
01168383,일동제약,249420,2025,연결재무제표,566933738499.0,614940882569.0,19476874942.0,13118781240.0,수익(매출액),영업이익(손실),제 10 기,제 9 기
00146083,일동홀딩스,000230,2023,연결재무제표,638447517670.0,675539717333.0,-79561775827.0,-98410983144.0,영업수익,영업이익(손실),제 81 기,제 80 기
00146083,일동홀딩스,000230,2024,연결재무제표,657566885958.0,638447517670.0,-2411599959.0,-79561775827.0,영업수익,영업이익(손실),제 82 기,제 81 기
00146083,일동홀딩스,000230,2025,연결재무제표,590889546403.0,634654542814.0,14925169646.0,-4034556477.0,영업수익,영업이익(손실),제 83 기,제 82 기
00146232,일성건설,013360,2023,연결재무제표,607714578447.0,462601614581.0,7265982402.0,2722459268.0,매출액,영업이익,제 46 기,제 45 기
00146232,일성건설,013360,2024,연결재무제표,500384072213.0,607714578447.0,-43590135455.0,7265982402.0,매출액,영업이익,제 47 기,제 46 기
00146232,일성건설,013360,2025,연결재무제표,452672899287.0,500384072213.0,10376102597.0,-43590135455.0,매출액,영업이익(손실),제 48 기,제 47 기
00146214,일성아이에스,003120,2023,별도재무제표,78053232127.0,61247846533.0,-7992642135.0,1337852079.0,매출액,영업이익,제 64 기,제 63 기
00146214,일성아이에스,003120,2024,별도재무제표,69018340865.0,78053232127.0,-9518107492.0,-7992642135.0,매출액,영업이익,제 65 기,제 64 기
00146214,일성아이에스,003120,2025,별도재무제표,64291702806.0,69018340865.0,-6160588840.0,-9518107492.0,매출액,영업이익(손실),제 66 기,제 65 기
01396676,일승,333430,2023,연결재무제표,52971603874.0,65037011303.0,5293353311.0,3228784445.0,매출액,영업이익(손실),제 5 기,제 4 기
01396676,일승,333430,2024,연결재무제표,51793219831.0,52971603874.0,6913731124.0,5293353311.0,매출액,영업이익(손실),제 6 기,제 5 기
01396676,일승,333430,2025,연결재무제표,50673752132.0,51793219831.0,10863172422.0,6913731124.0,매출액,영업이익(손실),제 7 기,제 6 기
00385415,일신바이오,068330,2023,별도재무제표,16437046608.0,20433366777.0,6214358152.0,5139860436.0,수익(매출액),영업이익(손실),제 30 기,제 29 기
00385415,일신바이오,068330,2024,별도재무제표,10817961079.0,16437046608.0,2262143402.0,6214358152.0,수익(매출액),영업이익(손실),제 31 기,제 30 기
00385415,일신바이오,068330,2025,별도재무제표,14530428309.0,10817961079.0,4546087339.0,2262143402.0,수익(매출액),영업이익(손실),제 32 기,제 31 기
00146269,일신방직,003200,2023,연결재무제표,539409047753.0,593058768403.0,-1021003237.0,-16000918451.0,수익(매출액),영업이익(손실),제 66 기,제 65 기
00146269,일신방직,003200,2024,연결재무제표,523651392861.0,539409047753.0,9064191185.0,-1021003237.0,매출액,영업손실,제 67 기,제 66 기
00146269,일신방직,003200,2025,연결재무제표,517177907810.0,523651392861.0,12407495279.0,9064191185.0,매출액,영업이익,제 68 기,제 67 기
00146296,일신석재,007110,2023,별도재무제표,101237416801.0,137670990748.0,4606467382.0,3899804285.0,수익(매출액),영업이익(손실),제 53 기,제 52 기
00146296,일신석재,007110,2024,별도재무제표,78727286743.0,101237416801.0,3802576947.0,4606467382.0,수익(매출액),영업이익(손실),제 54 기,제 53 기
00146296,일신석재,007110,2025,별도재무제표,54503324545.0,78727286743.0,680665874.0,3802576947.0,수익(매출액),영업이익(손실),제 55 기,제 54 기
00146454,일양약품,007570,2023,연결재무제표,266669003173.0,247772599350.0,16379100013.0,14248917249.0,수익(매출액),영업이익(손실),제 53 기,제 52 기
00146454,일양약품,007570,2024,연결재무제표,268861229571.0,266669003173.0,11000497773.0,16379100013.0,수익(매출액),영업이익(손실),제 54 기,제 53 기
00146454,일양약품,007570,2025,연결재무제표,272422211708.0,268677532918.0,4962569742.0,9622202657.0,수익(매출액),영업이익(손실),제 55 기,제 54 기
00923826,일월지엠엘,178780,2023,연결재무제표,28812419144.0,13122276435.0,-851330146.0,-3192545411.0,매출액,영업이익(손실),제 18 기,제 17 기
00923826,일월지엠엘,178780,2024,연결재무제표,45531803646.0,28583603983.0,4686796075.0,-372507494.0,매출액,영업이익(손실),제 19 기,제 18 기
00923826,일월지엠엘,178780,2025,연결재무제표,33906273181.0,39329981900.0,2037248444.0,4331569122.0,매출액,영업이익(손실),제 20 기,제 19 기
00146542,일정실업,008500,2023,연결재무제표,32579518556.0,31654086485.0,-1492869358.0,-7417555829.0,수익(매출액),영업이익(손실),제 51 기,제 50 기
00146542,일정실업,008500,2024,연결재무제표,43503261671.0,32208773197.0,3324413521.0,-721097598.0,수익(매출액),영업이익(손실),제 52 기,제 51 기
00146542,일정실업,008500,2025,별도재무제표,36617395256.0,43503261671.0,1458440613.0,3324413521.0,수익(매출액),영업이익(손실),제 53 기,제 52 기
00146560,일지테크,019540,2023,연결재무제표,628485714969.0,229144511634.0,35416248406.0,616400443.0,수익(매출액),영업이익(손실),제 38 기,제 37 기
00146560,일지테크,019540,2024,연결재무제표,757295076969.0,628485714969.0,24446601603.0,35416248406.0,수익(매출액),영업이익(손실),제 39 기,제 38 기
00146560,일지테크,019540,2025,연결재무제표,855062638987.0,757295076969.0,48024207512.0,24446601603.0,수익(매출액),영업이익(손실),제 40 기,제 39 기
00508274,일진다이아,081000,2023,연결재무제표,154457870494.0,186836814030.0,-4369731314.0,3272205622.0,매출액,영업이익(손실),제 20 기,제 19 기
00508274,일진다이아,081000,2024,연결재무제표,157050555577.0,154457870494.0,-4644208842.0,-4369731314.0,매출액,영업이익(손실),제 21 기,제 20 기
00508274,일진다이아,081000,2025,연결재무제표,162400019578.0,157050555577.0,-6785199972.0,-4644208842.0,수익(매출액),영업이익(손실),제 22 기,제 21 기
00198697,일진디스플,020760,2023,연결재무제표,54334550611.0,124347842285.0,-7962984896.0,1052222165.0,수익(매출액),영업이익(손실),제 30 기,제 29 기
00198697,일진디스플,020760,2024,연결재무제표,89157125829.0,54334550611.0,1389859835.0,-7962984896.0,수익(매출액),영업이익(손실),제 31 기,제 30 기
00198697,일진디스플,020760,2025,연결재무제표,57847116015.0,66550828113.0,-4879743944.0,-1408384177.0,수익(매출액),영업이익(손실),제 32 기,제 31 기
00683469,일진전기,103590,2023,연결재무제표,1246731647188.0,1164706090212.0,60756520579.0,31490877242.0,매출액,영업이익,제 16 기,제 15 기
00683469,일진전기,103590,2024,연결재무제표,1577247371000.0,1246731647000.0,79742010000.0,60756521000.0,수익(매출액),영업이익(손실),제 17 기,제 16 기
00683469,일진전기,103590,2025,연결재무제표,2044552052000.0,1577247371000.0,151226606000.0,79742010000.0,수익(매출액),영업이익(손실),제 18 기,제 17 기
00485177,일진파워,094820,2023,연결재무제표,190826764234.0,196015491303.0,13120377484.0,17902701235.0,수익(매출액),영업이익(손실),제 34 기,제 33 기
00485177,일진파워,094820,2024,연결재무제표,193088109908.0,190826764234.0,10272754233.0,13120377484.0,수익(매출액),영업이익(손실),제 35 기,제 34 기
00485177,일진파워,094820,2025,연결재무제표,251984799104.0,193088109908.0,24121399743.0,10272754233.0,수익(매출액),영업이익(손실),제 36 기,제 35 기
00972503,일진하이솔루스,271940,2023,별도재무제표,78740158706.0,109080826437.0,-9799275704.0,2772987763.0,수익(매출액),영업이익(손실),제 12 기,제 11 기
00972503,일진하이솔루스,271940,2024,별도재무제표,79297672959.0,78740158706.0,-9515638086.0,-9799275704.0,수익(매출액),영업이익(손실),제 13 기,제 12 기
00972503,일진하이솔루스,271940,2025,연결재무제표,81586396146.0,79297672959.0,-11204466312.0,-9515638086.0,수익(매출액),영업이익(손실),제 14 기,제 13 기
00146649,일진홀딩스,015860,2023,연결재무제표,1471896022592.0,1433888289336.0,57518695514.0,44921597875.0,수익(매출액),영업이익(손실),제 42 기,제 41 기
00146649,일진홀딩스,015860,2024,연결재무제표,1800024002531.0,1471896022592.0,72521206741.0,57518695514.0,수익(매출액),영업이익,제 43 기,제 42 기
00146649,일진홀딩스,015860,2025,연결재무제표,2282724142096.0,1800024002531.0,145590773490.0,72521206741.0,수익(매출액),영업이익(손실),제 44 기,제 43 기
00911955,잇츠한불,226320,2023,연결재무제표,139161722265.0,130714132788.0,8054876186.0,4808880833.0,매출액,영업이익(손실),제 18 기,제 17 기
00911955,잇츠한불,226320,2024,연결재무제표,142430717571.0,135449723674.0,17884231708.0,11207117847.0,매출액,영업이익(손실),제 19 기,제 18 기
00911955,잇츠한불,226320,2025,연결재무제표,153387097887.0,142430717571.0,19214878133.0,17884231708.0,수익(매출액),영업이익(손실),제 20 기,제 19 기
01165739,잉글우드랩,950140,2023,연결재무제표,158405481.0,117271385.0,22104250.0,7648555.0,매출액,영업이익,제 9 기,제 8 기
01165739,잉글우드랩,950140,2024,연결재무제표,133594656.0,158405481.0,13779701.0,22104250.0,매출액,영업이익,제 10 기,제 9 기
01165739,잉글우드랩,950140,2025,연결재무제표,152431009.0,133594656.0,26274563.0,13779701.0,수익(매출액),영업이익(손실),제 11 기,제 10 기
00261656,잉크테크,049550,2023,연결재무제표,62809011384.0,61537390212.0,3845772380.0,5820573369.0,매출액,영업이익(손실),제 32 기,제 31 기
00261656,잉크테크,049550,2024,연결재무제표,73936788021.0,62809011384.0,2711079872.0,3845772380.0,매출액,영업이익(손실),제 33 기,제 32 기
00261656,잉크테크,049550,2025,연결재무제표,77533529802.0,73936788021.0,802230273.0,2711079872.0,매출액,영업이익(손실),제 34 기,제 33 기
01365038,자람테크놀로지,389020,2023,별도재무제표,11623137413.0,16118235547.0,-2141149247.0,202950131.0,수익(매출액),영업이익(손실),제 24 기,제 23 기
01365038,자람테크놀로지,389020,2024,별도재무제표,22170389666.0,11623137413.0,365458864.0,-2141149247.0,수익(매출액),영업이익(손실),제 25 기,제 24 기
01365038,자람테크놀로지,389020,2025,별도재무제표,10643506120.0,22170389666.0,-7064553629.0,365458864.0,수익(매출액),영업이익(손실),제 26 기,제 25 기
01174038,자비스,254120,2023,연결재무제표,28708310774.0,22322811534.0,840610301.0,-13457464.0,매출,영업이익(손실),제 8 기,제 7 기
01174038,자비스,254120,2024,연결재무제표,37612263527.0,28708310774.0,1205824137.0,840610301.0,매출,영업이익(손실),제 9 기,제 8 기
01174038,자비스,254120,2025,연결재무제표,27895397844.0,37612263527.0,-3919944239.0,1205824137.0,매출,영업이익(손실),제 10 기,제 9 기
00418379,자연과환경,043910,2023,연결재무제표,69712373567.0,73865814434.0,4532296408.0,463930257.0,매출액,영업이익(손실),제 25 기,제 24 기
00418379,자연과환경,043910,2024,연결재무제표,40733432025.0,69712373567.0,-2118667121.0,4532296408.0,매출액,영업이익(손실),제 26 기,제 25 기
00418379,자연과환경,043910,2025,연결재무제표,37308755838.0,40733432025.0,-3976303162.0,-2118667121.0,매출액,영업이익(손실),제 27 기,제 26 기
01020524,자이글,234920,2023,별도재무제표,4144292300.0,14993012303.0,-8667430931.0,-2654127476.0,매출액,영업이익(손실),제 16 기,제 15 기
01020524,자이글,234920,2024,별도재무제표,12070713092.0,4144292300.0,-4893935821.0,-8667430931.0,매출액,영업이익(손실),제 17 기,제 16 기
01020524,자이글,234920,2025,별도재무제표,8229529017.0,12070713092.0,-3655835248.0,-4893935821.0,매출액,영업이익(손실),제 18 기,제 17 기
01264438,자이언트스텝,289220,2023,연결재무제표,42309465927.0,40619850156.0,-26059397731.0,-17860766009.0,영업수익,영업이익(손실),제 16 기,제 15 기
01264438,자이언트스텝,289220,2024,연결재무제표,50088415919.0,42309465927.0,-17292787337.0,-26059397731.0,영업수익,영업이익(손실),제 17 기,제 16 기
01264438,자이언트스텝,289220,2025,연결재무제표,36726021382.0,50088415919.0,-18997198393.0,-17292787337.0,영업수익,영업이익(손실),제 18 기,제 17 기
00367844,자이에스앤디,317400,2023,연결재무제표,2374632695604.0,2479010932945.0,126591961231.0,198896062736.0,매출액,영업이익,제 24 기,제 23 기
00367844,자이에스앤디,317400,2024,연결재무제표,1578173429989.0,2374632695604.0,2376244362.0,126591961231.0,매출액,영업이익(손실),제 25 기,제 24 기
00367844,자이에스앤디,317400,2025,연결재무제표,1387596056216.0,1578173429989.0,12505665943.0,2376244362.0,수익(매출액),영업이익(손실),제 26 기,제 25 기
00146861,자화전자,033240,2023,연결재무제표,503330314586.0,292333491221.0,-16355712201.0,-11740371040.0,수익(매출액),영업이익(손실),제 37 기,제 36 기
00146861,자화전자,033240,2024,연결재무제표,681144518352.0,503330314586.0,44961233047.0,-16355712201.0,매출액,영업이익(손실),제 38 기,제 37 기
00146861,자화전자,033240,2025,연결재무제표,848919780257.0,681144518352.0,41997195908.0,44961233047.0,매출액,영업이익(손실),제 39 기,제 38 기
00491336,잘만테크,090120,2023,연결재무제표,48771902147.0,36304486483.0,1613478554.0,-446164593.0,수익(매출액),영업이익(손실),제 25 기,제 24 기
00491336,잘만테크,090120,2024,연결재무제표,47747333637.0,48771902147.0,799993988.0,1613478554.0,수익(매출액),영업이익(손실),제 26 기,제 25 기
00491336,잘만테크,090120,2025,연결재무제표,47947292328.0,47747333637.0,342644071.0,799993988.0,수익(매출액),영업이익(손실),제 27 기,제 26 기
00659684,장원테크,174880,2023,연결재무제표,57033148674.0,66612962565.0,-2784902856.0,-2679256189.0,매출액,영업이익(손실),제 24 기,제 23 기
00659684,장원테크,174880,2024,연결재무제표,74708617228.0,57033148674.0,5452448276.0,-2784902856.0,매출액,영업이익(손실),제 25 기,제 24 기
00659684,장원테크,174880,2025,연결재무제표,70732338406.0,74708617228.0,2251190483.0,5452448276.0,매출액,영업이익(손실),제 26 기,제 25 기
00147082,재영솔루텍,049630,2023,연결재무제표,107194986341.0,119577087481.0,4897310336.0,5444232626.0,매출액,영업이익(손실),제 40 기,제 39 기
00147082,재영솔루텍,049630,2024,연결재무제표,111416090631.0,86131293694.0,10031477218.0,6710324587.0,매출액,영업이익(손실),제 41 기,제 40 기
00147082,재영솔루텍,049630,2025,연결재무제표,164545576680.0,111416090631.0,10742804736.0,10031477218.0,매출액,영업이익(손실),제 42 기,제 41 기
01383229,저스템,417840,2023,연결재무제표,35933632867.0,46098648348.0,311430074.0,7144355552.0,수익(매출액),영업이익(손실),제 8 기,제 7 기
01383229,저스템,417840,2024,연결재무제표,38700592846.0,35933632867.0,-4609030122.0,311430074.0,수익(매출액),영업이익(손실),제 9 기,제 8 기
01383229,저스템,417840,2025,연결재무제표,48288744108.0,38700592846.0,4634798643.0,-4609030122.0,수익(매출액),영업이익(손실),제 10 기,제 9 기
00147222,전방,000950,2023,연결재무제표,94772410649.0,124914049101.0,-32548106506.0,-35045943284.0,수익(매출액),영업이익(손실),제 76 기,제 75 기
00147222,전방,000950,2024,연결재무제표,57235842614.0,94772410649.0,-8482983755.0,-32548106506.0,수익(매출액),영업이익(손실),제 77 기,제 76 기
00147222,전방,000950,2025,연결재무제표,40776455996.0,57235842614.0,-7314924674.0,-8482983755.0,매출,영업이익(손실),제 78 기,제 77 기
00372129,전진건설로봇,079900,2024,연결재무제표,169785980240.0,158370290546.0,31345210502.0,32904822481.0,수익(매출액),영업이익(손실),제 26 기,제 25 기
00372129,전진건설로봇,079900,2025,연결재무제표,190660739993.0,169785980240.0,28718922607.0,31345210502.0,수익(매출액),영업이익(손실),제 27 기,제 26 기
00632793,전진바이오팜,110020,2023,별도재무제표,15680552055.0,7794175890.0,-1244871755.0,-3135915724.0,매출액,영업이익(손실),제 20 기,제 19 기
00632793,전진바이오팜,110020,2024,별도재무제표,19272841086.0,15680552055.0,1158262258.0,-1244871755.0,매출액,영업이익(손실),제 21 기,제 20 기
00632793,전진바이오팜,110020,2025,별도재무제표,13694344910.0,19272841086.0,-342851662.0,1158262258.0,매출액,영업이익(손실),제 22 기,제 21 기
01047415,정다운,208140,2023,연결재무제표,185491756008.0,182649074204.0,35750469426.0,18439405569.0,매출액,영업이익,제 10 기,제 9 기
01047415,정다운,208140,2024,연결재무제표,181956736442.0,185491756008.0,14696194346.0,35750469426.0,매출액,영업이익,제 11 기,제 10 기
01047415,정다운,208140,2025,연결재무제표,160876384094.0,181956736442.0,6751825397.0,14696194346.0,수익(매출액),영업이익(손실),제 12 기,제 11 기
00287788,정상제이엘에스,040420,2023,연결재무제표,113358989517.0,110791763102.0,16377319938.0,16725943893.0,수익(매출액),영업이익(손실),제 31 기,제 30 기
00287788,정상제이엘에스,040420,2024,연결재무제표,105846169339.0,113358989517.0,10120657844.0,16377319938.0,수익(매출액),영업이익(손실),제 32 기,제 31 기
00287788,정상제이엘에스,040420,2025,연결재무제표,103051215889.0,105846169339.0,9766490992.0,10120657844.0,수익(매출액),영업이익(손실),제 33 기,제 32 기
00147772,정원엔시스,045510,2023,연결재무제표,179751794283.0,166266658017.0,2845827453.0,676742328.0,I. 매출액,IV. 영업이익(손실),제 55 기,제 54 기
00147772,정원엔시스,045510,2024,연결재무제표,194450099685.0,179751794283.0,1561853299.0,2845827453.0,매출액,영업이익(손실),제 56 기,제 55 기
00147772,정원엔시스,045510,2025,연결재무제표,200903241754.0,194450099685.0,1940787939.0,1561853299.0,매출액,영업이익(손실),제 57 기,제 56 기
00666204,제너셈,217190,2023,연결재무제표,56453761125.0,59602938075.0,3561812639.0,8518688194.0,수익(매출액),영업이익(손실),제 24 기,제 23 기
00666204,제너셈,217190,2024,연결재무제표,68738086291.0,56453761125.0,6541441909.0,3561812639.0,수익(매출액),영업이익(손실),제 25 기,제 24 기
00545929,제넥신,095700,2023,연결재무제표,4426626990.0,16139032166.0,-41240886624.0,-33679063951.0,매출,영업이익(손실),제 25 기,제 24 기
00545929,제넥신,095700,2024,별도재무제표,2932735736.0,4426626990.0,-37245760360.0,-41240886624.0,매출,영업이익(손실),제 26 기,제 25 기
00545929,제넥신,095700,2025,별도재무제표,4573913204.0,2932735736.0,-36172268141.0,-37245760360.0,매출,영업이익(손실),제 27 기,제 26 기
00799539,제노레이,122310,2023,연결재무제표,97897440573.0,82604106563.0,12757041199.0,14917969338.0,수익(매출액),영업이익(손실),제 23 기,제 22 기
00799539,제노레이,122310,2024,연결재무제표,106981860603.0,97897440573.0,6509094243.0,12757041199.0,수익(매출액),영업이익(손실),제 24 기,제 23 기
00799539,제노레이,122310,2025,연결재무제표,108042067262.0,106981860603.0,-243289025.0,6509094243.0,수익(매출액),영업이익(손실),제 25 기,제 24 기
01014718,제노코,361390,2023,별도재무제표,55112129394.0,50704825056.0,1151079040.0,3151122885.0,수익(매출액),영업이익(손실),제 20 기,제 19 기
01014718,제노코,361390,2024,별도재무제표,56830559488.0,55112129394.0,-2170629177.0,1151079040.0,수익(매출액),영업이익(손실),제 21 기,제 20 기
01014718,제노코,361390,2025,별도재무제표,59631313389.0,56830559488.0,-2085761459.0,-2170629177.0,수익(매출액),영업이익(손실),제 22 기,제 21 기
01062177,제놀루션,225220,2023,연결재무제표,9761301415.0,38084568962.0,-7091383866.0,14736700926.0,매출액,영업이익(손실),제 18 기,제 17 기
01062177,제놀루션,225220,2024,연결재무제표,7135737397.0,9761301415.0,-9163973133.0,-7091383866.0,매출액,영업이익(손실),제 19 기,제 18 기
01062177,제놀루션,225220,2025,연결재무제표,9404347334.0,7135737397.0,-8641919728.0,-9163973133.0,매출액,영업이익(손실),제 20 기,제 19 기
00624998,제닉,123330,2023,연결재무제표,28069766610.0,31448829338.0,-4023185937.0,-3173315075.0,수익(매출액),영업이익(손실),제 23 기,제 22 기
00624998,제닉,123330,2024,연결재무제표,49908316638.0,28069766610.0,6023625764.0,-4023185937.0,수익(매출액),영업이익(손실),제 24 기,제 23 기
00624998,제닉,123330,2025,연결재무제표,78198461125.0,49908316638.0,14973754098.0,6023625764.0,수익(매출액),영업이익(손실),제 25 기,제 24 기
01293485,제닉스로보틱스,381620,2024,별도재무제표,63469561784.0,61300434302.0,4305827720.0,3188518338.0,수익(매출액),영업이익(손실),제 15 기,제 14 기
01293485,제닉스로보틱스,381620,2025,연결재무제표,22665261675.0,63469561784.0,-12312906714.0,4305827720.0,수익(매출액),영업이익(손실),제 16 기,제 15 기
00563837,제로투세븐,159580,2023,연결재무제표,69412990004.0,90391450843.0,2324081274.0,9334742187.0,매출액,영업이익,제 24 기,제 23 기
00563837,제로투세븐,159580,2024,연결재무제표,66894426050.0,69412990004.0,1526092598.0,2324081274.0,매출액,영업이익,제 25 기,제 24 기
00563837,제로투세븐,159580,2025,연결재무제표,70954645139.0,66894426050.0,2515500922.0,1526092598.0,매출액,영업이익,제 26 기,제 25 기
00899556,제룡산업,147830,2023,별도재무제표,40895901213.0,59307568567.0,5561701012.0,9608333299.0,수익(매출액),영업이익(손실),제 13 기,제 12 기
00899556,제룡산업,147830,2024,별도재무제표,29328250520.0,40895901213.0,4088736219.0,5561701012.0,수익(매출액),영업이익(손실),제 14 기,제 13 기
00899556,제룡산업,147830,2025,별도재무제표,37923882483.0,29328250520.0,10572575305.0,4088736219.0,수익(매출액),영업이익(손실),제 15 기,제 14 기
00185356,제룡전기,033100,2023,별도재무제표,183941144839.0,86061155911.0,70151892797.0,15983347808.0,매출액,영업이익(손실),제 38 기,제 37 기
00185356,제룡전기,033100,2024,별도재무제표,262736051492.0,183941144839.0,97845022385.0,70151892797.0,매출액,영업이익(손실),제 39 기,제 38 기
00185356,제룡전기,033100,2025,별도재무제표,224017012923.0,262736051492.0,67027203234.0,97845022385.0,매출액,영업이익(손실),제 40 기,제 39 기
00442570,제우스,079370,2023,연결재무제표,402871359940.0,509015893148.0,7144645762.0,46299494647.0,매출액,영업이익,제 36 기,제 35 기
00442570,제우스,079370,2024,연결재무제표,490785653271.0,402871359940.0,49172349335.0,7144645762.0,매출액,영업이익,제 37 기,제 36 기
00442570,제우스,079370,2025,연결재무제표,383307591232.0,490785653271.0,-4464967016.0,49172349335.0,매출액,영업이익,제 38 기,제 37 기
00361381,제이브이엠,054950,2023,연결재무제표,157085342969.0,141977630092.0,29770728060.0,21991342719.0,매출액,영업이익(손실),제 28 기,제 27 기
00361381,제이브이엠,054950,2024,연결재무제표,159434150636.0,157085342969.0,30675011499.0,29770728060.0,매출액,영업이익,제 29 기,제 28 기
00361381,제이브이엠,054950,2025,연결재무제표,173129219712.0,159434150636.0,33276260919.0,30675011499.0,매출,영업이익,제 30 기,제 29 기
00493185,제이스로보틱스,090470,2023,연결재무제표,72087353783.0,143939697377.0,-371089927.0,37493691695.0,수익(매출액),영업이익(손실),제 29 기,제 28 기
00493185,제이스로보틱스,090470,2024,연결재무제표,63632960537.0,72087353783.0,-5783174958.0,-371089927.0,수익(매출액),영업이익(손실),제 30 기,제 29 기
00493185,제이스로보틱스,090470,2025,연결재무제표,30661005588.0,63632960537.0,-23665752868.0,-5783174958.0,수익(매출액),영업이익(손실),제 31 기,제 30 기
00148531,제이스코홀딩스,023440,2023,연결재무제표,55349435845.0,84143041881.0,-8360586051.0,-6191488893.0,매출액,영업이익(손실),제 60 기,제 59 기
00148531,제이스코홀딩스,023440,2024,연결재무제표,28367530826.0,55349435845.0,-14685650467.0,-8360586051.0,매출액,영업이익(손실),제 61 기,제 60 기
00148531,제이스코홀딩스,023440,2025,연결재무제표,41057598387.0,28367530826.0,-8478166770.0,-14685650467.0,수익(매출액),영업이익(손실),제 62 기,제 61 기
00664853,제이씨케미칼,137950,2023,연결재무제표,439247116474.0,511666317990.0,32297170191.0,42649484762.0,매출액,영업이익(손실),제 18 기,제 17 기
00664853,제이씨케미칼,137950,2024,연결재무제표,367319979259.0,439247116474.0,10689586342.0,32297170191.0,매출액,영업이익(손실),제 19 기,제 18 기
00664853,제이씨케미칼,137950,2025,연결재무제표,367542495747.0,367319979259.0,7718301971.0,10689586342.0,매출액,영업이익,제 20 기,제 19 기
00223513,제이씨현시스템,033320,2023,연결재무제표,211562471795.0,200564472355.0,-5577757014.0,-2369792019.0,매출액,영업이익(손실),제 33 기,제 32 기
00223513,제이씨현시스템,033320,2024,연결재무제표,263899696592.0,211562471795.0,3642816002.0,-5577757014.0,매출액,영업이익(손실),제 34 기,제 33 기
00223513,제이씨현시스템,033320,2025,연결재무제표,313838926730.0,263899696592.0,7700344786.0,3642816002.0,매출액,영업이익(손실),제 35 기,제 34 기
01367586,제이아이테크,417500,2023,연결재무제표,43362684673.0,68282477637.0,4086021597.0,11393792040.0,매출액,영업이익,제 10 기,제 9 기
01367586,제이아이테크,417500,2024,연결재무제표,57292697454.0,43362684673.0,8705391232.0,4086021597.0,매출액,영업이익,제 11 기,제 10 기
01367586,제이아이테크,417500,2025,연결재무제표,53551170592.0,57292697454.0,10396611151.0,8705391232.0,매출액,영업이익,제 12 기,제 11 기
01415892,제이알글로벌리츠,348950,2023,연결재무제표,60458987894.0,57258989178.0,32578997444.0,32805992875.0,영업수익,영업이익(손실),제 9 기,제 8 기
01415892,제이알글로벌리츠,348950,2024,연결재무제표,62571210627.0,61421484587.0,30990940704.0,33580119035.0,영업수익,영업이익,제 11 기,제 10 기
01415892,제이알글로벌리츠,348950,2025,연결재무제표,72166270260.0,74792566482.0,54542329728.0,63906240466.0,영업수익,영업이익,제 13 기,제 12 기
00447575,제이앤티씨,204270,2023,연결재무제표,323436932669.0,161325172108.0,28538516087.0,-44329077466.0,매출액,영업이익(손실),제 28 기,제 27 기
00447575,제이앤티씨,204270,2024,연결재무제표,273239103365.0,323436932669.0,-46091032142.0,28538516087.0,매출액,영업이익(손실),제 29 기,제 28 기
00447575,제이앤티씨,204270,2025,연결재무제표,185653161156.0,273239103365.0,-77996088398.0,-46091032142.0,매출액,영업이익(손실),제 30 기,제 29 기
00642541,제이에스링크,127120,2023,연결재무제표,21948990482.0,16981077512.0,-4342056425.0,-5147247988.0,수익(매출액),영업이익(손실),제 24 기,제 23 기
00642541,제이에스링크,127120,2024,연결재무제표,15907717174.0,21948990482.0,-9111567866.0,-4342056425.0,수익(매출액),영업이익(손실),제 25 기,제 24 기
00642541,제이에스링크,127120,2025,연결재무제표,19316467820.0,15907717174.0,-12486699717.0,-9111567866.0,수익(매출액),영업이익(손실),제 26 기,제 25 기
00332927,제이에스코퍼레이션,194370,2023,연결재무제표,862765475437.0,975066240993.0,84041956668.0,81475323113.0,수익(매출액),영업이익(손실),제 36 기,제 35 기
00332927,제이에스코퍼레이션,194370,2024,연결재무제표,1117499247162.0,862765475437.0,121255985576.0,84041956668.0,매출액,영업이익,제 37 기,제 36 기
00332927,제이에스코퍼레이션,194370,2025,연결재무제표,1288232609221.0,1117499247162.0,140512479061.0,121255985576.0,매출액,영업이익,제 38 기,제 37 기
00120289,제이에스티나,026040,2023,별도재무제표,75362474833.0,77880466417.0,-582699119.0,2580912695.0,매출액,영업이익(손실),제 36 기,제 35 기
00120289,제이에스티나,026040,2024,별도재무제표,74433968530.0,75362474833.0,-2602941211.0,-582699119.0,매출액,영업이익(손실),제 37 기,제 36 기
00120289,제이에스티나,026040,2025,별도재무제표,72242575120.0,74433968530.0,706459594.0,-2602941211.0,매출액,영업이익(손실),제 38 기,제 37 기
01309421,제이엔비,452160,2023,연결재무제표,15313114696.0,16550325313.0,3289323223.0,5025838342.0,수익(매출액),영업이익(손실),제 19 기,제 18 기
01309421,제이엔비,452160,2024,연결재무제표,16032973792.0,15313114696.0,3364526992.0,3289323223.0,수익(매출액),영업이익(손실),제 20 기,제 19 기
01309421,제이엔비,452160,2025,연결재무제표,14901644432.0,16032973792.0,175123344.0,3364526992.0,수익(매출액),영업이익(손실),제 21 기,제 20 기
00442154,제이엔케이글로벌,126880,2023,별도재무제표,166706283422.0,197104167668.0,4137698750.0,6927168613.0,매출액,영업이익,제 26 기,제 25 기
00442154,제이엔케이글로벌,126880,2024,연결재무제표,138638063472.0,166706283422.0,3642140063.0,4137698750.0,매출액,영업이익,제 27 기,제 26 기
00442154,제이엔케이글로벌,126880,2025,연결재무제표,147293291891.0,138638063472.0,3154251457.0,3642140063.0,수익(매출액),영업이익,제 28 기,제 27 기
01153293,제이엘케이,322510,2023,연결재무제표,2488983756.0,3415330726.0,-7147568952.0,-8627804401.0,영업수익,영업이익(손실),제 10 기,제 9 기
01153293,제이엘케이,322510,2024,연결재무제표,1427510483.0,2488983756.0,-12731677700.0,-7147568952.0,영업수익,영업이익(손실),제 11 기,제 10 기
01153293,제이엘케이,322510,2025,연결재무제표,3339486486.0,1427510483.0,-13202037178.0,-12731677700.0,영업수익,영업이익(손실),제 12 기,제 11 기
00222435,제이엠아이,033050,2023,연결재무제표,74566785312.0,64925485182.0,4445290729.0,4728101014.0,매출액,영업이익(손실),제 31 기,제 30 기
00222435,제이엠아이,033050,2024,연결재무제표,80436938348.0,74566785312.0,4045653403.0,4445290729.0,매출액,영업이익(손실),제 32 기,제 31 기
00222435,제이엠아이,033050,2025,연결재무제표,89803265878.0,80436938348.0,4069008999.0,4045653403.0,매출액,영업이익(손실),제 33 기,제 32 기
00533508,제이엠티,094970,2023,연결재무제표,122737483734.0,90599833501.0,14826526543.0,20006878222.0,매출액,영업이익(손실),제 26 기,제 25 기
00533508,제이엠티,094970,2024,연결재무제표,164020138293.0,122737483734.0,5283739326.0,14826526543.0,매출액,영업이익(손실),제 27 기,제 26 기
00533508,제이엠티,094970,2025,연결재무제표,200224698801.0,164020138293.0,13141453551.0,5283739326.0,매출액,영업이익(손실),제 28 기,제 27 기
00411808,제이오,418550,2023,별도재무제표,114493962967.0,67655302339.0,12022840148.0,-2264546549.0,수익(매출액),영업이익(손실),제 30 기,제 29 기
00411808,제이오,418550,2024,별도재무제표,82873665513.0,114493962967.0,-5456610332.0,12022840148.0,수익(매출액),영업이익(손실),제 31 기,제 30 기
00411808,제이오,418550,2025,연결재무제표,55173743385.0,82873665513.0,-4232215221.0,-5456610332.0,매출액,영업이익(손실),제 32 기,제 31 기
01035289,제이케이리버스톤자기관리부동산투자회사,204210,2023,연결재무제표,7528887081.0,5083936757.0,89573604.0,3235883986.0,영업수익,영업이익(손실),제 10 기,제 9 기
01035289,제이케이리버스톤자기관리부동산투자회사,204210,2024,연결재무제표,9460786448.0,7528887081.0,-3750657750.0,89573604.0,영업수익,영업이익(손실),제 11 기,제 10 기
01035289,제이케이리버스톤자기관리부동산투자회사,204210,2025,연결재무제표,9569619112.0,9460786448.0,-2008815043.0,-3750657750.0,영업수익,영업이익(손실),제 12 기,제 11 기
00363510,제이케이시냅스,060230,2023,연결재무제표,49519154769.0,40123713030.0,-9321643715.0,-4428369611.0,매출액,영업이익(손실),제 25 기,제 24 기
00363510,제이케이시냅스,060230,2024,연결재무제표,48851434588.0,49519154769.0,-11016197602.0,-9321643715.0,매출액,영업이익(손실),제 26 기,제 25 기
00363510,제이케이시냅스,060230,2025,연결재무제표,61925399597.0,48851434588.0,-8249506520.0,-10578346510.0,매출액,영업이익(손실),제 27 기,제 26 기
01553129,제이투케이바이오,420570,2023,연결재무제표,28472272288.0,16031904131.0,5606828782.0,2323857591.0,수익(매출액),영업이익(손실),제 7 기,제 6 기
01553129,제이투케이바이오,420570,2024,연결재무제표,33129185725.0,28472272288.0,3626063517.0,5606828782.0,수익(매출액),영업이익(손실),제 8 기,제 7 기
01553129,제이투케이바이오,420570,2025,연결재무제표,32966351938.0,33129185725.0,2919837694.0,3626063517.0,수익(매출액),영업이익(손실),제 9 기,제 8 기
00365457,제이티,089790,2023,연결재무제표,47160458803.0,81858814170.0,2959841947.0,15070504342.0,수익(매출액),영업이익(손실),제 26 기,제 25 기
00365457,제이티,089790,2024,연결재무제표,49505909336.0,47160458803.0,637778265.0,2959841947.0,수익(매출액),영업이익(손실),제 27 기,제 26 기
00365457,제이티,089790,2025,연결재무제표,38378522208.0,48945752594.0,-2197169362.0,436399549.0,수익(매출액),영업이익(손실),제 28 기,제 27 기
00148276,제일기획,030000,2023,연결재무제표,4138274796031.0,4253367260000.0,307522766415.0,311412761580.0,영업수익,영업이익,제 51 기,제 50 기
00148276,제일기획,030000,2024,연결재무제표,4344256680956.0,4138274796031.0,320720587990.0,307522766415.0,영업수익,영업이익,제 52 기,제 51 기
00148276,제일기획,030000,2025,연결재무제표,4546894943227.0,4344256680956.0,336889964137.0,320720587990.0,영업수익,영업이익,제 53 기,제 52 기
00185505,제일바이오,052670,2023,별도재무제표,12110806940.0,15348596148.0,-2017928799.0,-1485498324.0,수익(매출액),영업이익(손실),제 35 기,제 34 기
00185505,제일바이오,052670,2024,별도재무제표,13907823693.0,9822857534.0,-1061743252.0,-2017934169.0,수익(매출액),영업이익(손실),제 36 기,제 35 기
00185505,제일바이오,052670,2025,별도재무제표,14447417009.0,13907823693.0,-665315578.0,-1061743252.0,매출액,영업이익(손실),제 37 기,제 36 기
01236897,제일약품,271980,2023,연결재무제표,726393758032.0,722229924460.0,8731379542.0,-13504334090.0,수익(매출액),영업이익(손실),제 7 기,제 6 기
01236897,제일약품,271980,2024,연결재무제표,704542027302.0,726393758032.0,-18927242331.0,8731379542.0,수익(매출액),영업이익(손실),제 8 기,제 7 기
01236897,제일약품,271980,2025,연결재무제표,567244440283.0,704542027302.0,20695142654.0,-18927242331.0,매출액,영업이익(손실),제 9 기,제 8 기
00528791,제일엠앤에스,412540,2024,연결재무제표,149488935612.0,58356517021.0,-87813977555.0,-7661292034.0,매출,영업이익(손실),제 39 기,제 38 기
00528791,제일엠앤에스,412540,2025,연결재무제표,151265078664.0,247486444077.0,-7242041704.0,-129616247330.0,매출,영업이익(손실),제 40 기,제 39 기
00148461,제일연마,001560,2023,연결재무제표,85239048510.0,83435241806.0,7891764655.0,5129135206.0,매출맥,영업이익(손실),제 50 기,제 49 기
00148461,제일연마,001560,2024,연결재무제표,81974461738.0,85239048510.0,5753862882.0,7891764655.0,매출액,영업이익,제 51 기,제 50 기
00148461,제일연마,001560,2025,연결재무제표,78898942508.0,81974461738.0,4241793251.0,5753862882.0,매출액,영업이익,제 52 기,제 51 기
00148470,제일일렉트릭,199820,2023,별도재무제표,143986066033.0,132154640946.0,7659502632.0,7389857324.0,수익(매출액),영업이익(손실),제 44 기,제 43 기
00148470,제일일렉트릭,199820,2024,연결재무제표,186286728174.0,143986066033.0,8902836267.0,7659502632.0,수익(매출액),영업이익(손실),제 45 기,제 44 기
00148470,제일일렉트릭,199820,2025,연결재무제표,196035438223.0,186286728174.0,11761673281.0,8902836267.0,매출액,영업이익,제 46 기,제 45 기
00148595,제일테크노스,038010,2023,연결재무제표,267641196279.0,215637952017.0,36225506696.0,19412158410.0,수익(매출액),영업이익(손실),제 53 기,제 52 기
00148595,제일테크노스,038010,2024,연결재무제표,183926463645.0,242901053183.0,20689010701.0,35183174756.0,수익(매출액),영업이익(손실),제 54 기,제 53 기
00148595,제일테크노스,038010,2025,연결재무제표,133579370211.0,183926463645.0,7141802513.0,20689010701.0,수익(매출액),영업이익(손실),제 55 기,제 54 기
00148443,제일파마홀딩스,002620,2023,연결재무제표,804043001736.0,792964733258.0,20820186238.0,-7547961141.0,수익(매출액),영업이익(손실),제 64 기,제 63 기
00148443,제일파마홀딩스,002620,2024,연결재무제표,779822241410.0,804043001736.0,-11558923268.0,20820186238.0,수익(매출액),영업이익(손실),제 65 기,제 64 기
00148443,제일파마홀딩스,002620,2025,연결재무제표,657614014071.0,779822241410.0,38686177266.0,-11558923268.0,매출액,영업이익(손실),제 66 기,제 65 기
00447487,제주반도체,080220,2023,연결재무제표,145899793599.0,158258062887.0,17838425308.0,26316133964.0,수익(매출액),영업이익(손실),제 24 기,제 23 기
00447487,제주반도체,080220,2024,연결재무제표,162349945455.0,145899793599.0,9581360274.0,17838425308.0,수익(매출액),영업이익(손실),제 25 기,제 24 기
00447487,제주반도체,080220,2025,연결재무제표,302230571186.0,162349945455.0,35873972312.0,9581360274.0,수익(매출액),영업이익(손실),제 26 기,제 25 기
00555874,제주항공,089590,2023,연결재무제표,1724008542239.0,702503275808.0,169792117648.0,-177502073624.0,매출액,영업이익(손실),제 19 기,제 18 기
00555874,제주항공,089590,2024,연결재무제표,1935791972257.0,1724008542239.0,79912336894.0,169792117648.0,매출액,영업이익,제 20 기,제 19 기
00555874,제주항공,089590,2025,연결재무제표,1579940872409.0,1935791972257.0,-111660044639.0,79912336894.0,매출액,영업이익,제 21 기,제 20 기
01222867,제테마,216080,2023,연결재무제표,58716076773.0,45993818218.0,2633639012.0,4005811892.0,매출액,영업이익(손실),제 15 기,제 14 기
01222867,제테마,216080,2024,연결재무제표,68520182954.0,58716076773.0,4110925721.0,2633639012.0,매출액,영업이익,제 16 기,제 15 기
01222867,제테마,216080,2025,연결재무제표,76902884066.0,68520182954.0,3819154313.0,4110925721.0,매출액,영업이익,제 17 기,제 16 기
01391103,젝시믹스,337930,2023,연결재무제표,232577084972.0,206887174351.0,18194216294.0,19253714634.0,매출액,영업이익(손실),제 7 기,제 6 기
01391103,젝시믹스,337930,2024,연결재무제표,271593945688.0,232577084972.0,24899176900.0,18194216294.0,매출액,영업이익,제 8 기,제 7 기
01391103,젝시믹스,337930,2025,연결재무제표,274097320763.0,271593945688.0,17348590571.0,24899176900.0,매출액,영업이익,제 9 기,제 8 기
01051472,젠큐릭스,229000,2023,연결재무제표,2600317668.0,2559487184.0,-11158545309.0,-11007096768.0,매출액,영업이익(손실),제 13 기,제 12 기
01051472,젠큐릭스,229000,2024,별도재무제표,5133768897.0,2600317668.0,-8529370119.0,-11158545309.0,매출액,영업이익(손실),제 14 기,제 13 기
01051472,젠큐릭스,229000,2025,별도재무제표,7548219535.0,5133768897.0,-6567914795.0,-8529370119.0,매출액,영업이익(손실),제 15 기,제 14 기
00492894,젬백스,082270,2023,연결재무제표,72208573285.0,75804115614.0,-7868210684.0,-3945420701.0,매출,영업이익(손실),제 26 기,제 25 기
00492894,젬백스,082270,2024,연결재무제표,62691712030.0,72208573285.0,-38336839563.0,-7868210684.0,매출,영업이익(손실),제 27 기,제 26 기
00492894,젬백스,082270,2025,연결재무제표,81530820294.0,62691712030.0,3792531724.0,-38336839563.0,매출,영업이익(손실),제 28 기,제 27 기
00291860,조광아이엘아이,044060,2023,별도재무제표,29708323399.0,30721020817.0,-2536971863.0,2808302896.0,매출액,영업이익,제 30 기,제 29 기
00291860,조광아이엘아이,044060,2024,별도재무제표,32965731735.0,29708323399.0,1273523259.0,-2536971863.0,매출액,영업이익,제 31 기,제 30 기
00291860,조광아이엘아이,044060,2025,별도재무제표,27747985614.0,32965731735.0,-3765353559.0,1273523259.0,매출액,영업이익(손실),제 32 기,제 31 기
00148920,조광페인트,004910,2023,연결재무제표,252818412762.0,260470737908.0,3706462386.0,-1615834521.0,매출액,영업이익(손실),제 57 기,제 56 기
00148920,조광페인트,004910,2024,연결재무제표,248020130146.0,252818412762.0,2404881602.0,3706462386.0,매출액,영업이익(손실),제 58 기,제 57 기
00148920,조광페인트,004910,2025,연결재무제표,202667523052.0,248020130146.0,-19497529333.0,2404881602.0,수익(매출액),영업이익(손실),제 59 기,제 58 기
00148939,조광피혁,004700,2023,별도재무제표,126567009199.0,122005783226.0,6344169361.0,507523554.0,수익(매출액),영업이익(손실),제 58 기,제 57 기
00148939,조광피혁,004700,2024,별도재무제표,90248381146.0,126567009199.0,7225967465.0,6344169361.0,매출액,영업이익,제 59 기,제 58 기
00148939,조광피혁,004700,2025,별도재무제표,97880064978.0,90248381146.0,8789865516.0,7225967465.0,매출액,영업이익,제 60 기,제 59 기
00148948,조비,001550,2023,별도재무제표,114718158323.0,148554917835.0,-5582069275.0,11907297397.0,매출액,영업이익(손실),제 69 기,제 68 기
00148948,조비,001550,2024,별도재무제표,102447803292.0,114718158323.0,4826994972.0,-5582069275.0,매출액,영업이익(손실),제 70 기,제 69 기
00148948,조비,001550,2025,별도재무제표,99737235320.0,102447803292.0,3820305556.0,4826994972.0,매출액,영업이익(손실),제 71 기,제 70 기
01770203,조선내화,462520,2024,연결재무제표,500640282000.0,279366908000.0,20019112000.0,31851794000.0,매출액,영업이익(손실),제 2 기,제 1 기
01770203,조선내화,462520,2025,연결재무제표,532032570000.0,500640282000.0,23860164000.0,20019112000.0,매출액,영업이익(손실),제 3 기,제 2 기
00796994,조선선재,120030,2023,별도재무제표,66614293267.0,66976160497.0,10580671009.0,9435412968.0,매출액,영업이익,제 14 기,제 13 기
00796994,조선선재,120030,2024,별도재무제표,50908446396.0,66614293267.0,8683453948.0,10580671009.0,매출액,영업이익,제 15 기,제 14 기
00796994,조선선재,120030,2025,별도재무제표,51761856558.0,50908446396.0,7786351406.0,8683453948.0,수익(매출액),영업이익(손실),제 16 기,제 15 기
00231831,조아제약,034940,2023,연결재무제표,62973743089.0,68879662118.0,-6834978363.0,-482207989.0,수익(매출액),영업이익(손실),제 28 기,제 27 기
00231831,조아제약,034940,2024,연결재무제표,62693744124.0,62973743089.0,-9649407243.0,-6834978363.0,수익(매출액),영업이익(손실),제 29 기,제 28 기
00231831,조아제약,034940,2025,연결재무제표,59310981915.0,62693744124.0,-6598459624.0,-9649407243.0,수익(매출액),영업이익(손실),제 30 기,제 29 기
00397252,조이시티,067000,2023,연결재무제표,149618519176.0,163779496761.0,25330688881.0,7400674611.0,영업수익,영업이익,제 30 기,제 29 기
00397252,조이시티,067000,2024,연결재무제표,142849965435.0,149618519176.0,11614781723.0,25330688881.0,영업수익,영업이익,제 31 기,제 30 기
00397252,조이시티,067000,2025,연결재무제표,140359841215.0,142849965435.0,5664758588.0,11614781723.0,영업수익,영업이익,제 32 기,제 31 기
01335453,조이웍스앤코,309930,2023,별도재무제표,41039115328.0,32410293762.0,2056945685.0,1592161906.0,매출액,영업이익(손실),제 6 기,제 5 기
01335453,조이웍스앤코,309930,2024,연결재무제표,47269217005.0,41039115328.0,-2388988078.0,2056945685.0,매출액,영업이익(손실),제 7 기,제 6 기
01335453,조이웍스앤코,309930,2025,연결재무제표,45980848660.0,47269217005.0,-8769178492.0,-2388988078.0,매출액,영업이익(손실),제 8 기,제 7 기
00149239,조일알미늄,018470,2023,별도재무제표,465783855340.0,562385283324.0,8472865264.0,15831171036.0,수익(매출액),영업이익(손실),제 39 기,제 38 기
00149239,조일알미늄,018470,2024,별도재무제표,498372378613.0,465783855340.0,20106641323.0,8472865264.0,수익(매출액),영업이익(손실),제 40 기,제 39 기
00149239,조일알미늄,018470,2025,별도재무제표,486678693232.0,498372378613.0,13795248899.0,20106641323.0,수익(매출액),영업이익(손실),제 41 기,제 40 기
00149345,조흥,002600,2023,연결재무제표,405945609421.0,324035752456.0,15648302437.0,14975758634.0,매출액,영업이익,제 65 기,제 64 기
00149345,조흥,002600,2024,연결재무제표,428162970536.0,405945609421.0,20834881066.0,15648302437.0,매출액,영업이익,제 66 기,제 65 기
00149345,조흥,002600,2025,연결재무제표,488246059548.0,428162970536.0,18629765819.0,20834881066.0,매출액,영업이익,제 67 기,제 66 기
00122205,졸스,018700,2023,연결재무제표,61503408544.0,58667142079.0,-5691954909.0,-5160401668.0,영업수익,영업손실,제 39 기,제 38 기
00122205,졸스,018700,2024,연결재무제표,67877010734.0,61503408544.0,-5731060021.0,-5691954909.0,영업수익,영업이익(손실),제 40 기,제 39 기
00122205,졸스,018700,2025,연결재무제표,64222565683.0,67877010734.0,-2997414739.0,-5731060021.0,영업수익,영업이익(손실),제 41 기,제 40 기
00992871,종근당,185750,2023,연결재무제표,1669404438769.0,1488344728646.0,246599279042.0,109906061531.0,매출액,영업이익,제 11 기,제 10 기
00992871,종근당,185750,2024,연결재무제표,1586430795630.0,1669404438769.0,99461546115.0,246599279042.0,매출액,영업이익(손실),제 12 기,제 11 기
00992871,종근당,185750,2025,연결재무제표,1692403987134.0,1586430795630.0,80567677778.0,99461546115.0,매출액,영업이익(손실),제 13 기,제 12 기
00390055,종근당바이오,063160,2023,별도재무제표,160352778354.0,156042327041.0,-20152520381.0,-14810343537.0,수익(매출액),영업이익(손실),제 23 기,제 22 기
00390055,종근당바이오,063160,2024,별도재무제표,171756008722.0,160352778354.0,10953544485.0,-20152520381.0,수익(매출액),영업이익(손실),제 24 기,제 23 기
00390055,종근당바이오,063160,2025,별도재무제표,160070986863.0,171756008722.0,3605135548.0,10953544485.0,매출액,영업이익,제 25 기,제 24 기
00149354,종근당홀딩스,001630,2023,연결재무제표,879780769949.0,908962764139.0,17005266704.0,-32878294931.0,매출액(영업수익),영업이익,제 69 기,제 68 기
00149354,종근당홀딩스,001630,2024,연결재무제표,957752613068.0,879780769949.0,35486435048.0,17005266704.0,매출액,영업이익(손실),제 70 기,제 69 기
00149354,종근당홀딩스,001630,2025,연결재무제표,959011774439.0,957752613068.0,58281283833.0,35486435048.0,매출액,영업이익,제 71 기,제 70 기
00205003,좋은사람들,033340,2023,연결재무제표,82568061629.0,80470105663.0,1288396956.0,-4314766827.0,수익(매출액),영업이익(손실),제 31 기,제 30 기
00205003,좋은사람들,033340,2024,연결재무제표,90184220097.0,82568061629.0,1297148979.0,1288396956.0,수익(매출액),영업이익(손실),제 32 기,제 31 기
00205003,좋은사람들,033340,2025,연결재무제표,72599453889.0,90184220097.0,-6083580532.0,1297148979.0,수익(매출액),영업이익(손실),제 33 기,제 32 기
00252135,주성엔지니어링,036930,2023,연결재무제표,284745246660.0,437938720318.0,28937462812.0,123884000542.0,매출액,영업이익,제 29 기,제 28 기
00252135,주성엔지니어링,036930,2024,연결재무제표,409393371588.0,284745246660.0,97196211588.0,28937462812.0,수익(매출액),영업이익(손실),제 30 기,제 29 기
00252135,주성엔지니어링,036930,2025,연결재무제표,310692584812.0,409393371588.0,31257811742.0,97196211588.0,수익(매출액),영업이익(손실),제 31 기,제 30 기
00753643,주성코퍼레이션,109070,2023,연결재무제표,23947360256.0,22967075806.0,-1335469778.0,-4812464335.0,수익(매출액),영업이익(손실),제 15 기,제 14 기
00753643,주성코퍼레이션,109070,2024,연결재무제표,68846344884.0,23947360256.0,3763674211.0,-1335469778.0,수익(매출액),영업이익(손실),제 16 기,제 15 기
00753643,주성코퍼레이션,109070,2025,연결재무제표,85403171510.0,68846344884.0,3166117605.0,3763674211.0,매출액,영업이익(손실),제 17 기,제 16 기
00269241,주연테크,044380,2023,연결재무제표,43504587021.0,66667583595.0,-4656483408.0,-6294304449.0,수익(매출액),영업이익(손실),제 36 기,제 35 기
00269241,주연테크,044380,2024,연결재무제표,53068185647.0,43504587021.0,-2902454919.0,-4656483408.0,수익(매출액),영업이익(손실),제 37 기,제 36 기
00269241,주연테크,044380,2025,연결재무제표,62628503833.0,53068185647.0,-1676717973.0,-2902454919.0,수익(매출액),영업이익(손실),제 38 기,제 37 기
00415327,중앙백신,072020,2023,별도재무제표,41867966000.0,39299158624.0,6993692576.0,4282862471.0,수익(매출액),영업이익(손실),제 30 기,제 29 기
00415327,중앙백신,072020,2024,별도재무제표,45592513653.0,41867966000.0,5758071423.0,6993692576.0,수익(매출액),영업이익(손실),제 31 기,제 30 기
00415327,중앙백신,072020,2025,별도재무제표,49068711762.0,45592513653.0,6478782030.0,5758071423.0,수익(매출액),영업이익(손실),제 32 기,제 31 기
00149770,중앙에너비스,000440,2023,연결재무제표,55473865404.0,71620870966.0,-739276625.0,811819806.0,매출액,영업이익,제 88 기,제 87 기
00149770,중앙에너비스,000440,2024,연결재무제표,49810930913.0,55473865404.0,-1746232659.0,-739276625.0,매출액,영업이익,제 89 기,제 88 기
00149770,중앙에너비스,000440,2025,연결재무제표,49592330053.0,49810930913.0,-1743958445.0,-1746232659.0,매출액,영업이익,제 90 기,제 89 기
00347716,중앙첨단소재,051980,2023,연결재무제표,26295374091.0,26605839008.0,46944494.0,-5061044925.0,매출액,영업이익(손실),제 25 기,제 24 기
00347716,중앙첨단소재,051980,2024,연결재무제표,18691841435.0,26295374091.0,-7798426267.0,56864463.0,매출액,영업이익(손실),제 26 기,제 25 기
00347716,중앙첨단소재,051980,2025,연결재무제표,19809151653.0,18691841435.0,-4562905485.0,-7798426267.0,매출액,영업손실,제 27 기,제 26 기
01026616,지구홀딩스,221800,2023,별도재무제표,30792036515.0,69013134090.0,-1337992226.0,15707796256.0,매출액,영업이익(손실),제 15 기,제 14 기
01026616,지구홀딩스,221800,2024,별도재무제표,25040388758.0,30792036515.0,-3126636515.0,-1337992226.0,매출액,영업이익(손실),제 16 기,제 15 기
01026616,지구홀딩스,221800,2025,별도재무제표,25593121755.0,25040388758.0,-2357982614.0,-3126636515.0,매출액,영업이익(손실),제 17 기,제 16 기
01108248,지노믹트리,228760,2023,연결재무제표,3418009378.0,29865674706.0,-17303489590.0,2405362117.0,Ⅰ. 매출액,Ⅳ. 영업이익(손실),제 24 기,제 23 기
01108248,지노믹트리,228760,2024,연결재무제표,2362308212.0,3418009378.0,-15313390631.0,-17303489590.0,매출액,영업이익(손실),제 25 기,제 24 기
01108248,지노믹트리,228760,2025,연결재무제표,3760069687.0,2362308212.0,-11297824846.0,-15313390631.0,매출액,영업이익(손실),제 26 기,제 25 기
01276026,지놈앤컴퍼니,314130,2023,연결재무제표,14295995472.0,14084608191.0,-55092344303.0,-57512443619.0,매출액,영업이익(손실),제 9 기,제 8 기
01276026,지놈앤컴퍼니,314130,2024,연결재무제표,27744683042.0,14295995472.0,-24198703745.0,-55092344303.0,매출액,영업이익(손실),제 10 기,제 9 기
01276026,지놈앤컴퍼니,314130,2025,연결재무제표,24586847088.0,27744683042.0,-29234414724.0,-24198703745.0,매출액,영업이익(손실),제 11 기,제 10 기
00150633,지누스,013890,2023,연결재무제표,952282926124.0,1159605660284.0,18342039200.0,65560502229.0,매출액,영업이익,제 45 기,제 44 기
00150633,지누스,013890,2024,연결재무제표,920399251687.0,952282926124.0,-5445946393.0,18342039200.0,매출액,영업이익,제 46 기,제 45 기
00150633,지누스,013890,2025,연결재무제표,913180017856.0,920399251687.0,25479423487.0,-5445946393.0,매출액,영업이익,제 47 기,제 46 기
01494154,지니너스,389030,2023,연결재무제표,6967191605.0,10083387356.0,-10078616482.0,-9676054912.0,I. 매출액,IV. 영업이익(손실),제 6 기,제 5 기
01494154,지니너스,389030,2024,연결재무제표,6455439519.0,6967191605.0,-12259520415.0,-10078616482.0,I. 매출액,IV. 영업이익(손실),제 7 기,제 6 기
01494154,지니너스,389030,2025,연결재무제표,10483373195.0,6455439519.0,-11671177578.0,-12259520415.0,매출액,영업이익(손실),제 8 기,제 7 기
00962223,지니언스,263860,2023,연결재무제표,42891621151.0,38452577834.0,6467031062.0,6920292722.0,수익(매출액),영업이익(손실),제 19 기,제 18 기
00962223,지니언스,263860,2024,연결재무제표,49605420747.0,42891621151.0,9839923500.0,6467031062.0,수익(매출액),영업이익(손실),제 20 기,제 19 기
00962223,지니언스,263860,2025,연결재무제표,48381253076.0,49605420747.0,7007064713.0,9839923500.0,수익(매출액),영업이익(손실),제 21 기,제 20 기
01318933,지니틱스,303030,2023,별도재무제표,33068422790.0,27611138913.0,-6046795133.0,-5228689355.0,매출액,영업이익(손실),제 6 기,제 5 기
01318933,지니틱스,303030,2024,별도재무제표,54075603095.0,33068422790.0,282028983.0,-6046795133.0,매출액,영업이익(손실),제 7 기,제 6 기
01318933,지니틱스,303030,2025,별도재무제표,36380023074.0,54075603095.0,-8552839558.0,282028983.0,매출액,영업이익(손실),제 8 기,제 7 기
00676122,지디,155960,2023,별도재무제표,21192607672.0,23475735036.0,-1265796388.0,-72293077.0,매출액,영업이익(손실),제 19 기,제 18 기
00676122,지디,155960,2024,별도재무제표,20235654683.0,21192607672.0,-1402443349.0,-1265796388.0,매출액,영업이익(손실),제 20 기,제 19 기
00676122,지디,155960,2025,별도재무제표,18061030521.0,20235654683.0,-803407345.0,-1402443349.0,매출액,영업이익(손실),제 21 기,제 20 기
01047169,지란지교시큐리티,208350,2023,연결재무제표,35281556819.0,32220888324.0,1836738399.0,2132985984.0,매출액,영업이익,제 10 기,제 9 기
01047169,지란지교시큐리티,208350,2024,연결재무제표,34122987523.0,35281556819.0,1377556243.0,1836738399.0,매출액,영업이익,제 11 기,제 10 기
01047169,지란지교시큐리티,208350,2025,연결재무제표,38927841312.0,34122987523.0,2483169475.0,1382616609.0,매출액,영업이익,제 12 기,제 11 기
01693922,지슨,446840,2023,별도재무제표,0.0,0.0,-21291150.0,-10549440.0,영업수익,영업이익(손실),제 2 기,제 1 기
01693922,지슨,446840,2024,별도재무제표,0.0,0.0,-25657715.0,-21291150.0,영업수익,영업이익(손실),제 3 기,제 2 기
01693922,지슨,446840,2025,별도재무제표,11295873816.0,13575700648.0,-6643920486.0,-1765184839.0,매출액,영업이익(손실),제 4 기,제 3 기
01010642,지씨셀,144510,2023,연결재무제표,187544189442.0,236120072863.0,4076768549.0,44281788453.0,매출액,영업이익,제 13 기,제 12 기
01010642,지씨셀,144510,2024,연결재무제표,174451440266.0,187544189442.0,-19998722925.0,4076768549.0,매출액,영업이익(손실),제 14 기,제 13 기
01010642,지씨셀,144510,2025,연결재무제표,165523143709.0,174451440266.0,-13793530893.0,-19998722925.0,매출액,영업이익(손실),제 15 기,제 14 기
01432598,지씨지놈,340450,2025,별도재무제표,31533860089.0,25887798646.0,1235615079.0,-1233500726.0,매출액,영업이익(손실),제 13 기,제 12 기
01325429,지아이에스,306620,2023,연결재무제표,86754563129.0,52890474671.0,2166554380.0,-3759261826.0,매출액,영업이익(손실),제 6 기,제 5 기
01325429,지아이에스,306620,2024,연결재무제표,104451927574.0,86754563129.0,3625807851.0,2166554380.0,매출액,영업이익(손실),제 7 기,제 6 기
01325429,지아이에스,306620,2025,연결재무제표,75810672480.0,104451927574.0,1631644343.0,3625807851.0,매출액,영업이익(손실),제 8 기,제 7 기
01351080,지아이이노베이션,358570,2023,별도재무제표,5318849455.0,3500000000.0,-53304560672.0,-67952023588.0,영업수익,영업이익(손실),제 7 기,제 6 기
01351080,지아이이노베이션,358570,2024,별도재무제표,24281460.0,5318849455.0,-48259851257.0,-53304560672.0,영업수익,영업이익(손실),제 8 기,제 7 기
01351080,지아이이노베이션,358570,2025,별도재무제표,5838086757.0,24281460.0,-40654989301.0,-48259851257.0,영업수익,영업이익(손실),제 9 기,제 8 기
01311310,지아이텍,382480,2023,별도재무제표,36622011346.0,39647018076.0,4499921853.0,6926041649.0,수익(매출액),영업이익(손실),제 12 기,제 11 기
01311310,지아이텍,382480,2024,연결재무제표,37765720123.0,36622011346.0,3042896512.0,4499921853.0,수익(매출액),영업이익(손실),제 13 기,제 12 기
01311310,지아이텍,382480,2025,연결재무제표,36219713807.0,37765720123.0,1123640164.0,3042896512.0,수익(매출액),영업이익(손실),제 14 기,제 13 기
00958327,지앤비에스 에코,382800,2023,별도재무제표,89320182345.0,65592093147.0,18290380331.0,14711923379.0,수익(매출액),영업이익(손실),제 19 기,제 18 기
00958327,지앤비에스 에코,382800,2024,연결재무제표,70763128588.0,89320182345.0,11648559355.0,18290380331.0,수익(매출액),영업이익(손실),제 20 기,제 19 기
00958327,지앤비에스 에코,382800,2025,연결재무제표,91919436496.0,70763128588.0,7756388256.0,11648559355.0,수익(매출액),영업이익(손실),제 21 기,제 20 기
00389110,지어소프트,051160,2023,연결재무제표,508904596429.0,454632456423.0,15207009272.0,-3078363053.0,수익(매출액),영업이익(손실),제 26 기,제 25 기
00389110,지어소프트,051160,2024,연결재무제표,547175186226.0,508904596429.0,29092526456.0,15207009272.0,수익(매출액),영업이익(손실),제 27 기,제 26 기
00389110,지어소프트,051160,2025,연결재무제표,587129986929.0,547175186226.0,25128780502.0,29092526456.0,수익(매출액),영업이익(손실),제 28 기,제 27 기
00248053,지에스엔텍,037640,2023,별도재무제표,112898302515.0,118513879415.0,-12472622544.0,-17613024020.0,매출,영업이익(손실),제 36 기,제 35 기
00248053,지에스엔텍,037640,2024,별도재무제표,214227164712.0,112898302515.0,26806074443.0,-12472622544.0,매출,영업이익(손실),제 37 기,제 36 기
00248053,지에스엔텍,037640,2025,별도재무제표,85992284235.0,214227164712.0,3476692230.0,26806074443.0,매출,영업이익(손실),제 38 기,제 37 기
00351995,지에스이,053050,2023,별도재무제표,168759675446.0,172618318203.0,4381368023.0,4625408345.0,매출액,영업이익,제 35 기,제 34 기
00351995,지에스이,053050,2024,별도재무제표,155623291724.0,168759675446.0,4907764603.0,4381368023.0,매출액,영업이익,제 36 기,제 35 기
00351995,지에스이,053050,2025,별도재무제표,170081007923.0,155623291724.0,7343399498.0,4907764603.0,매출액,영업이익,제 37 기,제 36 기
01221752,지에프씨생명과학,388610,2024,별도재무제표,16804533739.0,15434186294.0,1704603240.0,703526737.0,수익(매출액),영업이익(손실),제 23 기,제 22 기
01221752,지에프씨생명과학,388610,2025,별도재무제표,17714780998.0,16804533739.0,386262084.0,1704603240.0,매출액,영업이익(손실),제 24 기,제 23 기
01450938,지에프아이,493330,2025,연결재무제표,44955710087.0,24241505220.0,6754673220.0,5491339442.0,수익(매출액),영업이익(손실),제 12 기,제 11 기
00626464,지엔씨에너지,119850,2023,연결재무제표,166417408343.0,148546394356.0,11022900658.0,6093453058.0,수익(매출액),영업이익(손실),제 31 기,제 30 기
00626464,지엔씨에너지,119850,2024,연결재무제표,226316215163.0,166417408343.0,31703602364.0,11022900658.0,수익(매출액),영업이익(손실),제 32 기,제 31 기
00626464,지엔씨에너지,119850,2025,연결재무제표,262633597538.0,226316215163.0,49372497571.0,31703602364.0,매출액,영업이익,제 33 기,제 32 기
00258102,지엔코,065060,2023,연결재무제표,146952545704.0,143276086145.0,7903539626.0,-2901525154.0,매출액,영업이익(손실),제 27 기,제 26 기
00258102,지엔코,065060,2024,연결재무제표,121173166298.0,146952545704.0,-3928636259.0,7903539626.0,매출액,영업이익(손실),제 28 기,제 27 기
00258102,지엔코,065060,2025,연결재무제표,110866718148.0,121173166298.0,-408991762.0,-3928636259.0,매출액,영업이익(손실),제 29 기,제 28 기
01042359,지엘팜텍,204840,2023,연결재무제표,26033025366.0,16728502971.0,-3228012102.0,-3254750005.0,매출액,영업이익(손실),제 10 기,제 9 기
01042359,지엘팜텍,204840,2024,연결재무제표,26047952258.0,26033025366.0,-1767871568.0,-3228012102.0,매출액,영업이익(손실),제 11 기,제 10 기
01042359,지엘팜텍,204840,2025,연결재무제표,35267864179.0,26047952258.0,268476227.0,-1767871568.0,매출액,영업이익(손실),제 12 기,제 11 기
00156354,지엠비코리아,013870,2023,연결재무제표,690905792852.0,610506109979.0,20566629966.0,11123016383.0,수익(매출액),영업이익(손실),제 45 기,제 44 기
00156354,지엠비코리아,013870,2024,연결재무제표,726708233618.0,690905792852.0,22684759351.0,20566629966.0,수익(매출액),영업이익(손실),제 46 기,제 45 기
00156354,지엠비코리아,013870,2025,연결재무제표,787271627828.0,726708233618.0,24219735831.0,22684759351.0,수익(매출액),영업이익(손실),제 47 기,제 46 기
00159698,지역난방공사,071320,2023,연결재무제표,3953697605651.0,4173027136426.0,314719522031.0,-403893693760.0,매출액,영업이익(손실),제 39 기,제 38 기
00159698,지역난방공사,071320,2024,연결재무제표,3570309804422.0,3953697605651.0,327942028598.0,314719522031.0,매출액,영업이익(손실),제 40 기,제 39 기
00159698,지역난방공사,071320,2025,연결재무제표,3998187000000.0,3570310000000.0,529624000000.0,327942000000.0,수익(매출액),영업이익(손실),제 41 기,제 40 기
00668965,지오엘리먼트,311320,2023,별도재무제표,17811078054.0,28636133638.0,761102321.0,7291671548.0,수익(매출액),영업이익(손실),제 19 기,제 18 기
00668965,지오엘리먼트,311320,2024,연결재무제표,44777284388.0,17811078054.0,5313625339.0,761102321.0,매출,영업이익(손실),제 20 기,제 19 기
00668965,지오엘리먼트,311320,2025,연결재무제표,54623538260.0,44777284388.0,4429142245.0,5313625339.0,매출,영업이익(손실),제 21 기,제 20 기
00689418,지유온,111820,2023,별도재무제표,289120422.0,1969611632.0,-1399040222.0,-1880267517.0,수익(매출액),영업이익(손실),제 18 기,제 17 기
00689418,지유온,111820,2024,연결재무제표,862334743.0,289120422.0,-1037149205.0,-1399040222.0,수익(매출액),영업이익(손실),제 19 기,제 18 기
00689418,지유온,111820,2025,연결재무제표,1749963897.0,862334743.0,-1192099580.0,-1037149205.0,수익(매출액),영업이익(손실),제 20 기,제 19 기
01577952,지투지바이오,456160,2024,별도재무제표,768930985.0,739823074.0,-10763507974.0,-13144249117.0,수익(매출액),영업이익(손실),제 8 기,제 7 기
01577952,지투지바이오,456160,2025,별도재무제표,423070926.0,768930985.0,-12202308190.0,-10763507974.0,수익(매출액),영업이익(손실),제 9 기,제 8 기
01462605,지투파워,388050,2023,연결재무제표,49413146361.0,37376811261.0,-945440106.0,204481879.0,매출액,영업이익(손실),제 14 기,제 13 기
01462605,지투파워,388050,2024,연결재무제표,55423270415.0,49413146361.0,3670357141.0,-945440106.0,매출액,영업이익(손실),제 15 기,제 14 기
01462605,지투파워,388050,2025,연결재무제표,77377777992.0,55423270415.0,8807016633.0,3670357141.0,매출액,영업이익(손실),제 16 기,제 15 기
00557933,진도,088790,2023,별도재무제표,56370619279.0,63417016273.0,3761675112.0,6093797742.0,매출액,영업이익,제 18 기,제 17 기
00557933,진도,088790,2024,별도재무제표,44153009434.0,56370619279.0,1143805417.0,3761675112.0,매출액,영업이익(손실),제 19 기,제 18 기
00557933,진도,088790,2025,별도재무제표,47608077683.0,44153009434.0,3983320538.0,1143805417.0,매출액,영업이익(손실),제 20 기,제 19 기
00170877,진로발효,018120,2023,연결재무제표,100068186172.0,99586810696.0,8055864375.0,3788872244.0,수익(매출액),영업이익(손실),제 40 기,제 39 기
00170877,진로발효,018120,2024,연결재무제표,101456070092.0,100068186172.0,11536816557.0,8055864375.0,수익(매출액),영업이익(손실),제 41 기,제 40 기
00170877,진로발효,018120,2025,연결재무제표,99783679254.0,101456070092.0,14013935309.0,11536816557.0,수익(매출액),영업이익(손실),제 42 기,제 41 기
00552992,진매트릭스,109820,2023,별도재무제표,9814502688.0,11214478726.0,-2548038790.0,-1522926015.0,수익(매출액),영업이익(손실),제 24 기,제 23 기
00552992,진매트릭스,109820,2024,별도재무제표,10018845652.0,9814502688.0,-1641652319.0,-2548038790.0,수익(매출액),영업이익(손실),제 25 기,제 24 기
00552992,진매트릭스,109820,2025,별도재무제표,10643335004.0,10018845652.0,-679131166.0,-1641652319.0,수익(매출액),영업이익(손실),제 26 기,제 25 기
00491053,진바이오텍,086060,2023,연결재무제표,79476916086.0,82758506105.0,3952505473.0,1670481016.0,수익(매출액),영업이익(손실),제 24 기,제 23 기
00491053,진바이오텍,086060,2024,연결재무제표,82959224586.0,79476916086.0,3843590214.0,3952505473.0,매출액,영업이익(손실),제 25 기,제 24 기
00491053,진바이오텍,086060,2025,연결재무제표,90788971774.0,82959224586.0,3922055781.0,3843590214.0,매출액,영업이익(손실),제 26 기,제 25 기
00174208,진성티이씨,036890,2023,연결재무제표,485118584952.0,541014045943.0,39589010073.0,66316216444.0,수익(매출액),영업이익(손실),제 42 기,제 41 기
00174208,진성티이씨,036890,2024,연결재무제표,390515286432.0,485118584952.0,24441981984.0,39589010073.0,수익(매출액),영업이익(손실),제 43 기,제 42 기
00174208,진성티이씨,036890,2025,연결재무제표,463820413148.0,390515286432.0,47942987124.0,24441981984.0,매출액,영업이익,제 44 기,제 43 기
01437858,진시스템,363250,2023,연결재무제표,897027724.0,3653063417.0,-9484494700.0,-6604820388.0,수익(매출액),영업이익(손실),제 14 기,제 13 기
01437858,진시스템,363250,2024,연결재무제표,1207760282.0,897027724.0,-10115923491.0,-9484494700.0,매출액,영업이익(손실),제 15 기,제 14 기
01437858,진시스템,363250,2025,연결재무제표,381356664.0,1207760282.0,-9690374140.0,-10115923491.0,매출액,영업손실,제 16 기,제 15 기
00150439,진양산업,003780,2023,연결재무제표,86871531571.0,83673211023.0,7569627807.0,5285312534.0,수익(매출액),영업이익(손실),제 61 기,제 60 기
00150439,진양산업,003780,2024,연결재무제표,88220353454.0,86871531571.0,8195906921.0,7569627807.0,수익(매출액),영업이익(손실),제 62 기,제 61 기
00150439,진양산업,003780,2025,연결재무제표,90655194966.0,88220353454.0,8444290771.0,8195906921.0,수익(매출액),영업이익(손실),제 63 기,제 62 기
00150536,진양제약,007370,2023,별도재무제표,94111137951.0,76264203331.0,9085104026.0,11138419573.0,매출액,영업이익,제 46 기,제 45 기
00150536,진양제약,007370,2024,별도재무제표,113332121347.0,93708173984.0,11708434539.0,8682140059.0,매출액,영업이익,제 47 기,제 46 기
00150536,진양제약,007370,2025,별도재무제표,120686230379.0,113332121347.0,2526241951.0,11708434539.0,매출액,영업이익,제 48 기,제 47 기
00160375,진양폴리우레탄,010640,2023,연결재무제표,54512150091.0,52720489763.0,3960005024.0,3288372484.0,매출액,영업이익(손실),제 49 기,제 48 기
00160375,진양폴리우레탄,010640,2024,별도재무제표,54038232041.0,54512150091.0,3970306773.0,3960005024.0,매출액,영업이익(손실),제 50 기,제 49 기
00160375,진양폴리우레탄,010640,2025,별도재무제표,46628342500.0,54038232041.0,1826014622.0,3970306773.0,매출액,영업이익(손실),제 51 기,제 50 기
00646732,진양홀딩스,100250,2023,연결재무제표,271104256117.0,234557602802.0,3515267242.0,5231538199.0,수익(매출액),영업이익(손실),제 16 기,제 15 기
00646732,진양홀딩스,100250,2024,연결재무제표,286846166692.0,271104256117.0,4914347266.0,3515267242.0,수익(매출액),영업이익(손실),제 17 기,제 16 기
00646732,진양홀딩스,100250,2025,연결재무제표,279815907810.0,286846166692.0,5784115399.0,4914347266.0,매출액,영업이익(손실),제 18 기,제 17 기
00347734,진양화학,051630,2023,별도재무제표,28281407525.0,29090013873.0,-2147215622.0,-1055629006.0,수익(매출액),영업이익(손실),제 23 기,제 22 기
00347734,진양화학,051630,2024,별도재무제표,24527435256.0,28281407525.0,-4139532436.0,-2147215622.0,수익(매출액),영업이익(손실),제 24 기,제 23 기
00347734,진양화학,051630,2025,별도재무제표,18563879502.0,24527435256.0,-743281876.0,-4139532436.0,수익(매출액),영업이익(손실),제 25 기,제 24 기
00653024,진에어,272450,2023,별도재무제표,1277221821965.0,593428498296.0,182163416125.0,-67279707925.0,매출,영업이익(손실),제 16 기,제 15 기
00653024,진에어,272450,2024,별도재무제표,1461262722147.0,1277221821965.0,163113835297.0,182163416125.0,매출,영업이익(손실),제 17 기,제 16 기
00653024,진에어,272450,2025,별도재무제표,1381080693148.0,1461262722147.0,-19157673281.0,163113835297.0,매출,영업이익(손실),제 18 기,제 17 기
00816933,진영,285800,2023,별도재무제표,30903076752.0,48111617674.0,-2361083010.0,6448571203.0,수익(매출액),영업이익(손실),제 28 기,제 27 기
00816933,진영,285800,2024,연결재무제표,34220821292.0,30903076752.0,-2939269233.0,-2361083010.0,수익(매출액),영업이익(손실),제 29 기,제 28 기
00816933,진영,285800,2025,연결재무제표,32423321754.0,34220821292.0,-2655980713.0,-2939269233.0,수익(매출액),영업이익(손실),제 30 기,제 29 기
00118521,진원생명과학,011000,2023,연결재무제표,40202911101.0,48718300179.0,-48368031089.0,-40083888917.0,수익(매출액),영업이익(손실),제 48 기,제 47 기
00118521,진원생명과학,011000,2024,연결재무제표,35720098849.0,40202911101.0,-43039113456.0,-48368031089.0,수익(매출액),영업이익(손실),제 49 기,제 48 기
00118521,진원생명과학,011000,2025,연결재무제표,23044791670.0,35720098849.0,-44036249294.0,-43039113456.0,매출액,영업이익(손실),제 50 기,제 49 기
01158632,진코스텍,250030,2023,별도재무제표,19521152869.0,17600848507.0,-2611225852.0,-3194574730.0,매출액,영업이익(손실),제 14 기,제 13 기
01158632,진코스텍,250030,2024,별도재무제표,29836823114.0,19521152869.0,1149769853.0,-2611225852.0,매출액,영업이익(손실),제 15 기,제 14 기
01158632,진코스텍,250030,2025,별도재무제표,48646055602.0,29836823114.0,4848690941.0,1149769853.0,매출액,영업이익,제 16 기,제 15 기
00150828,진흥기업,002780,2023,별도재무제표,759439767128.0,628936048866.0,51726034035.0,50682532747.0,수익(매출액),영업이익(손실),제 65 기,제 64 기
00150828,진흥기업,002780,2024,별도재무제표,726191073004.0,759439767128.0,-4746640163.0,51726034035.0,매출액,영업이익(손실),제 66 기,제 65 기
00150828,진흥기업,002780,2025,별도재무제표,576381970077.0,726191073004.0,-23003569423.0,-4746640163.0,매출액,영업이익(손실),제 67 기,제 66 기
00136776,차AI헬스케어,025620,2023,연결재무제표,17033838985.0,6246244503.0,-10186542687.0,-10667657649.0,매출액,영업이익(손실),제 52 기,제 51 기
00136776,차AI헬스케어,025620,2024,연결재무제표,15675289582.0,16089005897.0,-5446113042.0,-9388110332.0,매출액,영업이익(손실),제 53 기,제 52 기
00136776,차AI헬스케어,025620,2025,연결재무제표,7305082169.0,15675289582.0,-7455920893.0,-5446113042.0,매출액,영업이익(손실),제 54 기,제 53 기
00525679,차바이오텍,085660,2023,연결재무제표,953951423132.0,844582867317.0,-9567468724.0,-47076070730.0,수익(매출액),영업이익(손실),제 22 기,제 21 기
00525679,차바이오텍,085660,2024,연결재무제표,1045049021124.0,953951423132.0,-59684136456.0,-9567468724.0,수익(매출액),영업이익(손실),제 23 기,제 22 기
00525679,차바이오텍,085660,2025,연결재무제표,1268253668584.0,1045049021124.0,-48774819348.0,-59684136456.0,매출,영업이익(손실),제 24 기,제 23 기
00909835,차이커뮤니케이션,351870,2024,연결재무제표,58777951391.0,56402365953.0,3547196022.0,8604820253.0,영업수익,영업이익(손실),제 21 기,제 20 기
00909835,차이커뮤니케이션,351870,2025,연결재무제표,66474697200.0,58777951391.0,4435474598.0,3547196022.0,영업수익,영업이익(손실),제 22 기,제 21 기
00153621,참엔지니어링,009310,2023,연결재무제표,76255465576.0,170586353989.0,-28089930204.0,1308108163.0,매출액,영업이익(손실),제 51 기,제 50 기
00153621,참엔지니어링,009310,2024,연결재무제표,64895892513.0,76255465576.0,-35837953403.0,-28089930204.0,매출액,영업이익(손실),제 52 기,제 51 기
00153621,참엔지니어링,009310,2025,연결재무제표,59844031140.0,64895892513.0,-7530528793.0,-35837953403.0,매출액,영업손실,제 53 기,제 52 기
00606770,참좋은여행,094850,2023,연결재무제표,68664951965.0,13636811565.0,6419133670.0,-15793523418.0,영업수익,영업이익(손실),제 17 기,제 16 기
00606770,참좋은여행,094850,2024,별도재무제표,80813361049.0,68664951965.0,1996021746.0,6419133670.0,영업수익,영업이익(손실),제 18 기,제 17 기
00606770,참좋은여행,094850,2025,별도재무제표,92124871305.0,80813361049.0,9782339403.0,1996021746.0,영업수익,영업이익(손실),제 19 기,제 18 기
00123523,창해에탄올,004650,2023,연결재무제표,116422748457.0,109429695748.0,14583452329.0,9769161677.0,매출액,영업이익,제 58 기,제 57 기
00123523,창해에탄올,004650,2024,연결재무제표,137452411912.0,116422748457.0,17381138261.0,14583452329.0,매출액,영업이익,제 59 기,제 58 기
00123523,창해에탄올,004650,2025,연결재무제표,122344462021.0,137452411912.0,15893046140.0,17381138261.0,매출액,영업이익,제 60 기,제 59 기
00897752,천보,278280,2023,연결재무제표,182697745919.0,328858944972.0,-8044807665.0,56473078225.0,매출액,영업이익(손실),제 17 기,제 16 기
00897752,천보,278280,2024,연결재무제표,144912632914.0,182697745919.0,-22751764756.0,-8044807665.0,수익(매출액),영업이익(손실),제 18 기,제 17 기
00897752,천보,278280,2025,연결재무제표,133849589627.0,144912632914.0,3710962944.0,-22751764756.0,수익(매출액),영업이익(손실),제 19 기,제 18 기
00151395,천일고속,000650,2023,별도재무제표,43998455771.0,37703179407.0,-5148165928.0,-7411183633.0,I. 매출액,V. 영업손실,제 76 기,제 75 기
00151395,천일고속,000650,2024,별도재무제표,44716883420.0,43998455771.0,-5269198646.0,-5148165928.0,I. 매출액,V. 영업손실,제 77 기,제 76 기
00151395,천일고속,000650,2025,별도재무제표,45550266479.0,44716883420.0,-5940519077.0,-5269198646.0,I. 매출액,V. 영업손실,제 78 기,제 77 기
01534577,청담글로벌,362320,2023,연결재무제표,237778587521.0,216298480050.0,5736203424.0,7698892910.0,매출액,영업이익,제 7 기,제 6 기
01534577,청담글로벌,362320,2024,연결재무제표,234266029253.0,237778587521.0,6868476257.0,5736203424.0,매출액,영업이익,제 8 기,제 7 기
01534577,청담글로벌,362320,2025,연결재무제표,217385486725.0,234266029253.0,5369440350.0,6868476257.0,매출액,영업이익,제 9 기,제 8 기
00151605,청보,013720,2023,연결재무제표,31359260218.0,36024332730.0,787375316.0,393425760.0,수익(매출액),영업이익(손실),제 45 기,제 44 기
00151605,청보,013720,2024,연결재무제표,24448731850.0,31359260218.0,1408110915.0,787375316.0,수익(매출액),영업이익(손실),제 46 기,제 45 기
00151605,청보,013720,2025,연결재무제표,24907855868.0,24448731850.0,762078994.0,1408110915.0,수익(매출액),영업이익(손실),제 47 기,제 46 기
00151863,청호ICT,012600,2023,연결재무제표,21395923901.0,21589027817.0,496241405.0,-4188956279.0,매출,영업이익(손실),제 47 기,제 46 기
00151863,청호ICT,012600,2024,연결재무제표,30563686737.0,21395923901.0,2489716096.0,496241405.0,매출,영업이익(손실),제 48 기,제 47 기
00151863,청호ICT,012600,2025,연결재무제표,35463311618.0,30563686737.0,-386079035.0,2489716096.0,매출,영업이익(손실),제 49 기,제 48 기
00216434,체리부로,066360,2023,연결재무제표,399000340104.0,402390021653.0,21020113354.0,16475578410.0,수익(매출액),영업이익(손실),제 33 기,제 32 기
00216434,체리부로,066360,2024,연결재무제표,382879314695.0,399000340104.0,2865451143.0,21020113354.0,수익(매출액),영업이익(손실),제 34 기,제 33 기
00216434,체리부로,066360,2025,연결재무제표,405435680279.0,382879314695.0,28482167050.0,2865451143.0,수익(매출액),영업이익(손실),제 35 기,제 34 기
00125576,체시스,033250,2023,연결재무제표,49004497323.0,60534305387.0,4565520723.0,2787313703.0,수익(매출액),영업이익(손실),제 35 기,제 34 기
00125576,체시스,033250,2024,연결재무제표,90263397163.0,49004497323.0,4676276342.0,4565520723.0,수익(매출액),영업이익(손실),제 36 기,제 35 기
00125576,체시스,033250,2025,연결재무제표,93839011849.0,90263397163.0,7528255143.0,4676276342.0,수익(매출액),영업이익(손실),제 37 기,제 36 기
00299464,초록뱀미디어,047820,2023,연결재무제표,241315820444.0,192542189138.0,-297207783.0,5588111600.0,매출,영업이익(손실),제 26 기,제 25 기
00299464,초록뱀미디어,047820,2024,연결재무제표,210272629603.0,241315820444.0,-15381767378.0,-297207783.0,매출,영업이익(손실),제 27 기,제 26 기
00299464,초록뱀미디어,047820,2025,연결재무제표,172196784377.0,210272629603.0,2832527153.0,-15381767378.0,수익(매출액),영업이익(손실),제 28 기,제 27 기
01265251,츌립앤사이언스,291650,2023,별도재무제표,243186322.0,358252888.0,-12206656526.0,-8319877014.0,I. 매출액,V. 영업손실,제 13 기,제 12 기
01265251,츌립앤사이언스,291650,2024,별도재무제표,1082811701.0,243186322.0,-7051549394.0,-12206656526.0,I. 매출액,V. 영업손실,제 14 기,제 13 기
01265251,츌립앤사이언스,291650,2025,별도재무제표,3504924224.0,1082811701.0,-7800955574.0,-7051549394.0,I. 매출액,V. 영업손실,제 15 기,제 14 기
00579971,칩스앤미디어,094360,2023,연결재무제표,27627400828.0,24092742406.0,7769441247.0,7303027730.0,매출액,영업이익(손실),제 21 기,제 20 기
00579971,칩스앤미디어,094360,2024,연결재무제표,27075424194.0,27569493903.0,5281327227.0,7773789592.0,매출액,영업이익(손실),제 22 기,제 21 기
00579971,칩스앤미디어,094360,2025,연결재무제표,28467135839.0,27075424194.0,6964476384.0,5281327227.0,영업수익,영업이익(손실),제 23 기,제 22 기
00152260,카스,016920,2023,연결재무제표,156031555991.0,168362798218.0,4957740460.0,4389154378.0,매출액,영업이익,제 41 기,제 40 기
00152260,카스,016920,2024,연결재무제표,156004130939.0,156031555991.0,3609514029.0,4957740460.0,매출액,영업이익,제 42 기,제 41 기
00152260,카스,016920,2025,연결재무제표,161073686528.0,156004130939.0,2014876260.0,3609514029.0,매출액,영업이익,제 43 기,제 42 기
01263527,카이노스메드,284620,2023,연결재무제표,267311985.0,130024441.0,-16811614766.0,-16155656398.0,수익(매출액),영업이익(손실),제 7 기,제 6 기
01263527,카이노스메드,284620,2024,연결재무제표,590366156.0,267311985.0,-12327872668.0,-16811614766.0,수익(매출액),영업이익(손실),제 8 기,제 7 기
01263527,카이노스메드,284620,2025,연결재무제표,1171631910.0,590366156.0,-6438933559.0,-12327872668.0,수익(매출액),영업이익(손실),제 9 기,제 8 기
00258801,카카오,035720,2023,연결재무제표,7557001757272.0,6798741511168.0,460857845673.0,569390445168.0,영업수익,영업이익(손실),제 29 기,제 28 기
00258801,카카오,035720,2024,연결재무제표,7871692199887.0,7557001757272.0,460212161525.0,460857845673.0,영업수익,영업이익(손실),제 30 기,제 29 기
00258801,카카오,035720,2025,연결재무제표,8099147815086.0,7864033326475.0,732036535379.0,495277757353.0,영업수익,영업이익,제 31 기,제 30 기
01137383,카카오게임즈,293490,2023,연결재무제표,1025085964285.0,1147692623364.0,74516883006.0,175817282307.0,영업수익,영업이익(손실),제 11 기,제 10 기
01137383,카카오게임즈,293490,2024,연결재무제표,627227484059.0,725820692646.0,19148863191.0,75389475013.0,영업수익,영업이익(손실),제 12 기,제 11 기
01137383,카카오게임즈,293490,2025,연결재무제표,465018566528.0,627227484059.0,-39590701112.0,19148863191.0,영업수익,영업이익(손실),제 13 기,제 12 기
01133217,카카오뱅크,323410,2023,별도재무제표,2494045000000.0,1605801000000.0,478485000000.0,353186000000.0,I. 영업수익,IV. 영업이익,제 8 기,제 7 기
01133217,카카오뱅크,323410,2024,별도재무제표,2945621000000.0,2494045000000.0,606880000000.0,478485000000.0,I. 영업수익,IV. 영업이익,제 9 기,제 8 기
01133217,카카오뱅크,323410,2025,별도재무제표,3086291000000.0,2945621000000.0,649371000000.0,606880000000.0,I. 영업수익,IV. 영업이익,제 10 기,제 9 기
01244601,카카오페이,377300,2023,연결재무제표,615362834408.0,521364289086.0,-56589696679.0,-45483825929.0,영업수익,영업이익(손실),제 7 기,제 6 기
01244601,카카오페이,377300,2024,연결재무제표,766235159395.0,615362834408.0,-57486477377.0,-56589696679.0,영업수익,영업손실,제 8 기,제 7 기
01244601,카카오페이,377300,2025,연결재무제표,958371073361.0,766235159395.0,50366676830.0,-57486477377.0,영업수익,영업이익(손실),제 9 기,제 8 기
01116265,카티스,140430,2024,별도재무제표,31672914120.0,30016297350.0,1594081524.0,1890297823.0,수익(매출액),영업이익(손실),제 19 기,제 18 기
01116265,카티스,140430,2025,별도재무제표,27901348150.0,31672914120.0,-536774819.0,1594081524.0,수익(매출액),영업이익(손실),제 20 기,제 19 기
00260879,카페24,042000,2023,연결재무제표,278111824577.0,266066215853.0,-3105122123.0,-21273269917.0,영업수익,영업이익(손실),제 25 기,제 24 기
00260879,카페24,042000,2024,연결재무제표,302477209591.0,271082606009.0,31943719953.0,1537131441.0,영업수익,영업이익(손실),제 26 기,제 25 기
00260879,카페24,042000,2025,연결재무제표,314764225560.0,302477209591.0,40226994367.0,31943719953.0,영업수익,영업이익,제 27 기,제 26 기
00159810,카프로,006380,2023,별도재무제표,75594416635.0,427187321496.0,-39471837760.0,-122282523566.0,매출,영업이익(손실),제 54 기,제 53 기
00159810,카프로,006380,2024,별도재무제표,7072572538.0,75594416635.0,-32385863735.0,-39471837760.0,매출,영업이익(손실),제 55 기,제 54 기
00159810,카프로,006380,2025,별도재무제표,24637580909.0,5149957128.0,-21120021206.0,-8414278988.0,수익(매출액),영업이익(손실),제 56 기,제 55 기
00863038,캐리,313760,2023,별도재무제표,16989304352.0,52319150713.0,-13572581167.0,-12704679615.0,매출액,영업이익(손실),제 21 기,제 20 기
00863038,캐리,313760,2024,연결재무제표,8174064954.0,8381123018.0,-4018128300.0,-4032872009.0,수익(매출액),영업이익(손실),제 22 기,제 21 기
00863038,캐리,313760,2025,연결재무제표,7481352962.0,8174064954.0,-4871999423.0,-4018128300.0,수익(매출액),영업이익(손실),제 23 기,제 22 기
00302582,캐스텍코리아,071850,2023,연결재무제표,172901541864.0,182019080085.0,-9205389585.0,-10763713221.0,수익(매출액),영업이익(손실),제 25 기,제 24 기
00302582,캐스텍코리아,071850,2024,연결재무제표,158512372176.0,172901541864.0,-10019542792.0,-9205389585.0,수익(매출액),영업이익(손실),제 26 기,제 25 기
00302582,캐스텍코리아,071850,2025,연결재무제표,155324721018.0,158512372176.0,-6273778201.0,-10019542792.0,수익(매출액),영업이익(손실),제 27 기,제 26 기
00876643,캐프,198080,2023,연결재무제표,235656834157.0,316140318689.0,5917198377.0,1553757527.0,수익(매출액),영업이익(손실),제 14 기,제 13 기
00876643,캐프,198080,2024,연결재무제표,314860003676.0,235656834157.0,19953699021.0,5917198377.0,수익(매출액),영업이익(손실),제 15 기,제 14 기
00876643,캐프,198080,2025,연결재무제표,295201227543.0,314860003676.0,24273352321.0,19953699021.0,수익(매출액),영업이익(손실),제 16 기,제 15 기
00550082,캔버스엔,210120,2023,별도재무제표,17543308552.0,32229780456.0,-545218192.0,1728667620.0,매출액,영업이익(손실),제 21 기,제 20 기
00550082,캔버스엔,210120,2024,별도재무제표,9623601724.0,17543308552.0,-5117290669.0,-545218192.0,매출액,영업이익(손실),제 22 기,제 21 기
00550082,캔버스엔,210120,2025,별도재무제표,3998663846.0,9623601724.0,-1476911151.0,-5117290669.0,매출액,영업이익(손실),제 23 기,제 22 기
00330044,캠시스,050110,2023,연결재무제표,500586465075.0,721676700314.0,6862406040.0,25805440157.0,매출액,영업이익,제 32 기,제 31 기
00330044,캠시스,050110,2024,연결재무제표,378186831557.0,500586465075.0,-11727524256.0,7175758433.0,매출액,영업이익,제 33 기,제 32 기
00330044,캠시스,050110,2025,연결재무제표,489937482073.0,378186831557.0,-11268654368.0,-11727524256.0,수익(매출액),영업이익,제 34 기,제 33 기
01497124,캡스톤파트너스,452300,2023,별도재무제표,9508927375.0,12216491432.0,-2432527988.0,7100921456.0,영업수익,영업이익(손실),제 16 기,제 15 기
01497124,캡스톤파트너스,452300,2024,별도재무제표,9692753598.0,9508927375.0,2195664243.0,-2432527988.0,영업수익,영업이익(손실),제 17 기,제 16 기
01497124,캡스톤파트너스,452300,2025,별도재무제표,7473416657.0,9692753598.0,2339031606.0,2195664243.0,영업수익,영업이익(손실),제 18 기,제 17 기
01685251,컨텍,451760,2023,연결재무제표,15813851205.0,12760351277.0,-9982807232.0,-1857593758.0,매출액,영업이익(손실),제 9 기,제 8 기
01685251,컨텍,451760,2024,연결재무제표,68983081678.0,15813851205.0,-12185920249.0,-9982807232.0,Ⅰ. 매출액,Ⅴ. 영업이익(손실),제 10 기,제 9 기
01685251,컨텍,451760,2025,연결재무제표,86898165034.0,68983081678.0,-16170062633.0,-12185920249.0,Ⅰ. 매출액,Ⅴ. 영업이익(손실),제 11 기,제 10 기
01236286,컬러레이,900310,2023,연결재무제표,252022195.0,202831683.0,30882220.0,57648894.0,매출액,영업이익,제 11 기,제 10 기
01236286,컬러레이,900310,2024,연결재무제표,241237069.0,252022195.0,987133.0,30882220.0,매출액,영업이익,제 12 기,제 11 기
01236286,컬러레이,900310,2025,연결재무제표,220614153.0,241237069.0,1172142.0,987133.0,매출액,영업이익,제 13 기,제 12 기
00476498,컴투스,078340,2023,연결재무제표,739638721494.0,677312281269.0,-33190425674.0,-15118046908.0,영업수익,영업이익(손실),제 26 기,제 25 기
00476498,컴투스,078340,2024,연결재무제표,693943029291.0,739638721494.0,6128463563.0,-33190425674.0,영업수익,영업이익(손실),제 27 기,제 26 기
00476498,컴투스,078340,2025,연결재무제표,696423825349.0,693943029291.0,2633918673.0,6128463563.0,영업수익,영업이익(손실),제 28 기,제 27 기
01276901,컴투스엔,291230,2023,연결재무제표,35334979955.0,39844510664.0,-3695829980.0,-959581925.0,영업수익,영업이익(손실),제 6 기,제 5 기
01276901,컴투스엔,291230,2024,연결재무제표,29559888710.0,35334979955.0,-4146171578.0,-3695829980.0,영업수익,영업이익(손실),제 7 기,제 6 기
01276901,컴투스엔,291230,2025,연결재무제표,27230566516.0,29559888710.0,-3047747525.0,-4146171578.0,영업수익,영업이익(손실),제 8 기,제 7 기
00535746,컴투스홀딩스,063080,2023,연결재무제표,153105317491.0,116230314389.0,-3351588285.0,-26428837731.0,영업수익,영업이익(손실),제 24 기,제 23 기
00535746,컴투스홀딩스,063080,2024,연결재무제표,149291711524.0,153105317491.0,-50553975824.0,-3351588285.0,영업수익,영업이익(손실),제 25 기,제 24 기
00535746,컴투스홀딩스,063080,2025,연결재무제표,99211679155.0,149291711524.0,-6823638022.0,-50553975824.0,영업수익,영업이익(손실),제 26 기,제 25 기
00598198,컴퍼니케이,307930,2023,별도재무제표,15858969653.0,15843840992.0,-4956484417.0,6287343781.0,I. 영업수익,III. 영업이익(손실),제 18 기,제 17 기
00598198,컴퍼니케이,307930,2024,별도재무제표,15072826895.0,15858969653.0,3261640352.0,-4956484417.0,I. 영업수익,III. 영업이익(손실),제 19 기,제 18 기
00598198,컴퍼니케이,307930,2025,별도재무제표,21602359333.0,15072826895.0,9770230504.0,3261640352.0,I. 영업수익,III. 영업이익(손실),제 20 기,제 19 기
00479705,케스피온,079190,2023,연결재무제표,63213111684.0,55573936751.0,1070684499.0,-3782785329.0,매출액,영업이익(손실),제 26 기,제 25 기
00479705,케스피온,079190,2024,연결재무제표,32599438408.0,62637869466.0,-5373025098.0,1314400230.0,매출액,영업이익(손실),제 27 기,제 26 기
00479705,케스피온,079190,2025,연결재무제표,44149955336.0,32599438408.0,-2737967852.0,-5373025098.0,매출액,영업이익(손실),제 28 기,제 27 기
01187148,케어랩스,263700,2023,연결재무제표,81827462250.0,87607189515.0,-11598829454.0,-6384531521.0,영업수익,영업이익(손실),제 12 기,제 11 기
01187148,케어랩스,263700,2024,연결재무제표,83187386696.0,81827462250.0,-4462290019.0,-11598829454.0,영업수익,영업이익(손실),제 13 기,제 12 기
01187148,케어랩스,263700,2025,연결재무제표,81694242669.0,83187386696.0,-2876942728.0,-4462290019.0,영업수익,영업이익(손실),제 14 기,제 13 기
00549891,케어젠,214370,2023,연결재무제표,79209511675.0,69097674884.0,40377972813.0,33625928175.0,매출액,영업이익(손실),제 23 기,제 22 기
00549891,케어젠,214370,2024,연결재무제표,82585947786.0,79209511675.0,34249787129.0,40377972813.0,매출액,영업이익(손실),제 24 기,제 23 기
00549891,케어젠,214370,2025,연결재무제표,72807992793.0,82585947786.0,20399783833.0,34249787129.0,영업수익,영업이익,제 25 기,제 24 기
00370918,케이디켐,221980,2023,연결재무제표,59145786358.0,62124551836.0,6252594408.0,5697277366.0,매출액,영업이익(손실),제 38 기,제 37 기
00370918,케이디켐,221980,2024,연결재무제표,62416153464.0,59145786358.0,7468869804.0,6252594408.0,매출액,영업이익,제 39 기,제 38 기
00370918,케이디켐,221980,2025,연결재무제표,62897420640.0,62416153464.0,6968496197.0,7468869804.0,Ⅰ.매출액,Ⅳ.영업이익,제 40 기,제 39 기
00255105,케이바이오랩스,038530,2023,연결재무제표,27324874182.0,31128632370.0,-561250505.0,453405116.0,수익(매출액),영업이익(손실),제 27 기,제 26 기
00255105,케이바이오랩스,038530,2024,연결재무제표,76514272757.0,27324874182.0,793171265.0,-561250505.0,수익(매출액),영업이익(손실),제 28 기,제 27 기
00255105,케이바이오랩스,038530,2025,연결재무제표,87311777137.0,76514272757.0,1522466847.0,793171265.0,수익(매출액),영업이익(손실),제 29 기,제 28 기
00114765,케이비아이동국실업,001620,2023,연결재무제표,649418493012.0,614172275827.0,4502795734.0,-965285127.0,매출액,영업이익(손실),제 69 기,제 68 기
00114765,케이비아이동국실업,001620,2024,연결재무제표,668399686056.0,649418493012.0,-6326628228.0,4502795734.0,매출액,영업이익(손실),제 70 기,제 69 기
00114765,케이비아이동국실업,001620,2025,연결재무제표,808008048191.0,668399686056.0,18558484099.0,-6326628228.0,수익(매출액),영업이익(손실),제 71 기,제 70 기
01724709,케이비제25호기업인수목적,455250,2024,별도재무제표,0.0,0.0,-86876700.0,-50473480.0,영업수익,영업이익(손실),제 2 기,제 1 기
01724709,케이비제25호기업인수목적,455250,2025,별도재무제표,0.0,0.0,-31655200.0,-86876700.0,영업수익,영업이익(손실),제 3 기,제 2 기
01785551,케이비제27호기업인수목적,464680,2024,별도재무제표,0.0,0.0,-32494700.0,-34334140.0,영업수익,영업이익(손실),제 2 기,제 1 기
01785551,케이비제27호기업인수목적,464680,2025,별도재무제표,0.0,0.0,-32387300.0,-32494700.0,영업수익,영업이익(손실),제 3 기,제 2 기
00164876,케이비증권,003450,2023,연결재무제표,11585140110750.0,14270022557214.0,680154124492.0,244995247868.0,영업수익,영업이익,제 63 기,제 62 기
00164876,케이비증권,003450,2024,연결재무제표,10832030725214.0,11585140110750.0,780786477208.0,680154124492.0,영업수익,영업이익,제 64 기,제 63 기
00164876,케이비증권,003450,2025,연결재무제표,14148225545746.0,10832030725214.0,911571002239.0,780786477208.0,영업수익,영업이익,제 65 기,제 64 기
01003040,케이사인,192250,2023,연결재무제표,47101229235.0,43187023944.0,4264060017.0,9164465999.0,영업수익,영업이익(손실),제 11 기,제 10 기
01003040,케이사인,192250,2024,연결재무제표,51866277274.0,47101229235.0,1305701592.0,4264060017.0,영업수익,영업이익(손실),제 12 기,제 11 기
01003040,케이사인,192250,2025,연결재무제표,48394106475.0,51866277274.0,2895367155.0,1305701592.0,영업수익,영업이익(손실),제 13 기,제 12 기
01689266,케이쓰리아이,431190,2024,연결재무제표,13901787278.0,13058877126.0,-3724291749.0,1115790858.0,수익(매출액),영업이익(손실),제 25 기,제 24 기
01689266,케이쓰리아이,431190,2025,연결재무제표,16639530720.0,13901787278.0,-3506478665.0,-3724291749.0,수익(매출액),영업이익(손실),제 26 기,제 25 기
00209780,케이씨,029460,2023,연결재무제표,727022218779.0,857973655257.0,66380698421.0,101194811532.0,매출,영업이익,제 34 기,제 33 기
00209780,케이씨,029460,2024,연결재무제표,738488124124.0,727022218779.0,27977590175.0,66380698421.0,매출,영업이익,제 35 기,제 34 기
00209780,케이씨,029460,2025,연결재무제표,797344487484.0,738488124124.0,46462702378.0,27977590175.0,매출,영업이익(손실),제 36 기,제 35 기
00175650,케이씨더블류,068060,2023,연결재무제표,5916124880.0,6829037165.0,-815232899.0,-2130043614.0,수익(매출액),영업이익(손실),제 36 기,제 35 기
00175650,케이씨더블류,068060,2024,연결재무제표,5228081902.0,5916124880.0,-587437587.0,-815232899.0,수익(매출액),영업이익(손실),제 37 기,제 36 기
00175650,케이씨더블류,068060,2025,연결재무제표,4876442110.0,5228081902.0,-1617531763.0,-587437587.0,수익(매출액),영업이익(손실),제 38 기,제 37 기
00105271,케이씨씨,002380,2023,연결재무제표,6288442613717.0,6774793651227.0,312530203929.0,467661528938.0,매출액,영업이익,제 66 기,제 65 기
00105271,케이씨씨,002380,2024,연결재무제표,6658762417820.0,6288442613717.0,471118235184.0,312530203929.0,매출액,영업이익,제 67 기,제 66 기
00105271,케이씨씨,002380,2025,연결재무제표,6483819486096.0,6658762417820.0,427615116299.0,471118235184.0,매출액,영업이익,제 68 기,제 67 기
01428203,케이씨씨글라스,344820,2023,연결재무제표,1680055646591.0,1443680691839.0,95020315030.0,119220614753.0,수익(매출액),영업이익(손실),제 4 기,제 3 기
01428203,케이씨씨글라스,344820,2024,연결재무제표,1903321455409.0,1680055646591.0,57180712038.0,95020315030.0,수익(매출액),영업이익(손실),제 5 기,제 4 기
01428203,케이씨씨글라스,344820,2025,연결재무제표,1900606191952.0,1903321455409.0,-75207086786.0,57180712038.0,수익(매출액),영업이익(손실),제 6 기,제 5 기
00441650,케이씨에스,115500,2023,별도재무제표,47725941122.0,41688296303.0,3154888846.0,544992865.0,매출액,영업이익,제 22 기,제 21 기
00441650,케이씨에스,115500,2024,별도재무제표,29539354935.0,47725941122.0,1983143623.0,3154888846.0,매출액,영업이익,제 23 기,제 22 기
00441650,케이씨에스,115500,2025,별도재무제표,24863482484.0,29539354935.0,2063210418.0,1983143623.0,매출액,영업이익,제 24 기,제 23 기
01261893,케이씨텍,281820,2023,별도재무제표,286909703428.0,378192950172.0,32703769328.0,60336560528.0,매출,영업이익,제 7 기,제 6 기
01261893,케이씨텍,281820,2024,별도재무제표,385433971366.0,286909703428.0,49783492468.0,32703769328.0,매출,영업이익,제 8 기,제 7 기
01261893,케이씨텍,281820,2025,연결재무제표,382856574357.0,385433971366.0,59965538593.0,49783492468.0,수익(매출액),영업이익(손실),제 9 기,제 8 기
00441447,케이씨티,089150,2023,별도재무제표,16147530629.0,14566711259.0,2169315930.0,1096384265.0,매출액,영업이익(손실),제 22 기,제 21 기
00441447,케이씨티,089150,2024,별도재무제표,11668311681.0,16147530629.0,1607430147.0,2169315930.0,매출액,영업이익(손실),제 23 기,제 22 기
00441447,케이씨티,089150,2025,별도재무제표,23089563975.0,11668311681.0,4034569150.0,1607430147.0,매출액,영업이익(손실),제 24 기,제 23 기
00103042,케이씨티시,009070,2023,연결재무제표,823125429680.0,920408668737.0,36821207555.0,37534026539.0,매출액,영업이익,제 51 기,제 50 기
00103042,케이씨티시,009070,2024,연결재무제표,882147692479.0,823125429680.0,38991030847.0,36821207555.0,매출액,영업이익,제 52 기,제 51 기
00103042,케이씨티시,009070,2025,연결재무제표,986704713638.0,882147692479.0,38817769669.0,38991030847.0,매출액,영업이익,제 53 기,제 52 기
00101752,케이씨피드,025880,2023,연결재무제표,92576838916.0,88477418720.0,6049004344.0,4867543602.0,수익(매출액),영업이익(손실),제 55 기,제 54 기
00101752,케이씨피드,025880,2024,연결재무제표,102958912967.0,92576838916.0,8096615873.0,6049004344.0,수익(매출액),영업이익(손실),제 56 기,제 55 기
00101752,케이씨피드,025880,2025,연결재무제표,121771141803.0,102958912967.0,12181785331.0,8096615873.0,수익(매출액),영업이익(손실),제 57 기,제 56 기
00603348,케이아이엔엑스,093320,2023,연결재무제표,122686237442.0,110928475556.0,26565751313.0,25865716233.0,수익(매출액),영업이익(손실),제 24 기,제 23 기
00603348,케이아이엔엑스,093320,2024,연결재무제표,138902594495.0,122686237442.0,23732260884.0,26565751313.0,수익(매출액),영업이익(손실),제 25 기,제 24 기
00603348,케이아이엔엑스,093320,2025,연결재무제표,159244052752.0,138902594495.0,23883189589.0,23732260884.0,수익(매출액),영업이익(손실),제 26 기,제 25 기
00536888,케이알엠,093640,2023,연결재무제표,12411674184.0,12880116767.0,-5866353133.0,184493310.0,수익(매출액),영업이익(손실),제 25 기,제 24 기
00536888,케이알엠,093640,2024,연결재무제표,11197297460.0,12411674184.0,-9877307500.0,-22034798624.0,수익(매출액),영업이익(손실),제 26 기,제 25 기
00536888,케이알엠,093640,2025,연결재무제표,9034332926.0,11197297460.0,-10212826720.0,-9877307500.0,수익(매출액),영업이익(손실),제 27 기,제 26 기
00328191,케이에스피,073010,2023,별도재무제표,81626661943.0,63668531914.0,11838275252.0,3481311711.0,영업수익,영업이익(손실),제 24 기,제 23 기
00328191,케이에스피,073010,2024,별도재무제표,85265079671.0,81626661943.0,13810410136.0,11838275252.0,매출액,영업이익(손실),제 25 기,제 24 기
00328191,케이에스피,073010,2025,연결재무제표,95532762605.0,85265079671.0,11539806552.0,13810410136.0,매출액,영업이익(손실),제 26 기,제 25 기
01097906,케이에이치건설,226360,2023,연결재무제표,37388366846.0,56082241851.0,-7170501111.0,2009204896.0,매출,영업이익,제 9 기,제 8 기
01097906,케이에이치건설,226360,2024,연결재무제표,32876571007.0,37388366846.0,-1056382303.0,-7170501111.0,수익(매출액),영업이익(손실),제 10 기,제 9 기
01097906,케이에이치건설,226360,2025,연결재무제표,17154989856.0,32876571007.0,-8603088638.0,-1056382303.0,수익(매출액),영업이익(손실),제 11 기,제 10 기
00125965,케이에이치미래물산,111870,2023,연결재무제표,7890893160.0,12515813972.0,-8858672881.0,-4368511237.0,수익(매출액),영업이익(손실),제 36 기,제 35 기
00125965,케이에이치미래물산,111870,2024,연결재무제표,10196219563.0,7890893160.0,-4177362958.0,-8858672881.0,매출액,영업이익(손실),제 37 기,제 36 기
00125965,케이에이치미래물산,111870,2025,연결재무제표,5031431779.0,10196219563.0,-2596397830.0,-4177362958.0,매출액,영업이익(손실),제 38 기,제 37 기
00193009,케이에이치필룩스,033180,2023,연결재무제표,140239664550.0,163830973137.0,-11144257275.0,-21070973583.0,매출,영업이익(손실),제 41 기,제 40 기
00193009,케이에이치필룩스,033180,2024,연결재무제표,166099592797.0,140239664550.0,-8512230963.0,-11144257275.0,매출,영업이익(손실),제 42 기,제 41 기
00193009,케이에이치필룩스,033180,2025,연결재무제표,173462512262.0,166099592797.0,-1441836444.0,-8512230963.0,매출,영업이익(손실),제 43 기,제 42 기
00584362,케이엑스넥스지,081970,2023,별도재무제표,20299291516.0,21805816594.0,1853594949.0,4221992582.0,수익(매출액),영업이익(손실),제 23 기,제 22 기
00584362,케이엑스넥스지,081970,2024,별도재무제표,22184569553.0,20299291516.0,2106589674.0,1853594949.0,수익(매출액),영업이익(손실),제 24 기,제 23 기
00584362,케이엑스넥스지,081970,2025,별도재무제표,24005508291.0,22184569553.0,2598235261.0,2106589674.0,수익(매출액),영업이익(손실),제 25 기,제 24 기
00606664,케이엔더블유,105330,2023,연결재무제표,95369711653.0,99581713544.0,5220758004.0,15288528632.0,수익(매출액),영업이익(손실),제 23 기,제 22 기
00606664,케이엔더블유,105330,2024,연결재무제표,78463634109.0,95369711653.0,-2285023523.0,5220758004.0,매출액,영업손익,제 24 기,제 23 기
00606664,케이엔더블유,105330,2025,연결재무제표,81058653134.0,78463634109.0,-2956124553.0,-2285023523.0,매출액,영업손익,제 25 기,제 24 기
00304076,케이엔솔,053080,2023,연결재무제표,417441558585.0,388809234312.0,18467923097.0,21958984857.0,매출액,영업이익,제 35 기,제 34 기
00304076,케이엔솔,053080,2024,연결재무제표,579197289294.0,417441558585.0,26427101635.0,18467923097.0,매출액,영업이익,제 36 기,제 35 기
00304076,케이엔솔,053080,2025,연결재무제표,463537032859.0,579197289294.0,-62011659027.0,26427101635.0,매출액,영업이익(손실),제 37 기,제 36 기
00672603,케이엔알시스템,199430,2023,연결재무제표,21399034152.0,51182177917.0,-4340926917.0,2983031122.0,수익(매출액),영업이익(손실),제 24 기,제 23 기
00672603,케이엔알시스템,199430,2024,연결재무제표,18532994075.0,21399034152.0,-7721588338.0,-4340926917.0,수익(매출액),영업이익(손실),제 25 기,제 24 기
00672603,케이엔알시스템,199430,2025,연결재무제표,15913249035.0,18532994075.0,-7538380433.0,-7721588338.0,수익(매출액),영업이익(손실),제 26 기,제 25 기
01402995,케이엔에스,432470,2023,연결재무제표,30041057028.0,34734789512.0,3963507564.0,6075260613.0,수익(매출액),영업이익(손실),제 18 기,제 17 기
01402995,케이엔에스,432470,2024,연결재무제표,26955762199.0,30041057028.0,807640617.0,3963507564.0,수익(매출액),영업이익(손실),제 19 기,제 18 기
01402995,케이엔에스,432470,2025,연결재무제표,41230345116.0,26955762199.0,-1564000608.0,807640617.0,수익(매출액),영업이익(손실),제 20 기,제 19 기
00769158,케이엔제이,272110,2023,연결재무제표,61919993102.0,62314404181.0,12021728068.0,13286629491.0,매출,영업이익,제 19 기,제 18 기
00769158,케이엔제이,272110,2024,연결재무제표,62216559100.0,47360913081.0,14148842880.0,10475945639.0,매출,영업이익,제 20 기,제 19 기
00769158,케이엔제이,272110,2025,연결재무제표,84444745007.0,62216559100.0,22242526961.0,14148842880.0,매출,영업이익,제 21 기,제 20 기
00246620,케이엘넷,039420,2023,연결재무제표,50929305246.0,50302532476.0,8308199713.0,7929309727.0,수익(매출액),영업이익(손실),제 30 기,제 29 기
00246620,케이엘넷,039420,2024,연결재무제표,50168319447.0,50929305246.0,9970528422.0,8308199713.0,수익(매출액),영업이익(손실),제 31 기,제 30 기
00246620,케이엘넷,039420,2025,연결재무제표,47574645489.0,50168319447.0,10482717697.0,9970528422.0,수익(매출액),영업이익(손실),제 32 기,제 31 기
00242934,케이엠,083550,2023,연결재무제표,127779372841.0,151648508473.0,-7742068380.0,6915810542.0,수익(매출액),영업이익(손실),제 35 기,제 34 기
00242934,케이엠,083550,2024,연결재무제표,131141520286.0,127779372841.0,-3432179664.0,-7742068380.0,수익(매출액),영업이익(손실),제 36 기,제 35 기
00242934,케이엠,083550,2025,연결재무제표,135414355363.0,131141520286.0,-392654872.0,-3432179664.0,수익(매출액),영업이익(손실),제 37 기,제 36 기
00226352,케이엠더블유,032500,2023,연결재무제표,100068287667.0,179462379726.0,-62858228046.0,-44987885991.0,Ⅰ.매출액,Ⅳ.영업이익,제 30 기,제 29 기
00226352,케이엠더블유,032500,2024,연결재무제표,87357147199.0,100068287667.0,-45481033116.0,-62858228046.0,Ⅰ.매출액,Ⅳ.영업이익,제 31 기,제 30 기
00226352,케이엠더블유,032500,2025,연결재무제표,97518624961.0,87357147199.0,-23765618321.0,-45481033116.0,매출액,영업이익(손실),제 32 기,제 31 기
01095704,케이엠제약,225430,2023,별도재무제표,17769628477.0,15631451503.0,-1090420388.0,-1246537676.0,수익(매출액),영업이익(손실),제 9 기,제 8 기
01095704,케이엠제약,225430,2024,별도재무제표,14474795637.0,17769628477.0,-2569066609.0,-1090420388.0,수익(매출액),영업이익(손실),제 10 기,제 9 기
01095704,케이엠제약,225430,2025,별도재무제표,15989987109.0,14474795637.0,-2922979774.0,-2569066609.0,수익(매출액),영업이익(손실),제 11 기,제 10 기
00668600,케이옥션,102370,2023,연결재무제표,12154926530.0,27716194318.0,-4203376952.0,5819678380.0,수익(매출액),영업이익(손실),제 19 기,제 18 기
00668600,케이옥션,102370,2024,연결재무제표,19457159438.0,12154926530.0,-4755565170.0,-4203376952.0,수익(매출액),영업이익(손실),제 20 기,제 19 기
00668600,케이옥션,102370,2025,연결재무제표,12286945631.0,19457159438.0,-4065280171.0,-4755565170.0,수익(매출액),영업이익(손실),제 21 기,제 20 기
00426828,케이웨더,068100,2023,연결재무제표,14688005816.0,17398754684.0,-2468833010.0,768643625.0,수익(매출액),영업이익(손실),제 27 기,제 26 기
00426828,케이웨더,068100,2024,연결재무제표,15586967912.0,16384768271.0,-2062350246.0,-2468833010.0,매출,영업이익(손실),제 28 기,제 27 기
00426828,케이웨더,068100,2025,연결재무제표,17691551363.0,15586967912.0,-1732031425.0,-2062350246.0,매출,영업이익(손실),제 29 기,제 28 기
00542898,케이이엠텍,106080,2023,연결재무제표,4994194351.0,16828216399.0,-3681648939.0,681911680.0,수익(매출액),영업이익(손실),제 23 기,제 22 기
00542898,케이이엠텍,106080,2024,연결재무제표,17616731996.0,4994194351.0,-4347940682.0,-3681648939.0,수익(매출액),영업이익(손실),제 24 기,제 23 기
00542898,케이이엠텍,106080,2025,연결재무제표,7573737130.0,17616731996.0,-9225363953.0,-4347940682.0,수익(매출액),영업이익(손실),제 25 기,제 24 기
00109453,케이조선,067250,2023,별도재무제표,708108000000.0,605448000000.0,-59566000000.0,23246000000.0,수익(매출액),영업이익(손실),제 57 기,제 56 기
00109453,케이조선,067250,2024,별도재무제표,934746000000.0,708108000000.0,11193000000.0,-59566000000.0,수익(매출액),영업이익(손실),제 58 기,제 57 기
00109453,케이조선,067250,2025,별도재무제표,1256302000000.0,934746000000.0,145427000000.0,11193000000.0,수익(매출액),영업이익(손실),제 59 기,제 58 기
01638387,케이지에이,455180,2025,연결재무제표,18123087764.0,51431679187.0,-3688242971.0,3407710999.0,수익(매출액),영업이익(손실),제 9 기,제 8 기
01323032,케이카,381970,2023,별도재무제표,2047566232203.0,2177261973592.0,59013290449.0,50047663225.0,매출액,영업이익,제 7 기,제 6 기
01323032,케이카,381970,2024,별도재무제표,2301530094719.0,2047566232203.0,68109299938.0,59013290449.0,매출액,영업이익(손실),제 8 기,제 7 기
01323032,케이카,381970,2025,별도재무제표,2438838573193.0,2301530094719.0,75973592094.0,68109299938.0,매출액,영업이익(손실),제 9 기,제 8 기
00861076,케이탑리츠,145270,2023,연결재무제표,26893075403.0,21632033146.0,20523790393.0,17537436948.0,영업수익,영업이익(손실),제 14 기,제 13 기
00861076,케이탑리츠,145270,2024,연결재무제표,12087791146.0,26893075403.0,7917272243.0,20523790393.0,영업수익,영업이익(손실),제 15 기,제 14 기
00861076,케이탑리츠,145270,2025,연결재무제표,15083145031.0,12087791146.0,10622570321.0,7917272243.0,수익(매출액),영업이익(손실),제 16 기,제 15 기
00190321,케이티,030200,2023,연결재무제표,26376273000000.0,25650011000000.0,1649774000000.0,1690088000000.0,영업수익,영업이익,제 42 기,제 41 기
00190321,케이티,030200,2024,연결재무제표,26431204000000.0,26376273000000.0,809471000000.0,1649774000000.0,영업수익,영업이익,제 43 기,제 42 기
00190321,케이티,030200,2025,연결재무제표,28244161000000.0,26431204000000.0,2469133000000.0,809471000000.0,영업수익,영업이익,제 44 기,제 43 기
00349097,케이티스카이라이프,053210,2023,연결재무제표,1025595274656.0,1013677252379.0,14067496354.0,63195741120.0,영업수익,영업이익(손실),제 23 기,제 22 기
00349097,케이티스카이라이프,053210,2024,연결재무제표,1022927312705.0,1025595274656.0,-1075800064.0,14067496354.0,영업수익,영업이익(손실),제 24 기,제 23 기
00349097,케이티스카이라이프,053210,2025,연결재무제표,984216356687.0,1022927312705.0,22980467279.0,-1075800064.0,영업수익,영업이익(손실),제 25 기,제 24 기
00260958,케이티알파,036030,2023,별도재무제표,430447191438.0,464167290246.0,12297116726.0,9817493917.0,수익(매출액),영업이익(손실),제 33 기,제 32 기
00260958,케이티알파,036030,2024,별도재무제표,388170405304.0,392782304602.0,24595319091.0,9605044398.0,수익(매출액),영업이익(손실),제 34 기,제 33 기
00260958,케이티알파,036030,2025,별도재무제표,395886247409.0,388170405304.0,44161873807.0,24595319091.0,영업수익,영업이익(손실),제 35 기,제 34 기
00244455,케이티앤지,033780,2023,연결재무제표,5862608000000.0,5851406000000.0,1167336000000.0,1267650000000.0,매출,영업이익,제 37 기,제 36 기
00244455,케이티앤지,033780,2024,연결재무제표,5908792000000.0,5862608000000.0,1188814000000.0,1167336000000.0,매출,영업이익,제 38 기,제 37 기
00244455,케이티앤지,033780,2025,연결재무제표,6579707000000.0,5908792000000.0,1343666000000.0,1188814000000.0,매출,영업이익,제 39 기,제 38 기
00152437,케이프,064820,2023,연결재무제표,590659693241.0,609700362459.0,40953906753.0,2358280958.0,매출액,영업이익(손실),제 40 기,제 39 기
00152437,케이프,064820,2024,연결재무제표,516502499171.0,590659693241.0,38992422321.0,40953906753.0,매출액,영업이익(손실),제 41 기,제 40 기
00152437,케이프,064820,2025,연결재무제표,579773872948.0,516502499171.0,49963648641.0,38992422321.0,수익(매출액),영업이익(손실),제 42 기,제 41 기
00157636,케이피에프,024880,2023,연결재무제표,809653196526.0,819025640763.0,47252640807.0,39593823755.0,매출액,영업이익(손실),제 60 기,제 59 기
00157636,케이피에프,024880,2024,연결재무제표,782013626762.0,809653196526.0,39446972915.0,47252640807.0,매출액,영업이익(손실),제 61 기,제 60 기
00157636,케이피에프,024880,2025,연결재무제표,743913803698.0,768851420182.0,35395892551.0,42854145455.0,수익(매출액),영업이익(손실),제 62 기,제 61 기
00206686,케이피엠테크,042040,2023,연결재무제표,45501203395.0,41285686236.0,-14460083741.0,-448350232.0,매출액,영업이익(손실),제 46 기,제 45 기
00206686,케이피엠테크,042040,2024,연결재무제표,28643942128.0,45501203395.0,-4562035338.0,-14460083741.0,매출액,영업이익(손실),제 47 기,제 46 기
00206686,케이피엠테크,042040,2025,연결재무제표,76924052907.0,28643942128.0,-17154337059.0,-4562035338.0,매출액,영업이익(손실),제 48 기,제 47 기
00357607,케이피티유,054410,2023,별도재무제표,34871199766.0,36870058888.0,846737754.0,1387679090.0,수익(매출액),영업이익(손실),제 29 기,제 28 기
00357607,케이피티유,054410,2024,별도재무제표,33301535591.0,34871199766.0,757222993.0,846737754.0,수익(매출액),영업이익(손실),제 30 기,제 29 기
00357607,케이피티유,054410,2025,별도재무제표,39929099198.0,33301535591.0,1388163794.0,757222993.0,수익(매출액),영업이익(손실),제 31 기,제 30 기
01101254,케이피항공산업,288180,2023,별도재무제표,34568675428.0,26833818273.0,861199663.0,499254479.0,수익(매출액),영업이익(손실),제 34 기,제 33 기
01101254,케이피항공산업,288180,2024,연결재무제표,49650973727.0,34568675428.0,3489018770.0,861199663.0,수익(매출액),영업이익(손실),제 35 기,제 34 기
01101254,케이피항공산업,288180,2025,연결재무제표,53907682893.0,49650973727.0,2639165522.0,3489018770.0,수익(매출액),영업이익(손실),제 36 기,제 35 기
00961507,케일럼,258610,2023,연결재무제표,84547280407.0,77842947816.0,-4408723587.0,-3292083621.0,매출액,영업이익(손실),제 15 기,제 14 기
00961507,케일럼,258610,2024,연결재무제표,97331264354.0,84547280407.0,2774801050.0,-4408723587.0,매출액,영업이익(손실),제 16 기,제 15 기
00961507,케일럼,258610,2025,연결재무제표,81698394490.0,97331264354.0,-813473054.0,2774801050.0,매출액,영업이익(손실),제 17 기,제 16 기
01158553,켄코아에어로스페이스,274090,2023,연결재무제표,91142703333.0,75855078822.0,877125128.0,7986393339.0,매출액,영업손익,제 11 기,제 10 기
01158553,켄코아에어로스페이스,274090,2024,연결재무제표,86153888057.0,91142703333.0,-5352275654.0,877125128.0,매출액,영업손익,제 12 기,제 11 기
01158553,켄코아에어로스페이스,274090,2025,연결재무제표,76394211868.0,86153888057.0,-9230768983.0,-5352275654.0,수익(매출액),영업손익,제 13 기,제 12 기
00371485,켐트로닉스,089010,2023,연결재무제표,542256796298.0,620963393855.0,19115114801.0,22460647821.0,수익(매출액),영업이익(손실),제 27 기,제 26 기
00371485,켐트로닉스,089010,2024,연결재무제표,575221850583.0,542256796298.0,37319592034.0,19115114801.0,수익(매출액),영업이익(손실),제 28 기,제 27 기
00371485,켐트로닉스,089010,2025,연결재무제표,637485933185.0,575221850583.0,23201053154.0,37319592034.0,수익(매출액),영업이익(손실),제 29 기,제 28 기
01089350,켐트로스,220260,2023,별도재무제표,47464098463.0,57025284590.0,3433724667.0,4442342875.0,매출액,영업이익(손실),제 9 기,제 8 기
01089350,켐트로스,220260,2024,별도재무제표,50308795651.0,47464098463.0,3787073763.0,3433724667.0,매출액,영업이익(손실),제 10 기,제 9 기
01089350,켐트로스,220260,2025,별도재무제표,56809696904.0,50308795651.0,1048331370.0,3787073763.0,매출액,영업이익(손실),제 11 기,제 10 기
00349732,코나아이,052400,2023,연결재무제표,280222091498.0,242182949921.0,33683780235.0,48834313273.0,매출액,영업이익,제 26 기,제 25 기
00349732,코나아이,052400,2024,연결재무제표,236308177383.0,280222091498.0,33414413652.0,33683780235.0,매출액,영업이익,제 27 기,제 26 기
00349732,코나아이,052400,2025,연결재무제표,309163673263.0,236308177383.0,88899374736.0,33414413652.0,매출액,영업이익(손실),제 28 기,제 27 기
00601988,코난테크놀로지,402030,2023,별도재무제표,24428255327.0,15388168002.0,-10994514501.0,-4040889577.0,매출액,영업이익(손실),제 25 기,제 24 기
00601988,코난테크놀로지,402030,2024,별도재무제표,26318506558.0,24428255327.0,-14106433041.0,-10994514501.0,매출액,영업이익(손실),제 26 기,제 25 기
00601988,코난테크놀로지,402030,2025,별도재무제표,33979970427.0,26318506558.0,-9865474602.0,-14106433041.0,매출액,영업이익(손실),제 27 기,제 26 기
01573284,코닉오토메이션,391710,2023,별도재무제표,27347504225.0,30092723073.0,1842558733.0,3354830122.0,매출액,영업이익(손실),제 3 기,제 2 기
01573284,코닉오토메이션,391710,2024,별도재무제표,55510910029.0,27347504225.0,45433465.0,1842558733.0,매출액,영업이익(손실),제 4 기,제 3 기
01573284,코닉오토메이션,391710,2025,별도재무제표,30100048633.0,55510910029.0,-2741701591.0,45433465.0,매출액,영업이익(손실),제 5 기,제 4 기
00295857,코다코,046070,2023,연결재무제표,296109530148.0,309738210323.0,-28157263341.0,9415134942.0,수익(매출액),영업이익(손실),제 27 기,제 26 기
00295857,코다코,046070,2024,연결재무제표,251427529030.0,293285556473.0,-37117167570.0,-67389105011.0,수익(매출액),영업이익(손실),제 28 기,제 27 기
00295857,코다코,046070,2025,연결재무제표,271044291023.0,251427529030.0,401652619.0,-37117167570.0,매출액,영업이익(손실),제 29 기,제 28 기
00329093,코데즈컴바인,047770,2023,연결재무제표,41956462583.0,39052752807.0,2930364339.0,3858954591.0,매출액,영업이익,제 29 기,제 28 기
00329093,코데즈컴바인,047770,2024,연결재무제표,39601345466.0,41956462583.0,1059207942.0,2930364339.0,매출액,영업이익,제 30 기,제 29 기
00329093,코데즈컴바인,047770,2025,연결재무제표,39722870931.0,39601345466.0,2416629397.0,1059207942.0,매출액,영업이익,제 31 기,제 30 기
00308559,코디,080530,2023,연결재무제표,79243448771.0,55200192117.0,-772367784.0,-5199913119.0,매출액,영업이익(손실),제 25 기,제 24 기
00308559,코디,080530,2024,연결재무제표,78414009551.0,79243448771.0,1543490151.0,-772367784.0,매출액,영업이익(손실),제 26 기,제 25 기
00308559,코디,080530,2025,연결재무제표,76531199312.0,78414009551.0,3754127914.0,1543490151.0,매출액,영업이익(손실),제 27 기,제 26 기
01180118,코람코더원리츠,417310,2023,별도재무제표,7139114940.0,7235785205.0,4776480578.0,3749966114.0,영업수익,영업이익(손실),제 20 기,제 19 기
01180118,코람코더원리츠,417310,2024,별도재무제표,7416432648.0,7380537235.0,5139930346.0,3915946581.0,영업수익,영업이익(손실),제 24 기,제 23 기
01180118,코람코더원리츠,417310,2025,별도재무제표,7567308893.0,7558734505.0,5096710047.0,4240239102.0,영업수익,영업이익,제 28 기,제 27 기
01430475,코람코라이프인프라리츠,357120,2023,별도재무제표,31480225980.0,35667675944.0,18120543978.0,25411172407.0,영업수익,영업이익(손실),제 7 기,제 6 기
01430475,코람코라이프인프라리츠,357120,2024,별도재무제표,48494556591.0,34068560176.0,35648009165.0,23416935439.0,영업수익,영업이익(손실),제 9 기,제 8 기
01430475,코람코라이프인프라리츠,357120,2025,별도재무제표,38554129732.0,34858080435.0,24157963679.0,25505174795.0,영업수익,영업이익,제 11 기,제 10 기
00541437,코렌텍,104540,2023,연결재무제표,92046040615.0,63908978499.0,7052267458.0,5845001049.0,매출액,영업이익,제 24 기,제 23 기
00541437,코렌텍,104540,2024,연결재무제표,93667301171.0,92046040615.0,3890853051.0,7052267458.0,매출액,영업이익,제 25 기,제 24 기
00541437,코렌텍,104540,2025,연결재무제표,100428537181.0,85594233813.0,9116352215.0,3374728854.0,매출액,영업이익,제 26 기,제 25 기
00152589,코리아나,027050,2023,연결재무제표,86049461423.0,80393939400.0,935688865.0,876082758.0,수익(매출액),영업이익(손실),제 36 기,제 35 기
00152589,코리아나,027050,2024,연결재무제표,82451674673.0,86049461423.0,440823327.0,935688865.0,수익(매출액),영업이익(손실),제 37 기,제 36 기
00152589,코리아나,027050,2025,연결재무제표,73677182497.0,82451674673.0,-4394234092.0,440823327.0,수익(매출액),영업이익(손실),제 38 기,제 37 기
00152686,코리아써키트,007810,2023,연결재무제표,1332234444242.0,1596875152129.0,-32101224771.0,99194841606.0,매출액,영업이익(손실),제 52 기,제 51 기
00152686,코리아써키트,007810,2024,연결재무제표,1406956573662.0,1332234444242.0,-33153617896.0,-32101224771.0,매출액,영업이익(손실),제 53 기,제 52 기
00152686,코리아써키트,007810,2025,연결재무제표,1509725133078.0,1406956573662.0,53816253084.0,-33153617896.0,매출액,영업이익(손실),제 54 기,제 53 기
00304915,코리아에셋투자증권,190650,2024,별도재무제표,217257677789.0,223010003597.0,7874736407.0,-2084466717.0,Ⅰ.영업수익,Ⅲ.영업이익(손실),제 25 기,제 24 기
00304915,코리아에셋투자증권,190650,2025,별도재무제표,268468292390.0,217257677789.0,10250470717.0,7874736407.0,Ⅰ.영업수익,Ⅲ.영업이익,제 26 기,제 25 기
00803425,코리아에프티,123410,2023,연결재무제표,679542505142.0,561043636760.0,33927539705.0,19446713015.0,수익(매출액),영업이익(손실),제 14 기,제 13 기
00803425,코리아에프티,123410,2024,연결재무제표,735908384932.0,679542505142.0,37536275662.0,33927539705.0,수익(매출액),영업이익(손실),제 15 기,제 14 기
00803425,코리아에프티,123410,2025,연결재무제표,785869151550.0,735908384932.0,45413955880.0,37536275662.0,매출액,영업이익,제 16 기,제 15 기
00113191,코리안리,003690,2023,연결재무제표,694071531153.0,695106368682.0,363673397057.0,352407503240.0,투자영업수익,영업이익(손실),제 62 기,제 61 기
00113191,코리안리,003690,2024,연결재무제표,1091879953121.0,694139864612.0,405432507241.0,363673397057.0,투자영업수익,영업이익(손실),제 63 기,제 62 기
00113191,코리안리,003690,2025,연결재무제표,901084529545.0,1091879953121.0,470938604768.0,405432507241.0,투자영업수익,영업이익,제 64 기,제 63 기
00268118,코맥스,036690,2023,연결재무제표,137009128290.0,155998634081.0,-6446909139.0,-5079546128.0,매출액,영업이익,제 48 기,제 47 기
00268118,코맥스,036690,2024,연결재무제표,117161884091.0,118031715677.0,-12335797653.0,-28350736645.0,매출액,영업이익,제 49 기,제 48 기
00268118,코맥스,036690,2025,연결재무제표,85126354242.0,117161884091.0,-14175346003.0,-12335797653.0,수익(매출액),영업이익(손실),제 50 기,제 49 기
00152783,코메론,049430,2023,연결재무제표,70580550198.0,82710338752.0,8974525316.0,15337972136.0,수익(매출액),영업이익(손실),제 41 기,제 40 기
00152783,코메론,049430,2024,연결재무제표,73949173060.0,70580550198.0,19932389780.0,8974525316.0,수익(매출액),영업이익(손실),제 42 기,제 41 기
00152783,코메론,049430,2025,연결재무제표,72274341672.0,73949173060.0,17987264966.0,19932389780.0,수익(매출액),영업이익(손실),제 43 기,제 42 기
00997812,코미코,183300,2023,연결재무제표,307266896921.0,288376003971.0,33028446745.0,55397524906.0,수익(매출액),영업이익(손실),제 11 기,제 10 기
00997812,코미코,183300,2024,연결재무제표,507138644286.0,307266896921.0,112461653836.0,33028446745.0,영업수익,영업이익,제 12 기,제 11 기
00997812,코미코,183300,2025,연결재무제표,604110117086.0,507138644286.0,110992280574.0,112461653836.0,매출액,영업이익,제 13 기,제 12 기
00187415,코미팜,041960,2023,연결재무제표,42647034864.0,39800517852.0,-6273087670.0,-3803782875.0,수익(매출액),영업이익(손실),제 52 기,제 51 기
00187415,코미팜,041960,2024,연결재무제표,58778549707.0,42647034864.0,6192933611.0,-6273087670.0,수익(매출액),영업이익(손실),제 53 기,제 52 기
00187415,코미팜,041960,2025,연결재무제표,52465294279.0,58778549707.0,1960455812.0,6192933611.0,수익(매출액),영업이익(손실),제 54 기,제 53 기
00365934,코세스,089890,2023,별도재무제표,95650538591.0,72931360641.0,8017318466.0,8546470484.0,수익(매출액),영업이익(손실),제 30 기,제 29 기
00365934,코세스,089890,2024,연결재무제표,69184238320.0,95650538591.0,-5608802365.0,8017318466.0,수익(매출액),영업이익(손실),제 31 기,제 30 기
00365934,코세스,089890,2025,연결재무제표,82379163292.0,69184238320.0,17391515095.0,-5608802365.0,수익(매출액),영업이익(손실),제 32 기,제 31 기
01493793,코셈,360350,2023,별도재무제표,13729282775.0,12525421460.0,1501966865.0,1780218249.0,수익(매출액),영업이익(손실),제 17 기,제 16 기
01493793,코셈,360350,2024,연결재무제표,14730380482.0,13729282775.0,-236359800.0,1501966865.0,수익(매출액),영업이익(손실),제 18 기,제 17 기
01493793,코셈,360350,2025,연결재무제표,13390488732.0,14730380482.0,-1528531452.0,-236359800.0,수익(매출액),영업이익(손실),제 19 기,제 18 기
00442455,코스나인,082660,2023,연결재무제표,9608034644.0,8998368517.0,-6528555949.0,-7693778357.0,수익(매출액),영업이익(손실),제 23 기,제 22 기
00305570,코스리거글로벌,043710,2023,연결재무제표,22559469460.0,10106936539.0,-7541411780.0,-6592229607.0,매출액,영업이익(손실),제 33 기,제 32 기
00305570,코스리거글로벌,043710,2024,연결재무제표,19340027240.0,22559469460.0,-3346570134.0,-7541411780.0,매출액,영업이익(손실),제 34 기,제 33 기
00305570,코스리거글로벌,043710,2025,연결재무제표,35668112160.0,17503985049.0,-8331635222.0,-3050235452.0,매출액,영업이익(손실),제 35 기,제 34 기
01009789,코스맥스,192820,2023,연결재무제표,1777494448320.0,1600125770194.0,115685779856.0,53100853848.0,매출액,영업이익,제 10 기,제 9 기
01009789,코스맥스,192820,2024,연결재무제표,2166089636742.0,1777494448320.0,175395279105.0,115685779856.0,수익(매출액),영업이익,제 11 기,제 10 기
01009789,코스맥스,192820,2025,연결재무제표,2398757972848.0,2166089636742.0,195791661624.0,175395279105.0,수익(매출액),영업이익,제 12 기,제 11 기
00219574,코스맥스비티아이,044820,2023,연결재무제표,628597019226.0,617403775029.0,20249350496.0,3400294229.0,매출액,영업이익,제 31 기,제 30 기
00219574,코스맥스비티아이,044820,2024,연결재무제표,597630263412.0,628597019226.0,16794453838.0,20249350496.0,매출액,영업이익,제 32 기,제 31 기
00219574,코스맥스비티아이,044820,2025,연결재무제표,645205591735.0,597630263412.0,26984473709.0,16794453838.0,매출액,영업이익,제 33 기,제 32 기
00656289,코스맥스엔비티,222040,2023,연결재무제표,333630908880.0,328207413005.0,11976872715.0,2240434808.0,수익(매출액),영업이익(손실),제 22 기,제 21 기
00656289,코스맥스엔비티,222040,2024,연결재무제표,317985309667.0,333630908880.0,9904529646.0,11976872715.0,수익(매출액),영업이익(손실),제 23 기,제 22 기
00656289,코스맥스엔비티,222040,2025,연결재무제표,287479069571.0,317985309667.0,4002712982.0,9904529646.0,영업수익,영업이익(손실),제 24 기,제 23 기
00763473,코스메카코리아,241710,2023,연결재무제표,470719111291.0,399399237901.0,49154075509.0,10367437149.0,매출액,영업이익,제 25 기,제 24 기
00763473,코스메카코리아,241710,2024,연결재무제표,524328644684.0,470719111291.0,60362466466.0,49154075509.0,매출액,영업이익,제 26 기,제 25 기
00763473,코스메카코리아,241710,2025,연결재무제표,640929072776.0,524328644684.0,83536907225.0,60362466466.0,매출액,영업이익,제 27 기,제 26 기
00129989,코스모신소재,005070,2023,별도재무제표,629578773085.0,485605243552.0,32324547766.0,32475176321.0,매출액,영업이익,제 57 기,제 56 기
00129989,코스모신소재,005070,2024,별도재무제표,569728589077.0,629578773085.0,25002358115.0,32324547766.0,매출액,영업이익,제 58 기,제 57 기
00129989,코스모신소재,005070,2025,별도재무제표,456295847107.0,569728589077.0,2378317974.0,25002358115.0,매출액,영업이익,제 59 기,제 58 기
00160302,코스모화학,005420,2023,연결재무제표,798983652893.0,718194570102.0,3005594005.0,41427923296.0,수익(매출액),영업이익(손실),제 56 기,제 55 기
00160302,코스모화학,005420,2024,연결재무제표,749281395087.0,798983652893.0,-2000900280.0,3005594005.0,수익(매출액),영업이익(손실),제 57 기,제 56 기
00160302,코스모화학,005420,2025,연결재무제표,664155164378.0,749281395087.0,-15986153874.0,-2000900280.0,수익(매출액),영업이익(손실),제 58 기,제 57 기
01476219,코스텍시스,355150,2023,별도재무제표,11549322439.0,25351771685.0,-1319886004.0,3574464219.0,수익(매출액),영업이익(손실),제 4 기,제 3 기
01476219,코스텍시스,355150,2024,별도재무제표,14213293474.0,11549322439.0,-1894839910.0,-1319886004.0,수익(매출액),영업이익(손실),제 5 기,제 4 기
01476219,코스텍시스,355150,2025,별도재무제표,15220234978.0,14213293474.0,184343617.0,-1894839910.0,매출액,영업이익(손실),제 6 기,제 5 기
00210856,코아스,071950,2023,연결재무제표,73746191894.0,97886470716.0,-3034190053.0,-704501535.0,수익(매출액),영업이익(손실),제 32 기,제 31 기
00210856,코아스,071950,2024,연결재무제표,77951547768.0,73746191894.0,-7244717384.0,-3034190053.0,수익(매출액),영업이익(손실),제 33 기,제 32 기
00210856,코아스,071950,2025,연결재무제표,62229199785.0,77951547768.0,-5680240797.0,-7244717384.0,수익(매출액),영업이익(손실),제 34 기,제 33 기
00989664,코아스템켐온,166480,2023,연결재무제표,33657156172.0,45877628499.0,-19675632871.0,-6352419193.0,매출액,영업이익(손실),제 21 기,제 20 기
00989664,코아스템켐온,166480,2024,연결재무제표,28762459937.0,33657156172.0,-22019245376.0,-19675632871.0,매출액,영업손실,제 22 기,제 21 기
00989664,코아스템켐온,166480,2025,연결재무제표,20158947968.0,28762459937.0,-21222616625.0,-22019245376.0,매출액,영업이익(손실),제 23 기,제 22 기
00271501,코아시아,045970,2023,연결재무제표,377629884303.0,459701513173.0,-25491183071.0,-22572658741.0,매출액,영업이익(손실),제 31 기,제 30 기
00271501,코아시아,045970,2024,연결재무제표,357809975395.0,377629884303.0,-39612427225.0,-25491183071.0,매출액,영업손실,제 32 기,제 31 기
00271501,코아시아,045970,2025,연결재무제표,375129006470.0,357809975395.0,-2237980329.0,-39612427225.0,매출액,영업이익(손실),제 33 기,제 32 기
01031502,코아시아씨엠,196450,2023,연결재무제표,293967118507.0,383202956785.0,-13048229886.0,-4424559968.0,매출액,영업이익(손실),제 10 기,제 9 기
01031502,코아시아씨엠,196450,2024,연결재무제표,267335829059.0,293967118507.0,-9539985493.0,-13048229886.0,매출액,영업이익(손실),제 11 기,제 10 기
01031502,코아시아씨엠,196450,2025,연결재무제표,258196765549.0,267335829059.0,5272336211.0,-9539985493.0,매출액,영업이익(손실),제 12 기,제 11 기
01512575,코어라인소프트,384470,2023,연결재무제표,4100632868.0,4091045998.0,-11656276687.0,-10163695425.0,영업수익,영업이익(손실),제 12 기,제 11 기
01512575,코어라인소프트,384470,2024,연결재무제표,3929182690.0,4100632868.0,-13779081599.0,-11656276687.0,영업수익,영업이익(손실),제 13 기,제 12 기
01512575,코어라인소프트,384470,2025,연결재무제표,4283668051.0,3929182690.0,-13444847755.0,-13779081599.0,영업수익,영업이익(손실),제 14 기,제 13 기
00197476,코엔텍,029960,2023,별도재무제표,78763725504.0,90286420519.0,34392141497.0,48363480084.0,매출액,영업이익,제 31 기,제 30 기
00197476,코엔텍,029960,2024,별도재무제표,80506803219.0,78763725504.0,30497396526.0,34392141497.0,매출액,영업이익,제 32 기,제 31 기
00197476,코엔텍,029960,2025,별도재무제표,75097694979.0,80506803219.0,29587015581.0,30497396526.0,매출액,영업이익,제 33 기,제 32 기
00152862,코오롱,002020,2023,연결재무제표,5894231282101.0,5659922374692.0,102926776246.0,317514999494.0,수익(매출액),영업이익(손실),제 69 기,제 68 기
00152862,코오롱,002020,2024,연결재무제표,6028363775125.0,5878432276811.0,-89552863444.0,99333095751.0,매출액,영업이익(손실),제 70 기,제 69 기
00152862,코오롱,002020,2025,연결재무제표,5886133083763.0,5920010660969.0,60501208348.0,-92007994082.0,매출액,영업이익(손실),제 71 기,제 70 기
00152880,코오롱글로벌,003070,2023,연결재무제표,2663480259991.0,2602076874673.0,12788879964.0,166687315258.0,영업수익,영업이익(손실),제 64 기,제 63 기
00152880,코오롱글로벌,003070,2024,연결재무제표,2911960747188.0,2645037776165.0,-56668787248.0,7614457547.0,매출액,영업이익(손실),제 65 기,제 64 기
00152880,코오롱글로벌,003070,2025,연결재무제표,2684430963154.0,2911960747188.0,3650749780.0,-56668787248.0,매출액,영업이익(손실),제 66 기,제 65 기
01712485,코오롱모빌리티그룹,450140,2024,연결재무제표,2258021136586.0,2402993901334.0,17569077056.0,40966727870.0,매출액,영업이익(손실),제 2 기,제 1 기
01712485,코오롱모빌리티그룹,450140,2025,연결재무제표,2350332374842.0,2258021136586.0,23422851434.0,17569077056.0,매출액,영업이익(손실),제 3 기,제 2 기
00525642,코오롱생명과학,102940,2023,연결재무제표,124639034557.0,161583789633.0,-24095033091.0,2641694089.0,매출액,영업이익(손실),제 24 기,제 23 기
00525642,코오롱생명과학,102940,2024,연결재무제표,161386743445.0,124639034557.0,-22084410295.0,-24095033091.0,매출액,영업이익(손실),제 25 기,제 24 기
00525642,코오롱생명과학,102940,2025,연결재무제표,208981597803.0,161386743445.0,17572203303.0,-22084410295.0,매출액,영업이익(손실),제 26 기,제 25 기
00241005,코오롱이앤피,138490,2023,연결재무제표,456198067019.0,518075861606.0,33813729102.0,46041896346.0,수익(매출액),영업이익(손실),제 28 기,제 27 기
00241005,코오롱이앤피,138490,2024,연결재무제표,486210364232.0,456198067019.0,39767482517.0,33813729102.0,수익(매출액),영업이익(손실),제 29 기,제 28 기
00241005,코오롱이앤피,138490,2025,연결재무제표,468687996616.0,486210364232.0,44075053798.0,39767482517.0,수익(매출액),영업이익(손실),제 30 기,제 29 기
00795135,코오롱인더,120110,2023,연결재무제표,5061157921399.0,5367473556072.0,157625474066.0,242496098882.0,Ⅰ. 매출,Ⅴ. 영업이익,제 14 기,제 13 기
00795135,코오롱인더,120110,2024,연결재무제표,4843003131269.0,4734907182667.0,158723468850.0,199654688223.0,I. 매출,V. 영업이익,제 15 기,제 14 기
00795135,코오롱인더,120110,2025,연결재무제표,4873399491952.0,4843003131269.0,108896018558.0,158723468850.0,I. 매출,V. 영업이익,제 16 기,제 15 기
01245062,코오롱티슈진,950160,2023,별도재무제표,2839000.0,7319202.0,-15707145.0,-12618990.0,매출액,영업이익(손실),제 25 기,제 24 기
01245062,코오롱티슈진,950160,2024,별도재무제표,3719583.0,2839000.0,-16127329.0,-15707145.0,매출액,영업이익(손실),제 26 기,제 25 기
01245062,코오롱티슈진,950160,2025,별도재무제표,3627220.0,3719583.0,-15695998.0,-16127329.0,매출액,영업이익(손실),제 27 기,제 26 기
00170558,코웨이,021240,2023,연결재무제표,3966519721923.0,3856132895084.0,731255078054.0,677378551681.0,매출액,영업이익,제 35 기,제 34 기
00170558,코웨이,021240,2024,연결재무제표,4310141694596.0,3966519721923.0,795373861343.0,731255078054.0,매출액,영업이익,제 36 기,제 35 기
00170558,코웨이,021240,2025,연결재무제표,4963566073111.0,4310141694596.0,878651769382.0,795373861343.0,매출액,영업이익,제 37 기,제 36 기
00360674,코위버,056360,2023,연결재무제표,83354203788.0,89638154238.0,-2603185111.0,296798885.0,매출액,영업이익(손실),제 24 기,제 23 기
00360674,코위버,056360,2024,연결재무제표,46836215609.0,83354203788.0,-7634892172.0,-2603185111.0,매출액,영업이익(손실),제 25 기,제 24 기
00360674,코위버,056360,2025,연결재무제표,62599540297.0,46836215609.0,306265207.0,-7634892172.0,매출액,영업이익(손실),제 26 기,제 25 기
01211232,코윈테크,282880,2023,연결재무제표,335958325532.0,201154916332.0,22817285083.0,14781550437.0,매출액,영업이익,제 26 기,제 25 기
01211232,코윈테크,282880,2024,연결재무제표,244389953265.0,335958325532.0,3602921129.0,22817285083.0,매출액,영업이익,제 27 기,제 26 기
01211232,코윈테크,282880,2025,연결재무제표,154701003144.0,244389953265.0,-25447396955.0,3602921129.0,수익(매출액),영업이익(손실),제 28 기,제 27 기
00807397,코이즈,121850,2023,연결재무제표,16392594426.0,9702666379.0,-4103033489.0,-7209998290.0,수익(매출액),영업이익(손실),제 18 기,제 17 기
00807397,코이즈,121850,2024,연결재무제표,20734142258.0,16392594426.0,-3174240764.0,-4103033489.0,수익(매출액),영업이익(손실),제 19 기,제 18 기
00807397,코이즈,121850,2025,연결재무제표,12650752843.0,20734142258.0,-8073868251.0,-3174240764.0,수익(매출액),영업이익(손실),제 20 기,제 19 기
00959210,코츠테크놀로지,448710,2023,별도재무제표,51299936158.0,41835502370.0,8801179354.0,2785574622.0,매출액,영업이익,제 25 기,제 24 기
00959210,코츠테크놀로지,448710,2024,별도재무제표,64980786918.0,51299936158.0,9479311051.0,8801179354.0,매출액,영업이익,제 26 기,제 25 기
00959210,코츠테크놀로지,448710,2025,별도재무제표,68114262512.0,64980786918.0,8315271995.0,9479311051.0,매출액,영업이익,제 27 기,제 26 기
00446901,코칩,126730,2024,연결재무제표,33371108724.0,32912374630.0,2899394604.0,4188898940.0,수익(매출액),영업이익(손실),제 31 기,제 30 기
00446901,코칩,126730,2025,연결재무제표,38284849477.0,33371108724.0,1139330952.0,2899394604.0,수익(매출액),영업이익(손실),제 32 기,제 31 기
00187725,코콤,015710,2023,별도재무제표,100488220566.0,95280775618.0,1911182143.0,-2284834592.0,수익(매출액),영업이익(손실),제 44 기,제 43 기
00187725,코콤,015710,2024,별도재무제표,104993315733.0,100488220566.0,3727784568.0,1911182143.0,I.매출,IV.영업이익(손실),제 45 기,제 44 기
00187725,코콤,015710,2025,별도재무제표,95770916172.0,104993315733.0,2999271369.0,3727784568.0,I. 매출액,IV. 영업이익,제 46 기,제 45 기
00305297,코텍,052330,2023,연결재무제표,327107490760.0,428553036782.0,4795531701.0,27331888869.0,수익(매출액),영업이익(손실),제 37 기,제 36 기
00305297,코텍,052330,2024,연결재무제표,307988606670.0,327107490760.0,23548368530.0,4795531701.0,수익(매출액),영업이익(손실),제 38 기,제 37 기
00305297,코텍,052330,2025,연결재무제표,396839741875.0,307988606670.0,37786162039.0,23548368530.0,매출액,영업이익,제 39 기,제 38 기
01364297,코퍼스코리아,322780,2023,연결재무제표,44653729856.0,29268713289.0,1698159467.0,9124945624.0,매출액,영업이익,제 5 기,제 4 기
01364297,코퍼스코리아,322780,2024,연결재무제표,41832380954.0,44060779856.0,-29362271394.0,2219239491.0,매출액,영업이익,제 6 기,제 5 기
01364297,코퍼스코리아,322780,2025,연결재무제표,32900432613.0,41832380954.0,-7093848478.0,-29362271394.0,매출액,영업이익,제 7 기,제 6 기
00203315,콘텐트리중앙,036420,2023,연결재무제표,993035799342.0,852050847599.0,-68126882657.0,-71591321151.0,수익(매출액),영업이익(손실),제 37 기,제 36 기
00203315,콘텐트리중앙,036420,2024,연결재무제표,879462982938.0,993035799342.0,-47378983753.0,-67966591205.0,매출액,영업손실,제 38 기,제 37 기
00203315,콘텐트리중앙,036420,2025,연결재무제표,1083288419056.0,879462982938.0,8844995426.0,-47378983753.0,매출액,영업이익(손실),제 39 기,제 38 기
01065013,콜마바이오텍,215380,2023,별도재무제표,38615630587.0,46917852697.0,-4459664719.0,-2521314432.0,매출액,영업이익(손실),제 9 기,제 8 기
01065013,콜마바이오텍,215380,2024,별도재무제표,43199732726.0,38615630587.0,1784598077.0,-4459664719.0,매출액,영업이익(손실),제 10 기,제 9 기
01065013,콜마바이오텍,215380,2025,별도재무제표,37587048396.0,43199732726.0,-3904140658.0,1784598077.0,매출액,영업이익(손실),제 11 기,제 10 기
01032404,콜마비앤에이치,200130,2023,연결재무제표,579551538026.0,575902994059.0,30255895443.0,61123995164.0,매출액,영업이익,제 10 기,제 9 기
01032404,콜마비앤에이치,200130,2024,연결재무제표,615642004817.0,579551538026.0,24623244501.0,30255895443.0,영업수익,영업이익(손실),제 11 기,제 10 기
01032404,콜마비앤에이치,200130,2025,연결재무제표,574884892325.0,615642004817.0,26645965589.0,24623244501.0,영업수익,영업이익(손실),제 12 기,제 11 기
00203290,콜마홀딩스,024720,2023,연결재무제표,637274322590.0,649879568755.0,16871130187.0,33000195009.0,수익(매출액),영업이익(손실),제 34 기,제 33 기
00203290,콜마홀딩스,024720,2024,연결재무제표,676663181663.0,637274322590.0,38118710023.0,16871130187.0,매출액,영업이익(손실),제 35 기,제 34 기
00203290,콜마홀딩스,024720,2025,연결재무제표,630111809477.0,676663181663.0,47742544330.0,38118710023.0,매출액,영업이익(손실),제 36 기,제 35 기
01311055,쿠콘,294570,2023,연결재무제표,68365726730.0,64522541912.0,16586163829.0,20023636125.0,영업수익,영업이익,제 18 기,제 17 기
01311055,쿠콘,294570,2024,별도재무제표,73038223164.0,68365726730.0,16588584400.0,16586163829.0,영업수익,영업이익,제 19 기,제 18 기
01311055,쿠콘,294570,2025,별도재무제표,69459535152.0,73038223164.0,18859505780.0,16588584400.0,영업수익,영업이익,제 20 기,제 19 기
00132354,쿠쿠홀딩스,192400,2023,연결재무제표,772261869749.0,755648437744.0,86632975985.0,87879677725.0,수익(매출액),영업이익(손실),제 47 기,제 46 기
00132354,쿠쿠홀딩스,192400,2024,연결재무제표,833802336627.0,772261869749.0,103233744707.0,86632975985.0,매출,영업이익,제 48 기,제 47 기
00132354,쿠쿠홀딩스,192400,2025,연결재무제표,920929380976.0,833802336627.0,114008891071.0,103233744707.0,수익(매출액),영업이익,제 49 기,제 48 기
01267684,쿠쿠홈시스,284740,2023,연결재무제표,954551724190.0,938072669980.0,144873008354.0,119943993497.0,수익(매출액),영업이익(손실),제 7 기,제 6 기
01267684,쿠쿠홈시스,284740,2024,연결재무제표,1057208774499.0,954551724190.0,164815752780.0,144873008354.0,매출액,영업이익,제 8 기,제 7 기
01267684,쿠쿠홈시스,284740,2025,연결재무제표,1121342626136.0,1057208774499.0,169362970577.0,169980712798.0,매출액,영업이익,제 9 기,제 8 기
01671285,쿼드메디슨,464490,2024,연결재무제표,9303610913.0,1011722941.0,-4449177465.0,-9519292923.0,영업수익,영업이익(손실),제 8 기,제 7 기
01671285,쿼드메디슨,464490,2025,연결재무제표,10698152626.0,9303610913.0,-6383954523.0,-4449177465.0,영업수익,영업이익(손실),제 9 기,제 8 기
01311286,퀀타매트릭스,317690,2023,연결재무제표,3117941523.0,1285933974.0,-22448003344.0,-20017916127.0,매출액,영업이익(손실),제 14 기,제 13 기
01311286,퀀타매트릭스,317690,2024,연결재무제표,2497118525.0,3117941523.0,-16148156516.0,-22448003344.0,매출액,영업이익(손실),제 15 기,제 14 기
01311286,퀀타매트릭스,317690,2025,연결재무제표,3688305345.0,2497118525.0,-15555988855.0,-16148156516.0,매출액,영업이익(손실),제 16 기,제 15 기
00683007,퀀텀레일,070300,2023,연결재무제표,34762870874.0,10275641565.0,-118173951.0,324729576.0,수익(매출액),영업이익(손실),제 24 기,제 23 기
00683007,퀀텀레일,070300,2024,연결재무제표,10747200049.0,34762870874.0,-2176868091.0,-118173951.0,수익(매출액),영업이익(손실),제 25 기,제 24 기
00683007,퀀텀레일,070300,2025,연결재무제표,18537408816.0,10747200049.0,1902204247.0,-2176868091.0,수익(매출액),영업이익(손실),제 26 기,제 25 기
01584183,퀄리타스반도체,432720,2023,별도재무제표,10774541164.0,10789274729.0,-11186432731.0,-3671026788.0,수익(매출액),영업이익(손실),제 7 기,제 6 기
01584183,퀄리타스반도체,432720,2024,별도재무제표,6074683889.0,10774541164.0,-22694310411.0,-11186432731.0,영업수익,영업이익(손실),제 8 기,제 7 기
01584183,퀄리타스반도체,432720,2025,별도재무제표,5350047190.0,6074683889.0,-24471844867.0,-22694310411.0,영업수익,영업이익(손실),제 9 기,제 8 기
01397772,큐라클,365270,2023,별도재무제표,10294390768.0,3582858972.0,-10508110228.0,-11982211458.0,영업수익,영업이익(손실),제 8 기,제 7 기
01397772,큐라클,365270,2024,별도재무제표,1632550301.0,10294390768.0,-12634687980.0,-10508110228.0,영업수익,영업이익(손실),제 9 기,제 8 기
01397772,큐라클,365270,2025,별도재무제표,7101468.0,1632550301.0,-16503369291.0,-12634687980.0,영업수익,영업이익(손실),제 10 기,제 9 기
01357765,큐라티스,348080,2023,별도재무제표,1030058265.0,7524173635.0,-16931835655.0,-23289127797.0,수익(매출액),영업이익(손실),제 8 기,제 7 기
01357765,큐라티스,348080,2024,별도재무제표,373796810.0,1030058265.0,-19719416068.0,-16931835655.0,수익(매출액),영업이익(손실),제 9 기,제 8 기
01357765,큐라티스,348080,2025,별도재무제표,2456943982.0,373796810.0,-10334975249.0,-19719416068.0,매출액,영업이익(손실),제 10 기,제 9 기
00356802,큐렉소,060280,2023,별도재무제표,72882216212.0,64990650977.0,1135441826.0,1110696832.0,수익(매출액),영업이익(손실),제 32 기,제 31 기
00356802,큐렉소,060280,2024,별도재무제표,55531259080.0,72882216212.0,-5821504455.0,1135441826.0,수익(매출액),영업이익(손실),제 33 기,제 32 기
00356802,큐렉소,060280,2025,연결재무제표,74531816400.0,55531259080.0,2361804478.0,-5821504455.0,수익(매출액),영업이익(손실),제 34 기,제 33 기
01492651,큐로셀,372320,2023,별도재무제표,0.0,0.0,-31129752767.0,-21424611321.0,수익(매출액),영업이익(손실),제 8 기,제 7 기
01492651,큐로셀,372320,2024,연결재무제표,0.0,0.0,-36624042261.0,-31129752767.0,매출액,영업이익,제 9 기,제 8 기
01492651,큐로셀,372320,2025,연결재무제표,0.0,0.0,-36289500534.0,-36624042261.0,매출액,영업이익,제 10 기,제 9 기
00296324,큐로홀딩스,051780,2023,연결재무제표,83889908322.0,67536187305.0,-2592005868.0,1485540687.0,수익(매출액),영업이익(손실),제 36 기,제 35 기
00296324,큐로홀딩스,051780,2024,연결재무제표,61099174434.0,79773291492.0,-2663086970.0,687832445.0,수익(매출액),영업이익(손실),제 37 기,제 36 기
00296324,큐로홀딩스,051780,2025,연결재무제표,56651278638.0,61099174434.0,-9245487.0,-2663086970.0,수익(매출액),영업이익(손실),제 38 기,제 37 기
01042650,큐리언트,115180,2023,연결재무제표,9031807070.0,8468552823.0,-23213207544.0,-27474716001.0,수익(매출액),영업이익(손실),제 16 기,제 15 기
01042650,큐리언트,115180,2024,연결재무제표,9179834444.0,9031807070.0,-27477790640.0,-23213207544.0,수익(매출액),영업이익(손실),제 17 기,제 16 기
01042650,큐리언트,115180,2025,연결재무제표,6982624830.0,9179834444.0,-29764167099.0,-27477790640.0,수익(매출액),영업이익(손실),제 18 기,제 17 기
01786958,큐리오시스,494120,2025,연결재무제표,7302782626.0,5414998706.0,-7525764117.0,-6208083712.0,매출액,영업이익(손실),제 11 기,제 10 기
01498974,큐리옥스바이오시스템즈,445680,2023,연결재무제표,6787910936.0,7236977820.0,-10557074113.0,-11421000114.0,수익(매출액),영업이익(손실),제 6 기,제 5 기
01498974,큐리옥스바이오시스템즈,445680,2024,연결재무제표,4587636523.0,6787910936.0,-13377807751.0,-10557074113.0,수익(매출액),영업이익(손실),제 7 기,제 6 기
01498974,큐리옥스바이오시스템즈,445680,2025,연결재무제표,5151548437.0,4587636523.0,-12314428922.0,-13377807751.0,수익(매출액),영업이익(손실),제 8 기,제 7 기
00985686,큐브엔터,182360,2023,연결재무제표,142272172633.0,120637928352.0,15423770911.0,6927857971.0,매출액,영업이익,제 11 기,제 10 기
00985686,큐브엔터,182360,2024,연결재무제표,218283220461.0,142272172633.0,16568348309.0,15423770911.0,매출액,영업이익,제 12 기,제 11 기
00985686,큐브엔터,182360,2025,연결재무제표,87228103184.0,102595690090.0,-7261994709.0,11977189218.0,매출액,영업이익,제 13 기,제 12 기
01033591,큐알티,405100,2023,연결재무제표,53256955744.0,59628906235.0,752199915.0,10285825829.0,매출액,영업이익,제 10 기,제 9 기
01033591,큐알티,405100,2024,연결재무제표,65250660837.0,53256955744.0,4767436351.0,752199915.0,매출액,영업이익,제 11 기,제 10 기
01033591,큐알티,405100,2025,연결재무제표,68861373936.0,65250660837.0,4782984898.0,4767436351.0,매출액,영업이익,제 12 기,제 11 기
00411446,큐에스아이,066310,2023,연결재무제표,18687093091.0,22699451677.0,-4243012697.0,1845150544.0,수익(매출액),영업이익(손실),제 24 기,제 23 기
00411446,큐에스아이,066310,2024,연결재무제표,21363283641.0,18687093091.0,1184535478.0,-4243012697.0,수익(매출액),영업이익(손실),제 25 기,제 24 기
00411446,큐에스아이,066310,2025,연결재무제표,23282562121.0,21363283641.0,293849147.0,1184535478.0,매출액,영업이익,제 26 기,제 25 기
01175499,큐에이드,377460,2023,연결재무제표,274309385444.0,439461730494.0,-106090906757.0,22261045183.0,매출액,영업이익,제 9 기,제 8 기
01175499,큐에이드,377460,2024,연결재무제표,116304050890.0,274309385444.0,-926704867.0,-106143541190.0,매출액,영업이익(손실),제 10 기,제 9 기
01175499,큐에이드,377460,2025,별도재무제표,91649492825.0,116304050890.0,-1913576661.0,-926704867.0,매출액,영업이익(손실),제 11 기,제 10 기
00267942,큐캐피탈,016600,2023,별도재무제표,35968958792.0,16557788149.0,10471000716.0,-4153553275.0,영업수익,영업이익(손실),제 42 기,제 41 기
00267942,큐캐피탈,016600,2024,별도재무제표,18669600046.0,35968958792.0,2823146335.0,10471000716.0,영업수익,영업이익(손실),제 43 기,제 42 기
00267942,큐캐피탈,016600,2025,별도재무제표,20098160580.0,18669600046.0,3786548770.0,2823146335.0,영업수익,영업이익(손실),제 44 기,제 43 기
01514005,크라우드웍스,355390,2023,연결재무제표,23978460238.0,11896419674.0,-1785822511.0,-6308534457.0,영업수익,영업이익(손실),제 7 기,제 6 기
01514005,크라우드웍스,355390,2024,연결재무제표,12013503460.0,23978460238.0,-11726095494.0,-1785822511.0,영업수익,영업이익(손실),제 8 기,제 7 기
01514005,크라우드웍스,355390,2025,연결재무제표,10484246161.0,12013503460.0,-13366222293.0,-11726095494.0,영업수익,영업이익(손실),제 9 기,제 8 기
01205329,크라운제과,264900,2023,별도재무제표,434728792634.0,413638464749.0,28440130656.0,17588318271.0,수익(매출액),영업이익(손실),제 7 기,제 6 기
01205329,크라운제과,264900,2024,별도재무제표,438102375193.0,434728792634.0,21046933550.0,28440130656.0,매출액,영업이익(손실),제 8 기,제 7 기
01205329,크라운제과,264900,2025,별도재무제표,444838419779.0,438102375193.0,15265165837.0,21046933550.0,매출액,영업이익,제 9 기,제 8 기
00153126,크라운해태홀딩스,005740,2023,연결재무제표,1035541074592.0,979071454561.0,71034057046.0,38440307559.0,영업수익(매출액),영업이익(손실),제 57 기,제 56 기
00153126,크라운해태홀딩스,005740,2024,연결재무제표,1046896219641.0,1035541074592.0,67578721530.0,71034057046.0,영업수익(매출액),영업이익(손실),제 58 기,제 57 기
00153126,크라운해태홀딩스,005740,2025,연결재무제표,1069881590060.0,1046896219641.0,57250687227.0,67578721530.0,매출액,영업이익,제 59 기,제 58 기
00760971,크래프톤,259960,2023,연결재무제표,1910576180288.0,1854016090527.0,768045608970.0,751606569542.0,영업수익,영업이익,제 17 기,제 16 기
00760971,크래프톤,259960,2024,연결재무제표,2709774106588.0,1910576180288.0,1182487684188.0,768045608970.0,영업수익,영업이익,제 18 기,제 17 기
00760971,크래프톤,259960,2025,연결재무제표,3326553694966.0,2709774106588.0,1054380980188.0,1182487684188.0,영업수익,영업이익,제 19 기,제 18 기
00525882,크레버스,096240,2023,연결재무제표,233485121718.0,227499581732.0,25216689470.0,25653163787.0,영업수익,영업이익,제 22 기,제 21 기
00525882,크레버스,096240,2024,연결재무제표,228168256909.0,233485121718.0,10316847050.0,25216689470.0,영업수익,영업이익,제 23 기,제 22 기
00525882,크레버스,096240,2025,연결재무제표,220916898961.0,228168256909.0,2244394585.0,10316847050.0,영업수익,영업이익,제 24 기,제 23 기
00346407,크레오에스지,040350,2023,연결재무제표,9756217845.0,9781170888.0,-3734725216.0,-6139169945.0,수익(매출액),영업이익(손실),제 27 기,제 26 기
00346407,크레오에스지,040350,2024,연결재무제표,8157056644.0,9756217845.0,-5653531364.0,-3734725216.0,수익(매출액),영업이익(손실),제 28 기,제 27 기
00346407,크레오에스지,040350,2025,연결재무제표,10861107272.0,8157056644.0,-6409391888.0,-5653531364.0,수익(매출액),영업이익(손실),제 29 기,제 28 기
00522007,크리스에프앤씨,110790,2023,연결재무제표,367042824810.0,380916686435.0,46109132297.0,78487509910.0,수익(매출액),영업이익(손실),제 26 기,제 25 기
00522007,크리스에프앤씨,110790,2024,연결재무제표,331280497035.0,367042824810.0,12138780100.0,46109132297.0,매출액,영업이익,제 27 기,제 26 기
00522007,크리스에프앤씨,110790,2025,연결재무제표,311944979108.0,331280497035.0,-4726548434.0,12138780100.0,매출액,영업이익(손실),제 28 기,제 27 기
01107665,크리스탈신소재,900250,2023,연결재무제표,446935129.0,407024441.0,126216500.0,100624504.0,수익(매출액),영업이익(손실),제 12 기,제 11 기
01107665,크리스탈신소재,900250,2024,연결재무제표,518897047.0,345514301.0,99577615.0,88491709.0,수익(매출액),영업이익(손실),제 13 기,제 12 기
01107665,크리스탈신소재,900250,2025,연결재무제표,353228450.0,334162693.0,54183226.0,72586372.0,수익(매출액),영업이익(손실),제 14 기,제 13 기
00185222,크린앤사이언스,045520,2023,연결재무제표,92497051974.0,86034564156.0,938086282.0,-10900237959.0,수익(매출액),영업이익(손실),제 44 기,제 43 기
00185222,크린앤사이언스,045520,2024,연결재무제표,84623447939.0,92497051974.0,-848927534.0,938086282.0,수익(매출액),영업이익(손실),제 45 기,제 44 기
00185222,크린앤사이언스,045520,2025,연결재무제표,86098327172.0,84623447939.0,-965305263.0,-848927534.0,수익(매출액),영업이익(손실),제 46 기,제 45 기
01061327,클래시스,214150,2023,연결재무제표,180122798016.0,141803242402.0,89622382063.0,68876207458.0,매출,영업이익(손실),제 9 기,제 8 기
01061327,클래시스,214150,2024,연결재무제표,242938965374.0,180122798016.0,122442594301.0,89622382063.0,매출,영업이익(손실),제 10 기,제 9 기
01061327,클래시스,214150,2025,연결재무제표,336819637856.0,242938965374.0,170600874067.0,122442594301.0,매출액,영업이익,제 11 기,제 10 기
01784914,클로봇,466100,2024,연결재무제표,33395079055.0,24204059619.0,-7490868842.0,-5764984704.0,수익(매출액),영업이익(손실),제 8 기,제 7 기
01784914,클로봇,466100,2025,연결재무제표,41406081428.0,33395079055.0,-3180595266.0,-7490868842.0,수익(매출액),영업이익(손실),제 9 기,제 8 기
00957735,클리오,237880,2023,연결재무제표,330584497213.0,272455447001.0,33809871290.0,17882330512.0,매출액,영업이익,제 27 기,제 26 기
00957735,클리오,237880,2024,연결재무제표,351365821349.0,330584497213.0,24602690232.0,33809871290.0,매출액,영업이익,제 28 기,제 27 기
00957735,클리오,237880,2025,연결재무제표,328903470798.0,351365821349.0,16435917068.0,24602690232.0,매출액,영업이익,제 29 기,제 28 기
00535375,키네마스터,139670,2023,연결재무제표,16773679386.0,19429769494.0,1861579740.0,-16016522670.0,수익(매출액),영업이익(손실),제 22 기,제 21 기
00535375,키네마스터,139670,2024,연결재무제표,13333948574.0,16773679386.0,592222129.0,1861579740.0,수익(매출액),영업이익(손실),제 23 기,제 22 기
00535375,키네마스터,139670,2025,연결재무제표,12259444646.0,13333948574.0,925499754.0,592222129.0,수익(매출액),영업이익(손실),제 24 기,제 23 기
00140131,키다리스튜디오,020120,2023,연결재무제표,171042237147.0,169433774760.0,-5744856252.0,4262454699.0,매출액,영업이익(손실),제 37 기,제 36 기
00140131,키다리스튜디오,020120,2024,연결재무제표,205213284499.0,171042237147.0,2189001069.0,-5744856252.0,매출액,영업이익(손실),제 38 기,제 37 기
00140131,키다리스튜디오,020120,2025,연결재무제표,217475159813.0,205213284499.0,12382726336.0,2189001069.0,매출액,영업이익(손실),제 39 기,제 38 기
00204323,키스트론,475430,2025,별도재무제표,69316361099.0,68954759345.0,7395126735.0,5900745440.0,매출액,영업이익(손실),제 34 기,제 33 기
01877126,키움제10호스팩,487720,2025,별도재무제표,0.0,0.0,-14851080.0,-18682650.0,영업수익,영업이익(손실),제 2 기,제 1 기
01873272,키움제11호스팩,489480,2025,별도재무제표,0.0,0.0,-20343658.0,-21705380.0,영업수익,영업이익(손실),제 2 기,제 1 기
00296290,키움증권,039490,2023,연결재무제표,9544799999478.0,8942353665382.0,564659042175.0,656424566711.0,영  업  수  익,영  업  이  익,제 25 기,제 24 기
00296290,키움증권,039490,2024,연결재무제표,11280306577010.0,9544799999478.0,1098240303737.0,564659042175.0,영  업  수  익,영  업  이  익,제 26 기,제 25 기
00296290,키움증권,039490,2025,연결재무제표,17121703940748.0,11280306577010.0,1488239956012.0,1098240303737.0,영업수익,영업이익,제 27 기,제 26 기
01784677,키움히어로제1호스팩,466690,2025,별도재무제표,0.0,0.0,-29718410.0,-27622850.0,영업수익,영업손실,제 3 기,제 2 기
00353762,키이스트,054780,2023,별도재무제표,52023895531.0,62044179229.0,-1475031245.0,-2403490312.0,수익(매출액),영업이익(손실),제 28 기,제 27 기
00353762,키이스트,054780,2024,별도재무제표,75844854928.0,52023895531.0,654372103.0,-1475031245.0,수익(매출액),영업이익(손실),제 29 기,제 28 기
00353762,키이스트,054780,2025,별도재무제표,15701782037.0,75844854928.0,-3940417878.0,654372103.0,수익(매출액),영업이익(손실),제 30 기,제 29 기
01037214,킵스파마,256940,2023,연결재무제표,92133337144.0,14617273604.0,3060265295.0,-8614814503.0,매출액,영업이익(손실),제 24 기,제 23 기
01037214,킵스파마,256940,2024,연결재무제표,127583228842.0,92133337144.0,6216644621.0,3060265295.0,매출액,영업이익(손실),제 25 기,제 24 기
01037214,킵스파마,256940,2025,연결재무제표,170146866389.0,127583228842.0,1574636068.0,6216644621.0,매출액,영업이익(손실),제 26 기,제 25 기
00617314,타이거일렉,219130,2023,별도재무제표,48569682585.0,58072250651.0,-3076374667.0,3114183364.0,매출액(매출액),영업이익(손실),제 24 기,제 23 기
00617314,타이거일렉,219130,2024,별도재무제표,61822374891.0,48569682585.0,-1917120511.0,-3076374667.0,매출액(매출액),영업이익(손실),제 25 기,제 24 기
00617314,타이거일렉,219130,2025,별도재무제표,80678580109.0,61822374891.0,7219453124.0,-1917120511.0,매출액(매출액),영업이익(손실),제 26 기,제 25 기
00814582,탑런토탈솔루션,336680,2024,연결재무제표,519654712241.0,513876854406.0,26040170887.0,29680115727.0,수익(매출액),영업이익(손실),제 21 기,제 20 기
00814582,탑런토탈솔루션,336680,2025,연결재무제표,550111118017.0,519654712241.0,8900559497.0,26040170887.0,매출,영업이익,제 22 기,제 21 기
01360875,탑머티리얼,360070,2023,별도재무제표,122198212216.0,63019955083.0,13789507906.0,11772052136.0,매출액,영업이익(손실),제 12 기,제 11 기
01360875,탑머티리얼,360070,2024,별도재무제표,106078637083.0,122198212216.0,-7210322259.0,13789507906.0,매출액,영업이익(손실),제 13 기,제 12 기
01360875,탑머티리얼,360070,2025,별도재무제표,23130641417.0,106078637083.0,-35202548419.0,-7210322259.0,수익(매출액),영업이익(손실),제 14 기,제 13 기
00366845,탑엔지니어링,065130,2023,연결재무제표,959380436380.0,936444840669.0,21906235140.0,-28505023131.0,매출액,영업이익(손실),제 31 기,제 30 기
00366845,탑엔지니어링,065130,2024,연결재무제표,815419033739.0,959380436380.0,-7468707032.0,21906235140.0,매출액,영업이익(손실),제 32 기,제 31 기
00366845,탑엔지니어링,065130,2025,연결재무제표,798498300100.0,815419033739.0,-35218756971.0,-7468707032.0,수익(매출액),영업이익(손실),제 33 기,제 32 기
00608699,탑코미디어,134580,2023,연결재무제표,19178342271.0,11703036733.0,-2653050366.0,1402451075.0,수익(매출액),영업이익(손실),제 17 기,제 16 기
00608699,탑코미디어,134580,2024,연결재무제표,23340259807.0,19178342271.0,-3726430593.0,-2653050366.0,영업수익,영업이익(손실),제 18 기,제 17 기
00608699,탑코미디어,134580,2025,연결재무제표,48604543452.0,23340259807.0,3670011557.0,-3726430593.0,영업수익,영업이익(손실),제 19 기,제 18 기
00122481,태경비케이,014580,2023,연결재무제표,294162114095.0,345051212031.0,40076503357.0,31945997236.0,매출액,영업이익,제 44 기,제 43 기
00122481,태경비케이,014580,2024,연결재무제표,308594841506.0,294162114095.0,42222650666.0,40076503357.0,매출액,영업이익,제 45 기,제 44 기
00122481,태경비케이,014580,2025,연결재무제표,385942613685.0,308594841506.0,40782720982.0,42222650666.0,수익(매출액),영업이익,제 46 기,제 45 기
00153339,태경산업,015890,2023,연결재무제표,656027303168.0,733384357738.0,44128087572.0,54916688892.0,매출액,영업이익(손실),제 43 기,제 42 기
00153339,태경산업,015890,2024,연결재무제표,675692460593.0,656027303168.0,55683630049.0,44128087572.0,매출액,영업이익(손실),제 44 기,제 43 기
00153339,태경산업,015890,2025,연결재무제표,777095583235.0,675692460593.0,55432087513.0,55683630049.0,수익(매출액),영업이익(손실),제 45 기,제 44 기
00109161,태경케미컬,006890,2023,연결재무제표,70748221182.0,59613478497.0,17877381574.0,10400584716.0,매출액,영업이익,제 54 기,제 53 기
00109161,태경케미컬,006890,2024,연결재무제표,71116461803.0,70748221182.0,13705903914.0,17877381574.0,매출액,영업이익,제 55 기,제 54 기
00109161,태경케미컬,006890,2025,연결재무제표,61347896962.0,71116461803.0,2063376471.0,13705903914.0,매출액,영업이익,제 56 기,제 55 기
00153375,태광,023160,2023,연결재무제표,312067468098.0,249742674195.0,57724095747.0,45350048019.0,수익(매출액),영업이익(손실),제 42 기,제 41 기
00153375,태광,023160,2024,연결재무제표,266809991545.0,312067468098.0,39872964654.0,57724095747.0,수익(매출액),영업이익(손실),제 43 기,제 42 기
00153375,태광,023160,2025,연결재무제표,296965688227.0,266809991545.0,38734846446.0,39872964654.0,수익(매출액),영업이익(손실),제 44 기,제 43 기
00153393,태광산업,003240,2023,연결재무제표,2265489918200.0,2606596306671.0,-99370075160.0,-104464194414.0,매출액,영업손실,제 63 기,제 62 기
00153393,태광산업,003240,2024,연결재무제표,2121863335311.0,2265489918200.0,-27164631033.0,-99370075160.0,매출액,영업손실,제 64 기,제 63 기
00153393,태광산업,003240,2025,연결재무제표,1827439561466.0,2027535145711.0,-36015243749.0,-394683967.0,매출액,영업손실,제 65 기,제 64 기
00153524,태림포장,011280,2023,연결재무제표,719597766592.0,784022455987.0,22183903893.0,30895370651.0,매출액,영업이익(손실),제 48 기,제 47 기
00153524,태림포장,011280,2024,연결재무제표,715375066000.0,719597767000.0,-16590677000.0,22183904000.0,영업수익,영업이익(손실),제 49 기,제 48 기
00153524,태림포장,011280,2025,연결재무제표,753896340000.0,715375066000.0,-4981829000.0,-16590677000.0,매출액,영업이익(손실),제 50 기,제 49 기
01366000,태성,323280,2023,연결재무제표,33338955327.0,61247953344.0,-685706946.0,2313546898.0,수익(매출액),영업이익(손실),제 5 기,제 4 기
01366000,태성,323280,2024,연결재무제표,59212420040.0,33338955327.0,6037657086.0,-685706946.0,수익(매출액),영업이익(손실),제 6 기,제 5 기
01366000,태성,323280,2025,연결재무제표,37859245040.0,59212420040.0,-2506348104.0,6037657086.0,수익(매출액),영업이익(손실),제 7 기,제 6 기
00186717,태양,053620,2023,연결재무제표,157015527356.0,174237674427.0,6539290228.0,7433521597.0,매출액,영업이익,제 35 기,제 34 기
00186717,태양,053620,2024,연결재무제표,152238218507.0,157015527356.0,2166789978.0,6539290228.0,매출액,영업이익,제 36 기,제 35 기
00186717,태양,053620,2025,연결재무제표,140352455497.0,152238218507.0,2393104820.0,2166789978.0,매출액,영업이익,제 37 기,제 36 기
00153755,태양금속공업,004100,2023,연결재무제표,617171604795.0,569502769038.0,22162989453.0,15873939497.0,수익(매출액),영업이익(손실),제 59 기,제 58 기
00153755,태양금속공업,004100,2024,연결재무제표,620020921700.0,617171604795.0,16053014687.0,22162989453.0,수익(매출액),영업이익(손실),제 60 기,제 59 기
00153755,태양금속공업,004100,2025,연결재무제표,620169328505.0,620020921700.0,22418799630.0,16053014687.0,영업수익,영업이익(손실),제 61 기,제 60 기
00153861,태영건설,009410,2023,연결재무제표,3352921775830.0,2605096732189.0,-404531815195.0,106287199762.0,매출액,영업이익(손실),제 51 기,제 50 기
00153861,태영건설,009410,2024,연결재무제표,2686174110954.0,3352921775830.0,20642182140.0,-404531815195.0,매출액,영업이익(손실),제 52 기,제 51 기
00153861,태영건설,009410,2025,연결재무제표,2174483568714.0,2686174110954.0,52789167779.0,20642182140.0,매출액,영업이익(손실),제 53 기,제 52 기
00186799,태웅,044490,2023,별도재무제표,443760096450.0,393866356422.0,39527227608.0,2928441656.0,매출액,영업이익(손실),제 37 기,제 36 기
00186799,태웅,044490,2024,별도재무제표,386324125935.0,443760096450.0,22816156423.0,39527227608.0,매출액,영업이익(손실),제 38 기,제 37 기
00186799,태웅,044490,2025,별도재무제표,349653597289.0,386324125935.0,5022271541.0,22816156423.0,매출액,영업이익(손실),제 39 기,제 38 기
00562245,태웅로직스,124560,2023,연결재무제표,770338854461.0,1328207332062.0,36036019361.0,116585477290.0,매출액,영업이익(손실),제 28 기,제 27 기
00562245,태웅로직스,124560,2024,연결재무제표,1043843729660.0,770338854461.0,40823079725.0,36036019361.0,매출액,영업이익(손실),제 29 기,제 28 기
00562245,태웅로직스,124560,2025,연결재무제표,1117280899434.0,1043843729660.0,2249987075.0,40823079725.0,수익(매출액),영업이익(손실),제 30 기,제 29 기
00154055,태원물산,001420,2023,별도재무제표,9212314418.0,10954651040.0,-810959814.0,-525103179.0,매출액,영업이익(손실),제 61 기,제 60 기
00154055,태원물산,001420,2024,별도재무제표,11570639556.0,9212314418.0,-894285012.0,-810959814.0,매출액,영업이익(손실),제 62 기,제 61 기
00154055,태원물산,001420,2025,별도재무제표,14864855000.0,11570639556.0,-978465756.0,-894285012.0,매출액,영업이익(손실),제 63 기,제 62 기
00926522,테고사이언스,191420,2023,연결재무제표,7772408575.0,7678386222.0,-1187951702.0,209630597.0,매출액,영업이익,제 23 기,제 22 기
00926522,테고사이언스,191420,2024,연결재무제표,6759059331.0,7772408575.0,-2230301029.0,-1187951702.0,매출액,영업이익,제 24 기,제 23 기
00926522,테고사이언스,191420,2025,연결재무제표,5940717263.0,6759059331.0,-4424453340.0,-2230301029.0,매출액,영업이익,제 25 기,제 24 기
00373021,테라사이언스,073640,2023,연결재무제표,23076476627.0,22809072889.0,-3467292394.0,-918874962.0,매출액,영업이익(손실),제 31 기,제 30 기
00373021,테라사이언스,073640,2024,연결재무제표,17272994116.0,23076476627.0,-9475216577.0,-3467292394.0,매출액,영업이익(손실),제 32 기,제 31 기
00373021,테라사이언스,073640,2025,연결재무제표,14134317596.0,17272994116.0,-10140123497.0,-9361160215.0,매출액,영업이익(손실),제 33 기,제 32 기
00249894,테라젠이텍스,066700,2023,연결재무제표,221724623723.0,190769019281.0,11559997329.0,11823920885.0,수익(매출액),영업이익(손실),제 34 기,제 33 기
00249894,테라젠이텍스,066700,2024,연결재무제표,249625346187.0,216470152266.0,12499643437.0,11183987586.0,수익(매출액),영업이익(손실),제 35 기,제 34 기
00249894,테라젠이텍스,066700,2025,연결재무제표,271589661726.0,249625346187.0,10213036661.0,12499643437.0,수익(매출액),영업이익(손실),제 36 기,제 35 기
00524421,테스,095610,2023,연결재무제표,146938072263.0,357991682573.0,-5861866998.0,55898658621.0,매출액,영업이익(손실),제 22 기,제 21 기
00524421,테스,095610,2024,연결재무제표,240077826420.0,146938072263.0,38473734786.0,-5861866998.0,매출액,영업이익(손실),제 23 기,제 22 기
00524421,테스,095610,2025,연결재무제표,351115732341.0,240077826420.0,57838170556.0,38473734786.0,매출액,영업이익(손실),제 24 기,제 23 기
00256955,테이팩스,055490,2023,연결재무제표,145840123985.0,182261020089.0,6620536446.0,25451378469.0,매출액,영업이익,제 30 기,제 29 기
00256955,테이팩스,055490,2024,연결재무제표,135954866237.0,145840123985.0,1428414924.0,6620536446.0,매출액,영업이익,제 31 기,제 30 기
00256955,테이팩스,055490,2025,연결재무제표,141138746609.0,135954866237.0,2508409995.0,1428414924.0,매출액,영업이익,제 32 기,제 31 기
00370255,테크엘,064520,2023,별도재무제표,21928276515.0,19133735872.0,-4543780279.0,-4553351128.0,수익(매출액),영업이익(손실),제 26 기,제 25 기
00370255,테크엘,064520,2024,연결재무제표,25301712621.0,21928276515.0,-375456095.0,-4543780279.0,수익(매출액),영업이익(손실),제 27 기,제 26 기
00370255,테크엘,064520,2025,연결재무제표,18149684065.0,25301712621.0,-5603781420.0,-375456095.0,수익(매출액),영업이익(손실),제 28 기,제 27 기
00535676,테크윙,089030,2023,연결재무제표,133604260260.0,267491091324.0,3160487054.0,57672910686.0,수익(매출액),영업이익(손실),제 22 기,제 21 기
00535676,테크윙,089030,2024,연결재무제표,185507171034.0,133604260260.0,23411077264.0,3160487054.0,수익(매출액),영업이익(손실),제 23 기,제 22 기
00535676,테크윙,089030,2025,연결재무제표,159128398402.0,185507171034.0,15837572847.0,23411077264.0,매출액,영업이익(손실),제 24 기,제 23 기
00304401,텔라움,047730,2023,연결재무제표,14762554877.0,8040123088.0,197457479.0,-3064231769.0,매출액,영업이익(손실),제 31 기,제 30 기
00304401,텔라움,047730,2024,연결재무제표,5073963566.0,14762554877.0,70755900.0,197457479.0,매출액,영업이익(손실),제 32 기,제 31 기
00304401,텔라움,047730,2025,연결재무제표,2890624464.0,5073963566.0,-812024580.0,70755900.0,매출액,영업이익(손실),제 33 기,제 32 기
00423177,텔레칩스,054450,2023,연결재무제표,191094718185.0,150404311782.0,16777001456.0,9180253639.0,수익(매출액),영업이익(손실),제 25 기,제 24 기
00423177,텔레칩스,054450,2024,연결재무제표,186615513099.0,191094718185.0,4874251656.0,16777001456.0,수익(매출액),영업이익(손실),제 26 기,제 25 기
00423177,텔레칩스,054450,2025,연결재무제표,192802105423.0,186615513099.0,-6189468061.0,4874251656.0,매출,영업이익,제 27 기,제 26 기
00361488,텔코웨어,078000,2023,연결재무제표,40637609678.0,42568934878.0,3042871954.0,2855339110.0,매출액,영업이익,제 24 기,제 23 기
00361488,텔코웨어,078000,2024,연결재무제표,44852925328.0,40637609678.0,3375021568.0,3042871954.0,매출액,영업이익,제 25 기,제 24 기
00361488,텔코웨어,078000,2025,연결재무제표,38351279931.0,44852925328.0,3285832222.0,3375021568.0,매출액,영업이익,제 26 기,제 25 기
00608802,텔콘RF제약,200230,2023,연결재무제표,36307203781.0,27829999169.0,965315608.0,-4062993478.0,수익(매출액),영업이익(손실),제 25 기,제 24 기
00608802,텔콘RF제약,200230,2024,연결재무제표,37865282088.0,36307203781.0,-70548303.0,965315608.0,수익(매출액),영업이익(손실),제 26 기,제 25 기
00608802,텔콘RF제약,200230,2025,연결재무제표,43161795161.0,37865282088.0,718589452.0,-70548303.0,수익(매출액),영업이익(손실),제 27 기,제 26 기
00816544,토니모리,214420,2023,연결재무제표,151091527920.0,126745016191.0,9616935808.0,-7258250448.0,수익(매출액),영업이익(손실),제 18 기,제 17 기
00816544,토니모리,214420,2024,연결재무제표,176995852869.0,151091527920.0,12102080331.0,9616935808.0,수익(매출액),영업이익(손실),제 19 기,제 18 기
00816544,토니모리,214420,2025,연결재무제표,220273588910.0,176995852869.0,14364820223.0,12102080331.0,수익(매출액),영업이익(손실),제 20 기,제 19 기
01436479,토마토시스템,393210,2023,별도재무제표,26572393885.0,27089927107.0,2824665460.0,7457456006.0,매출액,영업이익(손실),제 24 기,제 23 기
01436479,토마토시스템,393210,2024,연결재무제표,21621873977.0,26572393885.0,-3405522868.0,2824665460.0,매출액,영업이익(손실),제 25 기,제 24 기
01436479,토마토시스템,393210,2025,연결재무제표,27263988093.0,21621873977.0,-2372933027.0,-3405522868.0,매출액,영업이익(손실),제 26 기,제 25 기
01573336,토모큐브,475960,2024,연결재무제표,5938649975.0,3747265433.0,-8779777619.0,-6733121851.0,매출액,영업이익(손실),제 10 기,제 9 기
01573336,토모큐브,475960,2025,연결재무제표,11306726320.0,5938649975.0,-5568879088.0,-8779777619.0,매출액,영업이익(손실),제 11 기,제 10 기
01064069,토박스코리아,215480,2023,연결재무제표,48648552369.0,51232869329.0,2947160145.0,4987863185.0,매출,영업이익(손실),제 9 기,제 8 기
01064069,토박스코리아,215480,2024,연결재무제표,44675878367.0,48648552369.0,1170962524.0,2947160145.0,매출,영업이익(손실),제 10 기,제 9 기
01064069,토박스코리아,215480,2025,연결재무제표,39699702190.0,44150832796.0,4064386.0,1724020680.0,매출,영업이익(손실),제 11 기,제 10 기
00390365,토비스,051360,2023,연결재무제표,447392253958.0,328219116598.0,25655751176.0,7039753536.0,매출액,영업이익,제 26 기,제 25 기
00390365,토비스,051360,2024,연결재무제표,623780683541.0,447392253958.0,58371879127.0,25655751176.0,매출액,영업이익,제 27 기,제 26 기
00390365,토비스,051360,2025,연결재무제표,640328783001.0,623780683541.0,57190661866.0,58371879127.0,매출액,영업이익,제 28 기,제 27 기
00355089,토탈소프트,045340,2023,별도재무제표,16054188977.0,13877625991.0,3606002868.0,2583997718.0,수익(매출액),영업이익(손실),제 35 기,제 34 기
00355089,토탈소프트,045340,2024,별도재무제표,20710124860.0,16054188977.0,5168962830.0,3606002868.0,수익(매출액),영업이익(손실),제 36 기,제 35 기
00355089,토탈소프트,045340,2025,별도재무제표,27495025159.0,20710124860.0,9358080745.0,5168962830.0,수익(매출액),영업이익(손실),제 37 기,제 36 기
00531917,톱텍,108230,2023,연결재무제표,601655992697.0,344978629562.0,68950679380.0,20844214093.0,매출액,영업이익(손실),제 28 기,제 27 기
00531917,톱텍,108230,2024,연결재무제표,473628901826.0,601655992697.0,12489283795.0,68950679380.0,수익(매출액),영업이익,제 29 기,제 28 기
00531917,톱텍,108230,2025,연결재무제표,171001529881.0,473628901826.0,-3144513149.0,12489283795.0,수익(매출액),영업이익,제 30 기,제 29 기
00596260,투비소프트,079970,2023,연결재무제표,43016191966.0,43214170891.0,-3482953259.0,-3788338061.0,수익(매출액),영업이익(손실),제 24 기,제 23 기
00596260,투비소프트,079970,2024,연결재무제표,28125456516.0,32064488813.0,-1978719555.0,-238383432.0,수익(매출액),영업이익(손실),제 25 기,제 24 기
00596260,투비소프트,079970,2025,연결재무제표,26761382722.0,28125456516.0,743202292.0,-1978719555.0,수익(매출액),영업이익(손실),제 26 기,제 25 기
00547510,툴젠,199800,2023,연결재무제표,1103409421.0,743463618.0,-17087547698.0,-19385619824.0,매출액,영업이익(손실),제 25 기,제 24 기
00547510,툴젠,199800,2024,연결재무제표,890961033.0,1103409421.0,-21798459510.0,-17087547698.0,매출액,영업이익(손실),제 26 기,제 25 기
00547510,툴젠,199800,2025,연결재무제표,1306445108.0,890961033.0,-23294295129.0,-21798459510.0,매출액,영업이익(손실),제 27 기,제 26 기
00299358,트레스,102210,2023,별도재무제표,37354126921.0,32267949966.0,2747348589.0,2333634933.0,매출액,영업이익(손실),제 32 기,제 31 기
00299358,트레스,102210,2024,연결재무제표,42038842777.0,37354126921.0,3932363611.0,2747348589.0,매출액,영업이익(손실),제 33 기,제 32 기
00299358,트레스,102210,2025,연결재무제표,46196148875.0,42038842777.0,8137405462.0,3932363611.0,매출액,영업이익(손실),제 34 기,제 33 기
01134216,트루엔,417790,2023,별도재무제표,47174831935.0,38831800711.0,11387643245.0,9009323935.0,매출액,영업이익(손실),제 19 기,제 18 기
01134216,트루엔,417790,2024,별도재무제표,53601363798.0,47174831935.0,15456790394.0,11387643245.0,매출액,영업이익(손실),제 20 기,제 19 기
01134216,트루엔,417790,2025,별도재무제표,49113803516.0,53601363798.0,13254533775.0,15456790394.0,매출액,영업이익(손실),제 21 기,제 20 기
00671376,트리니티항공,091810,2023,연결재무제표,1348759428136.0,525821186068.0,139411816543.0,-103929570861.0,매출액,영업이익(손실),제 21 기,제 20 기
00671376,트리니티항공,091810,2024,연결재무제표,1536779555361.0,1348759428136.0,-12271128596.0,139411816543.0,매출액,영업이익(손실),제 22 기,제 21 기
00671376,트리니티항공,091810,2025,연결재무제표,1798180813715.0,1536779555361.0,-265467968425.0,-12271128596.0,매출액,영업이익(손실),제 23 기,제 22 기
01217014,트윔,290090,2023,연결재무제표,34492364516.0,19561616492.0,2009168277.0,-6462409302.0,수익(매출액),영업이익(손실),제 14 기,제 13 기
01217014,트윔,290090,2024,연결재무제표,29281443941.0,34492364516.0,601607786.0,2009168277.0,매출액,영업이익(손실),제 15 기,제 14 기
01217014,트윔,290090,2025,연결재무제표,21040468279.0,29281443941.0,-4083362675.0,601607786.0,매출액,영업이익(손실),제 16 기,제 15 기
00186939,특수건설,026150,2023,연결재무제표,232863674296.0,202958033834.0,2490709395.0,2684562756.0,매출액,영업이익(손실),제 53 기,제 52 기
00186939,특수건설,026150,2024,연결재무제표,212529706481.0,232863674296.0,8752187155.0,2490709395.0,매출액,영업이익(손실),제 54 기,제 53 기
00186939,특수건설,026150,2025,연결재무제표,149021253222.0,212529706481.0,-31645095019.0,8752187155.0,매출액,영업이익(손실),제 55 기,제 54 기
01232192,티디에스팜,464280,2024,별도재무제표,27518775933.0,30049355329.0,3729663529.0,5016415167.0,매출액,영업이익,제 23 기,제 22 기
01232192,티디에스팜,464280,2025,별도재무제표,27620873511.0,27518775933.0,3765191759.0,3729663529.0,매출액,영업이익,제 24 기,제 23 기
00867098,티로보틱스,117730,2023,연결재무제표,66716568313.0,56729389196.0,-8210044979.0,-2339634861.0,매출액,영업이익(손실),제 20 기,제 19 기
00867098,티로보틱스,117730,2024,연결재무제표,60705396702.0,66716568313.0,-7001978684.0,-8210044979.0,매출액,영업이익(손실),제 21 기,제 20 기
00867098,티로보틱스,117730,2025,연결재무제표,43812661900.0,60705396702.0,-11908451001.0,-7001978684.0,매출액,영업이익(손실),제 22 기,제 21 기
00204642,티비씨,033830,2023,연결재무제표,43505868968.0,42483287221.0,4137402175.0,4052343613.0,수익(매출액),영업이익(손실),제 30 기,제 29 기
00204642,티비씨,033830,2024,연결재무제표,40284018896.0,43505868968.0,1456314716.0,4137402175.0,매출액,영업이익(손실),제 31 기,제 30 기
00204642,티비씨,033830,2025,연결재무제표,42691388395.0,40284018896.0,1484573947.0,1456314716.0,매출액,영업이익(손실),제 32 기,제 31 기
00409672,티비에이치글로벌,084870,2023,연결재무제표,197103368035.0,203091521251.0,7860055406.0,1957768075.0,매출액,영업이익(손실),제 24 기,제 23 기
00409672,티비에이치글로벌,084870,2024,연결재무제표,178464510529.0,197103368035.0,3360351544.0,7860055406.0,매출액,영업이익(손실),제 25 기,제 24 기
00409672,티비에이치글로벌,084870,2025,연결재무제표,182419159355.0,178464510529.0,3149919999.0,3360351544.0,매출액,영업이익(손실),제 26 기,제 25 기
00372688,티사이언티픽,057680,2023,연결재무제표,26769235396.0,8694332588.0,-5616484986.0,-2488445475.0,매출액,영업이익(손실),제 26 기,제 25 기
00372688,티사이언티픽,057680,2024,연결재무제표,43016852499.0,26769235396.0,-9845172719.0,-5616484986.0,매출액,영업이익(손실),제 27 기,제 26 기
00372688,티사이언티픽,057680,2025,연결재무제표,36366454993.0,43016852499.0,264326560.0,-9845172719.0,매출액,영업이익(손실),제 28 기,제 27 기
00609661,티쓰리,204610,2023,연결재무제표,50964064605.0,76179110170.0,7559876291.0,12821662565.0,영업수익,영업이익,제 24 기,제 23 기
00609661,티쓰리,204610,2024,연결재무제표,59318163123.0,50964064605.0,10523307297.0,7559876291.0,영업수익,영업이익,제 25 기,제 24 기
00609661,티쓰리,204610,2025,연결재무제표,69512001616.0,59318163123.0,17013526336.0,10523307297.0,영업수익,영업이익,제 26 기,제 25 기
00381756,티씨머티리얼즈,125020,2025,별도재무제표,299118621385.0,303895189566.0,6798992249.0,10926716361.0,수익(매출액),영업이익(손실),제 31 기,제 30 기
00245472,티씨케이,064760,2023,별도재무제표,226652881531.0,319562836196.0,66702958305.0,127026641350.0,Ⅰ. 매출액,Ⅳ. 영업이익,제 29 기,제 28 기
00245472,티씨케이,064760,2024,별도재무제표,275724843444.0,226652881531.0,80747924196.0,66702958305.0,Ⅰ. 매출액,Ⅳ. 영업이익,제 30 기,제 29 기
00245472,티씨케이,064760,2025,별도재무제표,301334302844.0,275724843444.0,83887319363.0,80747924196.0,매출액,영업이익,제 31 기,제 30 기
01109937,티앤알바이오팹,246710,2023,별도재무제표,5199194463.0,5754646263.0,-12723799161.0,-12897641203.0,수익(매출액),영업이익(손실),제 11 기,제 10 기
01109937,티앤알바이오팹,246710,2024,연결재무제표,4873728487.0,5199194463.0,-13298894071.0,-12723799161.0,수익(매출액),영업이익(손실),제 12 기,제 11 기
01109937,티앤알바이오팹,246710,2025,연결재무제표,26967256198.0,4873728487.0,-9050786277.0,-13298894071.0,수익(매출액),영업이익(손실),제 13 기,제 12 기
00608440,티앤엘,340570,2023,연결재무제표,115461318940.0,81577391444.0,30839185026.0,24308838055.0,매출액,영업이익(손실),제 26 기,제 25 기
00608440,티앤엘,340570,2024,연결재무제표,174891676241.0,115461318940.0,56957338526.0,30839185026.0,매출액,영업이익(손실),제 27 기,제 26 기
00608440,티앤엘,340570,2025,연결재무제표,164157781834.0,174891676241.0,46350773186.0,56957338526.0,매출액,영업이익(손실),제 28 기,제 27 기
00317487,티에스넥스젠,043220,2023,연결재무제표,26545557983.0,25502545498.0,-1724481556.0,-2616799816.0,수익(매출액),영업이익(손실),제 29 기,제 28 기
00317487,티에스넥스젠,043220,2024,연결재무제표,21491287448.0,26545557983.0,-5727391725.0,-1724481556.0,수익(매출액),영업이익(손실),제 30 기,제 29 기
00317487,티에스넥스젠,043220,2025,연결재무제표,14537599112.0,21491287448.0,-5872413576.0,-5727391725.0,수익(매출액),영업이익(손실),제 31 기,제 30 기
01139035,티에스아이,277880,2023,연결재무제표,261126660091.0,148783063129.0,1992444395.0,4927723769.0,매출,영업이익(손실),제 13 기,제 12 기
01139035,티에스아이,277880,2024,연결재무제표,271986540655.0,261126660091.0,15629831816.0,1992444395.0,매출,영업이익(손실),제 14 기,제 13 기
01139035,티에스아이,277880,2025,연결재무제표,264652706977.0,271986540655.0,8245032951.0,15629831816.0,수익(매출액),영업이익(손실),제 15 기,제 14 기
00372226,티에스이,131290,2023,연결재무제표,249147689845.0,339264169508.0,-2380122294.0,56626172882.0,매출액,영업이익(손실),제 29 기,제 28 기
00372226,티에스이,131290,2024,연결재무제표,348053207965.0,249147689845.0,39898852512.0,-2380122294.0,매출액,영업이익(손실),제 30 기,제 29 기
00372226,티에스이,131290,2025,연결재무제표,428900789083.0,348053207965.0,49172057097.0,39898852512.0,매출액,영업이익,제 31 기,제 30 기
00118965,티에이치엔,019180,2023,연결재무제표,586298306002.0,469666790784.0,43062857026.0,1128592573.0,매출액,영업이익(손실),제 38 기,제 37 기
00118965,티에이치엔,019180,2024,연결재무제표,651078994161.0,586298306002.0,30963784763.0,43062857026.0,매출액,영업이익(손실),제 39 기,제 38 기
00118965,티에이치엔,019180,2025,연결재무제표,989133894654.0,651078994161.0,70059562137.0,30963784763.0,매출액,영업이익(손실),제 40 기,제 39 기
01035368,티에프이,425420,2023,연결재무제표,80325243852.0,63746725969.0,9223518541.0,6513363749.0,매출액,영업이익(손실),제 21 기,제 20 기
01035368,티에프이,425420,2024,연결재무제표,73626688796.0,80325243852.0,4390721235.0,9223518541.0,매출액,영업이익(손실),제 22 기,제 21 기
01035368,티에프이,425420,2025,연결재무제표,111742413458.0,73626688796.0,19055611474.0,4390721235.0,매출액,영업이익(손실),제 23 기,제 22 기
01458161,티엑스알로보틱스,484810,2025,별도재무제표,56632898384.0,57227363835.0,-771918665.0,5268076346.0,매출,영업이익(손실),제 9 기,제 8 기
00814786,티엔엔터테인먼트,131100,2023,별도재무제표,150268840513.0,71907402901.0,13524360041.0,3250496402.0,매출,영업이익(손실),제 18 기,제 17 기
00814786,티엔엔터테인먼트,131100,2024,별도재무제표,142931436282.0,150268840513.0,9698217890.0,13524360041.0,매출,영업이익(손실),제 19 기,제 18 기
00814786,티엔엔터테인먼트,131100,2025,별도재무제표,118299495759.0,142931436282.0,3350618177.0,9698217890.0,매출,영업이익(손실),제 20 기,제 19 기
00920379,티엘비,356860,2023,연결재무제표,171306693402.0,221548161366.0,3044962734.0,38464449640.0,매출액,영업이익(손실),제 13 기,제 12 기
00920379,티엘비,356860,2024,연결재무제표,180001314818.0,171306693402.0,3357967990.0,3044962734.0,매출액,영업이익(손실),제 14 기,제 13 기
00920379,티엘비,356860,2025,연결재무제표,258497722389.0,180001314818.0,25962618716.0,3357967990.0,매출액,영업이익(손실),제 15 기,제 14 기
00261887,티엘아이,062860,2023,별도재무제표,15184773831.0,21012864687.0,-10107413904.0,-6587482046.0,수익(매출액),영업이익(손실),제 26 기,제 25 기
00261887,티엘아이,062860,2024,연결재무제표,7927566693.0,15184773831.0,-12336101276.0,-10107413904.0,수익(매출액),영업이익(손실),제 27 기,제 26 기
00261887,티엘아이,062860,2025,연결재무제표,6381354078.0,7927566693.0,-19913016408.0,-12336101276.0,수익(매출액),영업이익(손실),제 28 기,제 27 기
00949161,티엠씨,217590,2025,연결재무제표,340884970260.0,362513662525.0,6428935433.0,14272984866.0,매출액,영업이익,제 14 기,제 13 기
01497869,티와이홀딩스,363280,2023,연결재무제표,325391952440.0,332624105584.0,-354083133260.0,16760555335.0,매출(영업수익),영업이익(손실),제 4 기,제 3 기
01497869,티와이홀딩스,363280,2024,연결재무제표,79373438538.0,81363983772.0,-80909104822.0,-343756121377.0,합계,영업이익(손실),제 5 기,제 4 기
01497869,티와이홀딩스,363280,2025,연결재무제표,79226563940.0,79373438538.0,-34563786772.0,-80909104822.0,매출액,영업이익(손실),제 6 기,제 5 기
01335930,티움바이오,321550,2023,연결재무제표,4898775191.0,9117569810.0,-27832080130.0,-25640393911.0,영업수익,영업이익(손실),제 8 기,제 7 기
01335930,티움바이오,321550,2024,연결재무제표,6792235001.0,4898775191.0,-18699185300.0,-27832080130.0,영업수익,영업이익(손실),제 9 기,제 8 기
01335930,티움바이오,321550,2025,연결재무제표,12288796652.0,6792235001.0,-16146558840.0,-18699185300.0,매출액,영업이익(손실),제 10 기,제 9 기
00109514,티웨이홀딩스,004870,2023,별도재무제표,7774124999.0,11470361300.0,-3006329578.0,-1863121812.0,매출액,영업이익(손실),제 57 기,제 56 기
00109514,티웨이홀딩스,004870,2024,별도재무제표,5242842500.0,7774124999.0,-5220000555.0,-3006329578.0,매출액,영업이익(손실),제 58 기,제 57 기
00109514,티웨이홀딩스,004870,2025,별도재무제표,5034977500.0,5242842500.0,-3606002497.0,-5220000555.0,매출액,영업이익(손실),제 59 기,제 58 기
01301252,티이엠씨,425040,2023,연결재무제표,200782972392.0,351740130840.0,21119641858.0,53265371079.0,수익(매출액),영업이익(손실),제 9 기,제 8 기
01301252,티이엠씨,425040,2024,연결재무제표,310234690169.0,200782972392.0,19701451369.0,21119641858.0,수익(매출액),영업이익(손실),제 10 기,제 9 기
01301252,티이엠씨,425040,2025,연결재무제표,279708410111.0,310234690169.0,24837637287.0,19701451369.0,수익(매출액),영업이익(손실),제 11 기,제 10 기
01113754,티이엠씨씨엔에스,241790,2023,연결재무제표,140336756639.0,164969267191.0,13324269282.0,22791281609.0,수익(매출액),영업이익(손실),제 12 기,제 11 기
01113754,티이엠씨씨엔에스,241790,2024,연결재무제표,193531706663.0,140336756639.0,5924767490.0,13324269282.0,수익(매출액),영업이익(손실),제 13 기,제 12 기
01113754,티이엠씨씨엔에스,241790,2025,연결재무제표,168040555596.0,193531706663.0,8997572785.0,5924767490.0,수익(매출액),영업이익(손실),제 14 기,제 13 기
00140061,티케이지애강,022220,2023,별도재무제표,78148269266.0,76051374316.0,4439727684.0,4532290386.0,수익(매출액),영업이익(손실),제 34 기,제 33 기
00140061,티케이지애강,022220,2024,별도재무제표,58405107795.0,78148269266.0,-3687486414.0,4439727684.0,수익(매출액),영업이익(손실),제 35 기,제 34 기
00140061,티케이지애강,022220,2025,연결재무제표,64731135694.0,58405107795.0,-10835464075.0,-3687486414.0,수익(매출액),영업이익(손실),제 36 기,제 35 기
00426086,티케이지휴켐스,069260,2023,연결재무제표,1052689288463.0,1235837871097.0,121230241143.0,117135007140.0,수익(매출액),영업이익(손실),제 22 기,제 21 기
00426086,티케이지휴켐스,069260,2024,연결재무제표,1188238697698.0,1052689288463.0,80802440875.0,121230241143.0,매출액,영업이익,제 23 기,제 22 기
00426086,티케이지휴켐스,069260,2025,연결재무제표,1127691137096.0,1188238697698.0,65614572005.0,80802440875.0,매출액,영업이익,제 24 기,제 23 기
00693554,티케이케미칼,104480,2023,별도재무제표,416317359659.0,620982174347.0,-32001572627.0,22933282699.0,매출액,영업이익(손실),제 17 기,제 16 기
00693554,티케이케미칼,104480,2024,별도재무제표,339574686712.0,379151731204.0,-1585026335.0,-4297257985.0,매출액,영업손실,제 18 기,제 17 기
00693554,티케이케미칼,104480,2025,별도재무제표,345756223802.0,339574686712.0,2403179067.0,-1585026335.0,매출액,영업이익(손실),제 19 기,제 18 기
00497631,티플랙스,081150,2023,별도재무제표,251061348197.0,257740285760.0,-1532496395.0,21294823441.0,매출액,영업이익(손실),제 32 기,제 31 기
00497631,티플랙스,081150,2024,별도재무제표,207497762012.0,251061348197.0,4794518806.0,-1532496395.0,매출액,영업이익(손실),제 33 기,제 32 기
00497631,티플랙스,081150,2025,별도재무제표,209235195605.0,207497762012.0,5237447536.0,4794518806.0,수익(매출액),영업이익(손실),제 34 기,제 33 기
00578538,티피씨글로벌,130740,2023,연결재무제표,79495864095.0,81344275889.0,-2818722194.0,-1608652657.0,매출액,영업이익,제 25 기,제 24 기
00578538,티피씨글로벌,130740,2024,연결재무제표,80422348875.0,79495864095.0,-901735070.0,-2818722194.0,매출액,영업이익,제 26 기,제 25 기
00578538,티피씨글로벌,130740,2025,연결재무제표,79404293659.0,80422348875.0,-3261498580.0,-901735070.0,매출액,영업이익,제 27 기,제 26 기
00438036,팅크웨어,084730,2023,연결재무제표,420618988206.0,336709080088.0,35436036530.0,4462159936.0,매출액,영업이익,제 27 기,제 26 기
00438036,팅크웨어,084730,2024,연결재무제표,489135004656.0,420618988206.0,26035361129.0,35436036530.0,매출액,영업이익,제 28 기,제 27 기
00438036,팅크웨어,084730,2025,연결재무제표,536585727369.0,489824351259.0,15891936463.0,26634442904.0,매출액,영업이익,제 29 기,제 28 기
01292291,파두,440110,2023,연결재무제표,22470905715.0,56401518172.0,-58569439226.0,1507325359.0,매출액,영업이익(손실),제 9 기,제 8 기
01292291,파두,440110,2024,연결재무제표,43502744974.0,22470905715.0,-95048300908.0,-58569439226.0,매출액,영업이익(손실),제 10 기,제 9 기
01292291,파두,440110,2025,연결재무제표,92419333233.0,43502744974.0,-65469985712.0,-95048300908.0,매출액,영업손실,제 11 기,제 10 기
00171265,파라다이스,034230,2023,연결재무제표,994199113643.0,587637410933.0,145770072264.0,10412544286.0,수익(매출액),영업이익(손실),제 53 기,제 52 기
00171265,파라다이스,034230,2024,연결재무제표,1072108965111.0,994199113643.0,136055145217.0,145770072264.0,수익(매출액),영업이익(손실),제 54 기,제 53 기
00171265,파라다이스,034230,2025,연결재무제표,1149867026461.0,1072108965111.0,155816230766.0,136055145217.0,수익(매출액),영업이익(손실),제 55 기,제 54 기
01130849,파라택시스이더리움,290560,2023,별도재무제표,10459352357.0,9722819189.0,1533812236.0,2127650146.0,매출액,영업이익,제 19 기,제 18 기
01130849,파라택시스이더리움,290560,2024,별도재무제표,11825525641.0,10459352357.0,2381138061.0,1533812236.0,매출액,영업이익,제 20 기,제 19 기
01130849,파라택시스이더리움,290560,2025,별도재무제표,13997153284.0,11825525641.0,3631464763.0,2381138061.0,매출액,영업이익(손실),제 21 기,제 20 기
01227039,파라택시스코리아,288330,2023,연결재무제표,100000000.0,3023741850.0,-40349292514.0,-43501316725.0,영업수익,영업손실,제 9 기,제 8 기
01227039,파라택시스코리아,288330,2024,연결재무제표,2178072.0,100000000.0,-19008362312.0,-40349292514.0,영업수익,영업손실,제 10 기,제 9 기
01227039,파라택시스코리아,288330,2025,연결재무제표,9000000.0,2178072.0,-15153803090.0,-19008362312.0,영업수익,영업손실,제 11 기,제 10 기
00105138,파라텍,033540,2023,연결재무제표,218410558493.0,214050649673.0,-16022379951.0,-1805755451.0,I. 매출액,IV. 영업이익,제 51 기,제 50 기
00105138,파라텍,033540,2024,연결재무제표,278014723065.0,218410558493.0,3715297497.0,-16022379951.0,I. 매출액,IV. 영업이익,제 52 기,제 51 기
00105138,파라텍,033540,2025,연결재무제표,173929893426.0,278014723065.0,-13742254235.0,3715297497.0,I. 매출액,IV. 영업이익,제 53 기,제 52 기
01495180,파로스아이바이오,388870,2023,연결재무제표,0.0,300000000.0,-10116681013.0,-10619484027.0,매출액,영업이익(손실),제 8 기,제 7 기
00266934,파루,043200,2023,연결재무제표,42204969570.0,40544635509.0,-1915962080.0,-2332815790.0,매출액,영업이익(손실),제 29 기,제 28 기
00266934,파루,043200,2024,연결재무제표,40090145127.0,42204969570.0,211969711.0,-1915962080.0,매출액,영업이익(손실),제 30 기,제 29 기
00266934,파루,043200,2025,연결재무제표,28785165562.0,40090145127.0,-2733635782.0,211969711.0,매출액,영업이익(손실),제 31 기,제 30 기
00970453,파마리서치,214450,2023,연결재무제표,261010910564.0,194758643934.0,92257786628.0,65916151831.0,매출액,영업이익,제 23 기,제 22 기
00970453,파마리서치,214450,2024,연결재무제표,350115068641.0,261010910564.0,126050757121.0,92257786628.0,매출액,영업이익,제 24 기,제 23 기
00970453,파마리서치,214450,2025,연결재무제표,536289118812.0,350115068641.0,214395758571.0,126050757121.0,매출액,영업이익(손실),제 25 기,제 24 기
01066058,파마리서치바이오,217950,2023,별도재무제표,20030640892.0,12505984894.0,6223275752.0,2508572035.0,수익(매출액),영업이익(손실),제 15 기,제 14 기
01066058,파마리서치바이오,217950,2024,별도재무제표,26092160463.0,20030640892.0,8668224678.0,6223275752.0,수익(매출액),영업이익(손실),제 16 기,제 15 기
01066058,파마리서치바이오,217950,2025,별도재무제표,31087043000.0,26092160463.0,13732725509.0,8668224678.0,수익(매출액),영업이익(손실),제 17 기,제 16 기
00972293,파멥신,208340,2023,연결재무제표,74963636.0,206598182.0,-12101788427.0,-23290093323.0,영업수익,영업이익(손실),제 16 기,제 15 기
00972293,파멥신,208340,2024,연결재무제표,3885545309.0,74963636.0,-7713071487.0,-12101788427.0,매출액,영업이익(손실),제 17 기,제 16 기
00972293,파멥신,208340,2025,연결재무제표,9211305859.0,3885545309.0,-10022611932.0,-7713071487.0,매출액,영업이익(손실),제 18 기,제 17 기
00145163,파미셀,005690,2023,별도재무제표,56227378925.0,60181806979.0,1295996455.0,8873366509.0,수익(매출액),영업이익(손실),제 56 기,제 55 기
00145163,파미셀,005690,2024,별도재무제표,64851303832.0,56227378925.0,4655636703.0,1295996455.0,수익(매출액),영업이익(손실),제 57 기,제 56 기
00145163,파미셀,005690,2025,별도재무제표,114061538479.0,64851303832.0,34304034471.0,4655636703.0,수익(매출액),영업이익(손실),제 58 기,제 57 기
00429694,파버나인,177830,2023,연결재무제표,120684709193.0,118037938315.0,1691733621.0,10341723515.0,매출,영업이익(손실),제 27 기,제 26 기
00429694,파버나인,177830,2024,연결재무제표,132825071817.0,120684709193.0,8125864374.0,1691733621.0,매출,영업이익(손실),제 28 기,제 27 기
00429694,파버나인,177830,2025,연결재무제표,132540413436.0,132825071817.0,2569302163.0,8125864374.0,매출,영업이익(손실),제 29 기,제 28 기
00238153,파세코,037070,2023,별도재무제표,147540869348.0,200475253164.0,-1237803585.0,15791923119.0,수익(매출액),영업이익(손실),제 38 기,제 37 기
00238153,파세코,037070,2024,별도재무제표,157757027360.0,147540869348.0,-16805960197.0,-1237803585.0,수익(매출액),영업이익(손실),제 39 기,제 38 기
00238153,파세코,037070,2025,별도재무제표,167909772380.0,157757027360.0,3300899727.0,-16805960197.0,수익(매출액),영업이익(손실),제 40 기,제 39 기
00638487,파수AI,150900,2023,연결재무제표,42663565494.0,44123812663.0,3814974790.0,5196974333.0,수익(매출액),영업이익(손실),제 24 기,제 23 기
00638487,파수AI,150900,2024,연결재무제표,46103328375.0,42663565494.0,3900271332.0,3814974790.0,수익(매출액),영업이익(손실),제 25 기,제 24 기
00638487,파수AI,150900,2025,연결재무제표,46676052578.0,46103328375.0,2535965884.0,3900271332.0,수익(매출액),영업이익(손실),제 26 기,제 25 기
00231354,파워넷,037030,2023,연결재무제표,186158775836.0,211087434269.0,7145653724.0,5672049840.0,수익(매출액),영업이익(손실),제 31 기,제 30 기
00231354,파워넷,037030,2024,연결재무제표,322684545519.0,186158775836.0,13304929564.0,7145653724.0,수익(매출액),영업이익(손실),제 32 기,제 31 기
00231354,파워넷,037030,2025,연결재무제표,447036915403.0,322684545519.0,24607601581.0,13304929564.0,수익(매출액),영업이익(손실),제 33 기,제 32 기
00269612,파워로직스,047310,2023,연결재무제표,773181124037.0,743873288849.0,15579853751.0,-39144784838.0,수익(매출액),영업이익(손실),제 27 기,제 26 기
00269612,파워로직스,047310,2024,연결재무제표,733444024609.0,773181124037.0,2421533753.0,15579853751.0,수익(매출액),영업이익(손실),제 28 기,제 27 기
00269612,파워로직스,047310,2025,연결재무제표,686534652866.0,733444024609.0,-6367044445.0,2421533753.0,수익(매출액),영업이익(손실),제 29 기,제 28 기
01513440,파이버프로,368770,2023,연결재무제표,19386431576.0,18829443327.0,2616602601.0,3418167444.0,매출액,영업이익(손실),제 4 기,제 3 기
01513440,파이버프로,368770,2024,연결재무제표,32943669332.0,19386431576.0,7206689949.0,2616602601.0,매출액,영업이익(손실),제 5 기,제 4 기
01513440,파이버프로,368770,2025,연결재무제표,43472321309.0,32943669332.0,10117199890.0,7206689949.0,매출액,영업이익(손실),제 6 기,제 5 기
00492353,파이오링크,170790,2023,별도재무제표,59017753144.0,61637231707.0,9004175813.0,11405606181.0,수익(매출액),영업이익(손실),제 24 기,제 23 기
00492353,파이오링크,170790,2024,연결재무제표,58295777255.0,59017753144.0,2592014379.0,9004175813.0,수익(매출액),영업이익(손실),제 25 기,제 24 기
00492353,파이오링크,170790,2025,연결재무제표,65634922825.0,58295777255.0,5402528991.0,2592014379.0,수익(매출액),영업이익(손실),제 26 기,제 25 기
00781202,파이온엑스,900100,2023,연결재무제표,29439851.0,51095676.0,-7528141.0,972148.0,매출액,영업이익(손실),제 46 기,제 45 기
00781202,파이온엑스,900100,2024,연결재무제표,13936215.0,29439851.0,-8408594.0,-7528141.0,매출액,영업이익(손실),제 47 기,제 46 기
00781202,파이온엑스,900100,2025,연결재무제표,4458323.0,13936215.0,-5875791.0,-8408594.0,매출액,영업이익(손실),제 48 기,제 47 기
00350020,파인디앤씨,049120,2023,연결재무제표,43483821914.0,58295915837.0,-9622396864.0,-3970664059.0,수익(매출액),영업이익(손실),제 25 기,제 24 기
00350020,파인디앤씨,049120,2024,연결재무제표,65008896548.0,43483821914.0,-744531246.0,-9622396864.0,수익(매출액),영업이익(손실),제 26 기,제 25 기
00350020,파인디앤씨,049120,2025,연결재무제표,65794225834.0,65008896548.0,-4081726342.0,-744531246.0,수익(매출액),영업이익(손실),제 27 기,제 26 기
00264732,파인디지털,038950,2023,연결재무제표,87726787052.0,91100767728.0,-660156613.0,-3702893461.0,매출액,영업이익(손실),제 32 기,제 31 기
00264732,파인디지털,038950,2024,연결재무제표,70801421344.0,87726787052.0,-4578073462.0,-660156613.0,매출액,영업이익(손실),제 33 기,제 32 기
00264732,파인디지털,038950,2025,연결재무제표,62850108669.0,70801421344.0,-4583231436.0,-4578073462.0,매출액,영업이익(손실),제 34 기,제 33 기
01455410,파인메딕스,387570,2024,연결재무제표,9960360985.0,10154094544.0,-29192239.0,873577931.0,매출액,영업이익(손실),제 16 기,제 15 기
01455410,파인메딕스,387570,2025,연결재무제표,9522704304.0,9960360985.0,-2580325297.0,-29192239.0,매출액,영업이익(손실),제 17 기,제 16 기
01686755,파인엠텍,441270,2023,연결재무제표,380029515142.0,116372755248.0,20333866781.0,5442629061.0,수익(매출액),영업이익(손실),제 2 기,제 1 기
01686755,파인엠텍,441270,2024,연결재무제표,382168522104.0,380029515142.0,-7910230586.0,20333866781.0,수익(매출액),영업이익(손실),제 3 기,제 2 기
01686755,파인엠텍,441270,2025,연결재무제표,239121107842.0,382168522104.0,1934808208.0,-7910230586.0,매출,영업이익,제 4 기,제 3 기
00755739,파인테크닉스,106240,2023,연결재무제표,59576122521.0,51459059482.0,1247614307.0,724352897.0,수익(매출액),영업이익(손실),제 15 기,제 14 기
00755739,파인테크닉스,106240,2024,연결재무제표,57768466076.0,59576122521.0,-1735718579.0,1247614307.0,수익(매출액),영업이익(손실),제 16 기,제 15 기
00755739,파인테크닉스,106240,2025,연결재무제표,42876376647.0,57768466076.0,-6412864510.0,-1735718579.0,수익(매출액),영업이익(손실),제 17 기,제 16 기
00820352,파인텍,131760,2023,연결재무제표,44755330657.0,81411384326.0,-4227096017.0,6667476994.0,매출액,영업이익(손실),제 16 기,제 15 기
00820352,파인텍,131760,2024,연결재무제표,71020352798.0,44755330657.0,1869589872.0,-4227096017.0,매출액,영업이익(손실),제 17 기,제 16 기
00820352,파인텍,131760,2025,연결재무제표,46345235298.0,71020352798.0,-2931111879.0,1869589872.0,매출액,영업이익(손실),제 18 기,제 17 기
00384762,파커스,065690,2023,연결재무제표,63616324294.0,73121511677.0,-9535740999.0,-15191703582.0,수익(매출액),영업이익(손실),제 37 기,제 36 기
00384762,파커스,065690,2024,연결재무제표,63689337418.0,63616324294.0,-1428088437.0,-9535740999.0,수익(매출액),영업이익(손실),제 38 기,제 37 기
00384762,파커스,065690,2025,연결재무제표,53499990345.0,63689337418.0,-12735489947.0,-1428088437.0,수익(매출액),영업이익(손실),제 39 기,제 38 기
00244747,파크시스템스,140860,2023,연결재무제표,144806376321.0,124522011401.0,27560237095.0,32648280440.0,수익(매출액),영업이익(손실),제 27 기,제 26 기
00244747,파크시스템스,140860,2024,연결재무제표,175059849427.0,144806376321.0,38529871391.0,27560237095.0,수익(매출액),영업이익(손실),제 28 기,제 27 기
00244747,파크시스템스,140860,2025,연결재무제표,205613479882.0,175059849427.0,42191026195.0,38529871391.0,수익(매출액),영업이익(손실),제 29 기,제 28 기
00490151,파트론,091700,2023,연결재무제표,1172405320789.0,1221910786963.0,41681019126.0,56802242235.0,매출액,영업이익,제 21 기,제 20 기
00490151,파트론,091700,2024,연결재무제표,1486422074868.0,1172405320789.0,61707407735.0,41681019126.0,매출액,영업이익,제 22 기,제 21 기
00490151,파트론,091700,2025,연결재무제표,1349528006319.0,1486422074868.0,44747741189.0,61707407735.0,매출액,영업이익,제 23 기,제 22 기
00231691,판타지오,032800,2023,연결재무제표,38527506388.0,15259393021.0,-4913262869.0,1252832300.0,수익(매출액),영업이익(손실),제 33 기,제 32 기
00231691,판타지오,032800,2024,연결재무제표,72334500746.0,38527506388.0,-1540001928.0,-4913262869.0,수익(매출액),영업이익(손실),제 34 기,제 33 기
00231691,판타지오,032800,2025,연결재무제표,38192077332.0,72334500746.0,-8032024834.0,-1540001928.0,수익(매출액),영업이익(손실),제 35 기,제 34 기
00986898,팜스빌,318010,2023,연결재무제표,21394730375.0,26113221456.0,1632976195.0,4062759172.0,매출액,영업이익,제 24 기,제 23 기
00986898,팜스빌,318010,2024,연결재무제표,16724977154.0,21394730375.0,-258082234.0,1632976195.0,매출액,영업이익,제 25 기,제 24 기
00986898,팜스빌,318010,2025,연결재무제표,12728245936.0,16724977154.0,-673132038.0,-258082234.0,매출액,영업이익,제 26 기,제 25 기
00260408,팜스코,036580,2023,연결재무제표,1854547688808.0,1901506809713.0,31480472700.0,18799101788.0,매출액,영업이익(손실),제 25 기,제 24 기
00260408,팜스코,036580,2024,연결재무제표,1574634584892.0,1854547688808.0,53939257120.0,31480472700.0,수익(매출액),영업이익(손실),제 26 기,제 25 기
00260408,팜스코,036580,2025,연결재무제표,1554134933701.0,1574634584892.0,80207115334.0,53939257120.0,매출액,영업이익(손실),제 27 기,제 26 기
00192499,팜스토리,027710,2023,연결재무제표,1500248272338.0,1426450944874.0,26245499824.0,31455456699.0,매출액,영업이익(손실),제 33 기,제 32 기
00192499,팜스토리,027710,2024,연결재무제표,1453900541921.0,1500248272338.0,40778899216.0,26245499824.0,매출액,영업이익,제 34 기,제 33 기
00192499,팜스토리,027710,2025,연결재무제표,1455851080750.0,1453900541921.0,34969057306.0,40778899216.0,매출액,영업이익,제 35 기,제 34 기
00135050,팜젠사이언스,004720,2023,연결재무제표,166778825652.0,150930715377.0,9126798156.0,7472363774.0,매출액,영업이익(손실),제 58 기,제 57 기
00135050,팜젠사이언스,004720,2024,연결재무제표,171286609685.0,166778825652.0,10643268036.0,9126798156.0,매출액,영업이익(손실),제 59 기,제 58 기
00135050,팜젠사이언스,004720,2025,별도재무제표,173072508298.0,171286609685.0,5986652772.0,10643268036.0,매출액,영업이익(손실),제 60 기,제 59 기
01208821,팡스카이,266350,2023,연결재무제표,20866395462.0,12256032673.0,1165103855.0,-3701166224.0,영업수익,영업이익(손실),제 12 기,제 11 기
01208821,팡스카이,266350,2024,연결재무제표,8840602935.0,20866395462.0,-6162369745.0,1165103855.0,수익(매출액),영업이익(손실),제 13 기,제 12 기
01208821,팡스카이,266350,2025,연결재무제표,2030902222.0,8840602935.0,219695034.0,-6162369745.0,수익(매출액),영업이익(손실),제 14 기,제 13 기
01101041,패션플랫폼,225590,2023,연결재무제표,106002959393.0,109942797767.0,8104100267.0,11974747875.0,수익(매출액),영업이익(손실),제 9 기,제 8 기
01101041,패션플랫폼,225590,2024,연결재무제표,104601417270.0,106002959393.0,1656397588.0,8104100267.0,수익(매출액),영업이익(손실),제 10 기,제 9 기
01101041,패션플랫폼,225590,2025,연결재무제표,106300788661.0,104601417270.0,8362910740.0,1656397588.0,수익(매출액),영업이익(손실),제 11 기,제 10 기
00339072,팬스타엔터프라이즈,054300,2023,별도재무제표,69113153048.0,66992658446.0,1627809942.0,1949019175.0,매출액,영업이익(손실),제 29 기,제 28 기
00339072,팬스타엔터프라이즈,054300,2024,별도재무제표,62890324809.0,69113153048.0,285290046.0,1627809942.0,매출액,영업이익(손실),제 30 기,제 29 기
00339072,팬스타엔터프라이즈,054300,2025,별도재무제표,67161013598.0,62890324809.0,-2792354525.0,285290046.0,매출액,영업이익(손실),제 31 기,제 30 기
00397191,팬엔터테인먼트,068050,2023,별도재무제표,123810641441.0,25320813537.0,4374570966.0,926964239.0,수익(매출액),영업이익(손실),제 26 기,제 25 기
00397191,팬엔터테인먼트,068050,2024,연결재무제표,34688548303.0,123810641441.0,128869846.0,4374570966.0,수익(매출액),영업이익(손실),제 27 기,제 26 기
00397191,팬엔터테인먼트,068050,2025,연결재무제표,35178107167.0,34688548303.0,-3472070031.0,128869846.0,수익(매출액),영업이익(손실),제 28 기,제 27 기
00122737,팬오션,028670,2023,연결재무제표,4360982000000.0,6420312000000.0,385854000000.0,789618000000.0,매출액,영업이익(손실),제 58 기,제 57 기
00122737,팬오션,028670,2024,연결재무제표,5161218000000.0,4360982000000.0,471180000000.0,385854000000.0,매출액,영업이익(손실),제 59 기,제 58 기
00122737,팬오션,028670,2025,연결재무제표,5432888000000.0,5161218000000.0,491948000000.0,471180000000.0,매출액,영업이익(손실),제 60 기,제 59 기
00962922,팬젠,222110,2023,별도재무제표,7315125370.0,6500657968.0,-4225497054.0,-4590629269.0,매출액,영업이익(손실),제 14 기,제 13 기
00962922,팬젠,222110,2024,별도재무제표,14672686810.0,7315125370.0,1020165959.0,-4225497054.0,매출액,영업이익(손실),제 15 기,제 14 기
00962922,팬젠,222110,2025,별도재무제표,13416632780.0,14672686810.0,1506235749.0,1020165959.0,매출액,영업이익(손실),제 16 기,제 15 기
01146220,팸텍,271830,2023,연결재무제표,96146067572.0,101855488115.0,10829546939.0,24555361041.0,매출액,영업이익(손실),제 19 기,제 18 기
01146220,팸텍,271830,2024,연결재무제표,44355751694.0,96146067572.0,-3727301358.0,10829546939.0,매출액,영업이익(손실),제 20 기,제 19 기
01146220,팸텍,271830,2025,연결재무제표,38741691594.0,44355751694.0,-4126917694.0,-3727301358.0,매출액,영업이익(손실),제 21 기,제 20 기
00148522,퍼스텍,010820,2023,별도재무제표,173103350935.0,160154489954.0,2508074315.0,3112927906.0,수익(매출액),영업이익(손실),제 49 기,제 48 기
00148522,퍼스텍,010820,2024,별도재무제표,207273257566.0,173103350935.0,4348353305.0,2508074315.0,수익(매출액),영업이익(손실),제 50 기,제 49 기
00148522,퍼스텍,010820,2025,별도재무제표,294842426804.0,207273257566.0,10663228873.0,4348353305.0,매출,영업이익,제 51 기,제 50 기
00161709,퍼시스,016800,2023,연결재무제표,362905625021.0,381251130841.0,35235683418.0,32658637873.0,매출액,영업이익(손실),제 41 기,제 40 기
00161709,퍼시스,016800,2024,연결재무제표,385705375506.0,362905625021.0,21476407888.0,35235683418.0,매출액,영업이익,제 42 기,제 41 기
00161709,퍼시스,016800,2025,연결재무제표,358199545192.0,385705375506.0,5737130312.0,21476407888.0,매출액,영업이익,제 43 기,제 42 기
01152470,펄어비스,263750,2023,연결재무제표,333484523009.0,385680123805.0,-16350059645.0,16378240631.0,영업수익,영업손익,제 15 기,제 14 기
01152470,펄어비스,263750,2024,연결재무제표,342384719856.0,333484523009.0,-12292682628.0,-16350059645.0,영업수익,영업손익,제 16 기,제 15 기
01152470,펄어비스,263750,2025,연결재무제표,365564943738.0,342384719856.0,-14807541404.0,-12292682628.0,영업수익,영업손익,제 17 기,제 16 기
00761059,펌텍코리아,251970,2023,연결재무제표,284481252453.0,236643004231.0,35288650804.0,26480434041.0,매출액,영업이익,제 23 기,제 22 기
00761059,펌텍코리아,251970,2024,연결재무제표,337483151664.0,284481252453.0,48396996504.0,35288650804.0,매출액,영업이익,제 24 기,제 23 기
00761059,펌텍코리아,251970,2025,연결재무제표,371960508790.0,337483151664.0,56514634531.0,48396996504.0,매출액,영업손익,제 25 기,제 24 기
01409022,페니트리움바이오,187660,2023,연결재무제표,13790195699.0,14882555787.0,-3464613885.0,-754740449.0,매출액,영업이익(손실),제 22 기,제 21 기
01409022,페니트리움바이오,187660,2024,연결재무제표,9744986676.0,13790195699.0,-15932446161.0,-1911004834.0,매출액,영업이익(손실),제 23 기,제 22 기
01409022,페니트리움바이오,187660,2025,별도재무제표,9273012798.0,9744986676.0,-7376237084.0,-15932446161.0,매출액,영업이익(손실),제 24 기,제 23 기
00134723,페이퍼코리아,001020,2023,연결재무제표,362071696060.0,409957041438.0,31156677378.0,25843738569.0,매출액,영업이익(손실),제 71 기,제 70 기
00134723,페이퍼코리아,001020,2024,연결재무제표,290184364896.0,362071696060.0,2037606335.0,31156677378.0,매출액,영업이익(손실),제 72 기,제 71 기
00134723,페이퍼코리아,001020,2025,연결재무제표,266668528958.0,290184364896.0,-5279064383.0,2037606335.0,매출액,영업이익(손실),제 73 기,제 72 기
00957373,펨트론,168360,2023,연결재무제표,73715799864.0,61158301940.0,8061885812.0,6352849380.0,매출액,영업이익,제 22 기,제 21 기
00957373,펨트론,168360,2024,연결재무제표,57004658240.0,73715799864.0,-3622897641.0,8061885812.0,매출액,영업이익(손실),제 23 기,제 22 기
00957373,펨트론,168360,2025,연결재무제표,69861835068.0,57004658240.0,3183933744.0,-3622897641.0,매출액,영업이익(손실),제 24 기,제 23 기
00415868,펩트론,087010,2023,별도재무제표,3341893572.0,5813995537.0,-15883908215.0,-15226653745.0,매출액,영업이익(손실),제 27 기,제 26 기
00415868,펩트론,087010,2024,별도재무제표,3152181439.0,3341893572.0,-16527819080.0,-15883908215.0,매출액,영업이익(손실),제 28 기,제 27 기
00415868,펩트론,087010,2025,별도재무제표,5634817675.0,3152181439.0,-21257383888.0,-16527819080.0,매출액,영업이익(손실),제 29 기,제 28 기
00573579,평화산업,090080,2023,연결재무제표,564038964404.0,519932246828.0,9937617006.0,5734166110.0,매출액,영업이익(손실),제 18 기,제 17 기
00573579,평화산업,090080,2024,연결재무제표,588377472367.0,564038964404.0,14061353558.0,9937617006.0,매출액,영업이익(손실),제 19 기,제 18 기
00573579,평화산업,090080,2025,연결재무제표,626062341683.0,588377472367.0,13342639921.0,14061353558.0,수익(매출액),영업이익(손실),제 20 기,제 19 기
00155124,평화홀딩스,010770,2023,연결재무제표,797052502774.0,740231005480.0,16770674615.0,3604505748.0,매출액,영업이익(손실),제 50 기,제 49 기
00155124,평화홀딩스,010770,2024,연결재무제표,835189547389.0,797052502774.0,28811212893.0,16770674615.0,매출액,영업이익(손실),제 51 기,제 50 기
00155124,평화홀딩스,010770,2025,연결재무제표,883676528085.0,835189547389.0,34882064365.0,28811212893.0,매출액,영업이익(손실),제 52 기,제 51 기
00392691,포니링크,064800,2023,연결재무제표,71463724854.0,95536623105.0,-9331191935.0,-1197881889.0,매출,영업이익(손실),제 24 기,제 23 기
00392691,포니링크,064800,2024,연결재무제표,61298105250.0,71463724854.0,-26158834950.0,-9331191935.0,매출,영업이익(손실),제 25 기,제 24 기
00392691,포니링크,064800,2025,연결재무제표,44890555536.0,61298105250.0,-21120940401.0,-26158834950.0,수익(매출액),영업이익(손실),제 26 기,제 25 기
00188797,포메탈,119500,2023,별도재무제표,71095183868.0,69599538303.0,2143509737.0,2017778037.0,수익(매출액),영업이익(손실),제 39 기,제 38 기
00188797,포메탈,119500,2024,별도재무제표,65149120698.0,71095183868.0,1494959309.0,2143509737.0,수익(매출액),영업이익(손실),제 40 기,제 39 기
00188797,포메탈,119500,2025,별도재무제표,51114697557.0,65149120698.0,1939868287.0,1494959309.0,수익(매출액),영업이익(손실),제 41 기,제 40 기
01513699,포바이포,389140,2023,연결재무제표,33751399462.0,16194298353.0,-16258350170.0,-10498782236.0,영업수익,영업이익(손실),제 7 기,제 6 기
01513699,포바이포,389140,2024,연결재무제표,33275914511.0,33751399462.0,-13890623243.0,-16258350170.0,영업수익,영업손실,제 8 기,제 7 기
01513699,포바이포,389140,2025,연결재무제표,33710336199.0,33275914511.0,-7396321550.0,-13890623243.0,영업수익,영업손실,제 9 기,제 8 기
00862312,포스뱅크,105760,2023,연결재무제표,79284386397.0,91488384999.0,8430180763.0,11992232752.0,매출액,영업이익,제 21 기,제 20 기
00862312,포스뱅크,105760,2024,연결재무제표,77082362573.0,79284386397.0,2982842395.0,8430180763.0,매출액,영업이익,제 22 기,제 21 기
00862312,포스뱅크,105760,2025,연결재무제표,91426124049.0,77082362573.0,3383511927.0,2982842395.0,매출액,영업이익,제 23 기,제 22 기
00155212,포스코DX,022100,2023,연결재무제표,1485875620930.0,1152680199426.0,110563784581.0,64668494002.0,매출액,영업이익(손실),제 35 기,제 34 기
00155212,포스코DX,022100,2024,연결재무제표,1473290670631.0,1485875620930.0,108991969223.0,110563784581.0,수익(매출액),영업이익(손실),제 36 기,제 35 기
00155212,포스코DX,022100,2025,연결재무제표,1075175363044.0,1473290670631.0,60388586087.0,108991969223.0,수익(매출액),영업이익(손실),제 37 기,제 36 기
00155258,포스코스틸리온,058430,2023,연결재무제표,1158539579689.0,1202120738755.0,30632298770.0,38220208854.0,매출액,영업이익(손실),제 36 기,제 35 기
00155258,포스코스틸리온,058430,2024,연결재무제표,1209864896429.0,1158539579689.0,51923404660.0,30632298770.0,매출액,영업이익(손실),제 37 기,제 36 기
00155258,포스코스틸리온,058430,2025,연결재무제표,1125440499863.0,1209864896429.0,24458675472.0,51923404660.0,매출액,영업이익(손실),제 38 기,제 37 기
00128111,포스코엠텍,009520,2023,별도재무제표,341410235234.0,342175910791.0,4487629441.0,6356472443.0,매출액,영업이익,제 50 기,제 49 기
00128111,포스코엠텍,009520,2024,별도재무제표,346628290419.0,341410235234.0,1422749362.0,4487629441.0,매출액,영업이익,제 51 기,제 50 기
00128111,포스코엠텍,009520,2025,별도재무제표,357432185147.0,346628290419.0,1034456160.0,1422749362.0,매출액,영업이익,제 52 기,제 51 기
00124504,포스코인터내셔널,047050,2023,연결재무제표,33132821374000.0,37989588330000.0,1163112035000.0,902507009000.0,매출액,영업이익(손실),제 24 기,제 23 기
00124504,포스코인터내셔널,047050,2024,연결재무제표,32340793124000.0,33132821374000.0,1116921237000.0,1163112035000.0,매출액,영업이익,제 25 기,제 24 기
00124504,포스코인터내셔널,047050,2025,연결재무제표,32373603908000.0,32260990294000.0,1165316105000.0,1157835223000.0,매출액,영업이익,제 26 기,제 25 기
00155276,포스코퓨처엠,003670,2023,연결재무제표,4759871486264.0,3301915805063.0,35882185999.0,165871669943.0,수익(매출액),영업이익(손실),제 53 기,제 52 기
00155276,포스코퓨처엠,003670,2024,연결재무제표,3699944235821.0,4759871486264.0,721245866.0,35882185999.0,수익(매출액),영업이익(손실),제 54 기,제 53 기
00155276,포스코퓨처엠,003670,2025,연결재무제표,2938698184392.0,3699944235821.0,32827283494.0,721245866.0,수익(매출액),영업이익(손실),제 55 기,제 54 기
00939942,포시에스,189690,2023,연결재무제표,33247383815.0,29613557712.0,5159258368.0,6656578450.0,수익(매출액),영업이익(손실),제 15 기,제 14 기
00939942,포시에스,189690,2024,연결재무제표,31301738037.0,33247383815.0,4518043682.0,5159258368.0,수익(매출액),영업이익(손실),제 16 기,제 15 기
00939942,포시에스,189690,2025,연결재무제표,32888839235.0,31301738037.0,4399159063.0,4518043682.0,수익(매출액),영업이익(손실),제 17 기,제 16 기
00962393,포인트모바일,318020,2023,연결재무제표,80027251877.0,87565394346.0,4638590860.0,315519108.0,수익(매출액),영업이익(손실),제 18 기,제 17 기
00962393,포인트모바일,318020,2024,연결재무제표,77295579606.0,80027251877.0,-1407880306.0,4638590860.0,수익(매출액),영업이익(손실),제 19 기,제 18 기
00962393,포인트모바일,318020,2025,연결재무제표,87204429934.0,77295579606.0,3006771217.0,-1407880306.0,수익(매출액),영업이익(손실),제 20 기,제 19 기
01179608,포인트엔지니어링,256630,2023,연결재무제표,26151553519.0,39389905122.0,-8971675103.0,462064960.0,매출액,영업이익(손실),제 8 기,제 7 기
01179608,포인트엔지니어링,256630,2024,연결재무제표,31012488636.0,26151553519.0,-1307393171.0,-8971675103.0,매출액,영업이익(손실),제 9 기,제 8 기
01179608,포인트엔지니어링,256630,2025,연결재무제표,35964832400.0,31012488636.0,832014951.0,-1307393171.0,매출액,영업이익(손실),제 10 기,제 9 기
01393721,포커스에이아이,331380,2023,별도재무제표,59458221600.0,61625592172.0,2646343421.0,2664914693.0,매출액,영업이익,제 5 기,제 4 기
01393721,포커스에이아이,331380,2024,별도재무제표,58183819225.0,59458221600.0,-5088308912.0,2646343421.0,매출액,영업이익,제 6 기,제 5 기
01393721,포커스에이아이,331380,2025,별도재무제표,45308322646.0,58183819225.0,-10202525900.0,-5088308912.0,매출액,영업이익,제 7 기,제 6 기
01047707,포톤,208710,2023,연결재무제표,123469141449.0,104282763040.0,-3261884829.0,544989472.0,매출액,영업이익,제 10 기,제 9 기
01047707,포톤,208710,2024,연결재무제표,135706326881.0,123469141449.0,-3415404843.0,-3261884829.0,매출액,영업이익,제 11 기,제 10 기
01047707,포톤,208710,2025,연결재무제표,128735265761.0,135706326881.0,-45904604.0,-3415404843.0,매출액,영업이익,제 12 기,제 11 기
01806951,폰드그룹,472850,2024,연결재무제표,368653108555.0,2781338079.0,41322955438.0,667627775.0,수익(매출액),영업이익(손실),제 2 기,제 1 기
01806951,폰드그룹,472850,2025,연결재무제표,485569158574.0,368653108555.0,57377364737.0,41322955438.0,수익(매출액),영업이익(손실),제 3 기,제 2 기
00369213,폴라리스AI,039980,2023,연결재무제표,59435979925.0,80853888097.0,1458860744.0,-2360088791.0,매출액,영업이익(손실),제 33 기,제 32 기
00369213,폴라리스AI,039980,2024,별도재무제표,53068929661.0,59435979925.0,-1311143643.0,1458860744.0,매출액,영업이익(손실),제 34 기,제 33 기
00369213,폴라리스AI,039980,2025,별도재무제표,43636226860.0,53068929661.0,-4689716221.0,-1311143643.0,매출액,영업이익(손실),제 35 기,제 34 기
00463342,폴라리스AI파마,041910,2023,별도재무제표,64214830710.0,62036332957.0,5343807014.0,3161738705.0,매출액,영업이익(손실),제 25 기,제 24 기
00463342,폴라리스AI파마,041910,2024,별도재무제표,59602371962.0,64214830710.0,175958626.0,5343807014.0,매출액,영업이익(손실),제 26 기,제 25 기
00463342,폴라리스AI파마,041910,2025,별도재무제표,55543076772.0,59602371962.0,3188673368.0,175958626.0,매출액,영업이익(손실),제 27 기,제 26 기
00793155,폴라리스AI핸디,220180,2023,연결재무제표,26120903057.0,33114803766.0,-967385251.0,464722372.0,수익(매출액),영업이익(손실),제 15 기,제 14 기
00793155,폴라리스AI핸디,220180,2024,연결재무제표,28374934326.0,26120903057.0,-1990002220.0,-967385251.0,수익(매출액),영업이익(손실),제 16 기,제 15 기
00793155,폴라리스AI핸디,220180,2025,연결재무제표,31443569900.0,28374934326.0,-481396412.0,-1990002220.0,수익(매출액),영업이익(손실),제 17 기,제 16 기
00617998,폴라리스세원,234100,2023,연결재무제표,160350478984.0,176741126444.0,7363703486.0,8638821035.0,매출액,영업이익(손실),제 32 기,제 31 기
00617998,폴라리스세원,234100,2024,연결재무제표,204644289190.0,160350478984.0,1153387563.0,7363703486.0,매출액,영업이익(손실),제 33 기,제 32 기
00617998,폴라리스세원,234100,2025,연결재무제표,242634611034.0,204644289190.0,3350311645.0,1153387563.0,매출액,영업이익(손실),제 34 기,제 33 기
00269852,폴라리스오피스,041020,2023,연결재무제표,107891935349.0,24183175218.0,6248070155.0,1656776182.0,영업수익,영업이익(손실),제 27 기,제 26 기
00269852,폴라리스오피스,041020,2024,연결재무제표,276274127324.0,107891935349.0,4802387652.0,6248070155.0,영업수익,영업이익(손실),제 28 기,제 27 기
00269852,폴라리스오피스,041020,2025,연결재무제표,324217014124.0,276274127324.0,9119400649.0,4802387652.0,영업수익,영업이익(손실),제 29 기,제 28 기
00663669,폴라리스우노,114630,2023,연결재무제표,78051382009.0,97046339631.0,5472293412.0,7478790709.0,매출액,영업이익,제 25 기,제 24 기
00663669,폴라리스우노,114630,2024,연결재무제표,80130453283.0,78051382009.0,2320030389.0,5472293412.0,매출액,영업이익,제 26 기,제 25 기
00663669,폴라리스우노,114630,2025,연결재무제표,101825593820.0,80130453283.0,7790837571.0,2320030389.0,매출액,영업이익,제 27 기,제 26 기
01259311,푸드나무,290720,2023,연결재무제표,190692808996.0,217202243524.0,-17795536446.0,-2085848169.0,수익(매출액),영업이익(손실),제 11 기,제 10 기
01259311,푸드나무,290720,2024,연결재무제표,124128545790.0,154080183046.0,-17426139506.0,-10700708491.0,수익(매출액),영업이익(손실),제 12 기,제 11 기
01259311,푸드나무,290720,2025,연결재무제표,86805706183.0,120654159040.0,-8152920653.0,-15344140525.0,매출액,영업이익,제 13 기,제 12 기
00165103,푸드웰,005670,2023,연결재무제표,228487093117.0,183932294383.0,8286725452.0,6061317355.0,매출액,영업이익,제 57 기,제 56 기
00165103,푸드웰,005670,2024,연결재무제표,272990916857.0,228487093117.0,13926410674.0,8286725452.0,매출액,영업이익,제 58 기,제 57 기
00165103,푸드웰,005670,2025,연결재무제표,320327563488.0,272990916857.0,18353038542.0,13926410674.0,매출액,영업이익,제 59 기,제 58 기
00537832,푸른로보틱스,094940,2023,연결재무제표,32289721635.0,34082924527.0,1851969768.0,1023917243.0,매출액,영업이익(손실),제 27 기,제 26 기
00537832,푸른로보틱스,094940,2024,연결재무제표,34770823435.0,32289721635.0,2282906138.0,1851969768.0,매출액,영업이익(손실),제 28 기,제 27 기
00537832,푸른로보틱스,094940,2025,연결재무제표,23475613984.0,34770823435.0,-1012981315.0,2282906138.0,매출액,영업이익(손실),제 29 기,제 28 기
00124805,푸른저축은행,007330,2023,별도재무제표,2384559748.0,1969163337.0,9031441461.0,26263414902.0,기타영업수익,영업이익(손실),제 54 기,제 53 기
00124805,푸른저축은행,007330,2024,별도재무제표,2241474075.0,2384559748.0,6847926442.0,9034570866.0,기타영업수익,영업이익(손실),제 55 기,제 54 기
00124805,푸른저축은행,007330,2025,별도재무제표,7837809521.0,2241474075.0,16947521090.0,6847926442.0,기타영업수익,영업이익(손실),제 56 기,제 55 기
00155355,풀무원,017810,2023,연결재무제표,2993468191302.0,2838303860365.0,61981274528.0,26331500743.0,수익(매출액),영업이익,제 40 기,제 39 기
00155355,풀무원,017810,2024,연결재무제표,3213696853910.0,2993468191302.0,91829407927.0,61981274528.0,매출액,영업이익,제 41 기,제 40 기
00155355,풀무원,017810,2025,연결재무제표,3380189222782.0,3213696853910.0,93173090796.0,91829407927.0,매출액,영업이익,제 42 기,제 41 기
00684732,풀무원식품,103160,2023,연결재무제표,2329925630401.0,2225793956761.0,37814293216.0,18714254258.0,수익(매출액),영업이익(손실),제 16 기,제 15 기
00684732,풀무원식품,103160,2024,연결재무제표,2433693646091.0,2329925630401.0,51702496473.0,37814293216.0,매출액,영업이익(손실),제 17 기,제 16 기
00684732,풀무원식품,103160,2025,연결재무제표,2525662378456.0,2433693646091.0,64616120146.0,51702496473.0,매출액,영업이익,제 18 기,제 17 기
00155373,풍강,093380,2023,연결재무제표,97322976980.0,83422538833.0,5238490101.0,3012329509.0,매출액,영업이익(손실),제 49 기,제 48 기
00155373,풍강,093380,2024,연결재무제표,93027835673.0,97322976980.0,1149162523.0,5238490101.0,매출액,영업이익(손실),제 50 기,제 49 기
00155373,풍강,093380,2025,연결재무제표,90273114653.0,93027835673.0,728436077.0,1149162523.0,매출액,영업이익(손실),제 51 기,제 50 기
00155452,풍국주정,023900,2023,연결재무제표,168467096763.0,153988455865.0,11667462369.0,3766400980.0,수익(매출액),영업이익(손실),제 71 기,제 70 기
00155452,풍국주정,023900,2024,연결재무제표,156327300028.0,168467096763.0,12499304649.0,11667462369.0,수익(매출액),영업이익(손실),제 72 기,제 71 기
00155452,풍국주정,023900,2025,연결재무제표,163520042927.0,156327300028.0,16753616569.0,12499304649.0,수익(매출액),영업이익(손실),제 73 기,제 72 기
00684714,풍산,103140,2023,연결재무제표,4125263947257.0,4372982501228.0,228636480718.0,231619553412.0,매출액,영업이익,제 16 기,제 15 기
00684714,풍산,103140,2024,연결재무제표,4554411454633.0,4125263947257.0,323768893078.0,228636480718.0,매출액,영업이익,제 17 기,제 16 기
00684714,풍산,103140,2025,연결재무제표,5048580386639.0,4554411454633.0,297427463130.0,323768893078.0,매출액,영업이익,제 18 기,제 17 기
00155531,풍산홀딩스,005810,2023,연결재무제표,406728730515.0,387671434890.0,67837648307.0,80160431979.0,영업수익,영업이익,제 55 기,제 54 기
00155531,풍산홀딩스,005810,2024,연결재무제표,449393916995.0,406728730515.0,104749837969.0,67837648307.0,영업수익,영업이익,제 56 기,제 55 기
00155531,풍산홀딩스,005810,2025,연결재무제표,432529869131.0,449393916995.0,66801089250.0,104749837969.0,영업수익,영업이익,제 57 기,제 56 기
00417167,풍원정밀,371950,2023,연결재무제표,43054017785.0,44913983313.0,-21932415342.0,751345764.0,매출액,영업이익(손실),제 28 기,제 27 기
00417167,풍원정밀,371950,2024,연결재무제표,49263385713.0,43054017785.0,-18248147075.0,-21932415342.0,매출액,영업이익(손실),제 29 기,제 28 기
00417167,풍원정밀,371950,2025,연결재무제표,32363366118.0,49263385713.0,-19933760853.0,-18248147075.0,수익(매출액),영업이익(손실),제 30 기,제 29 기
01110474,풍전약품,298060,2023,별도재무제표,695697915.0,395982302.0,-12997668186.0,-12578927265.0,매출,영업이익(손실),제 10 기,제 9 기
01110474,풍전약품,298060,2024,별도재무제표,824800629.0,695697915.0,-11307752652.0,-12997668186.0,매출,영업이익(손실),제 11 기,제 10 기
01110474,풍전약품,298060,2025,연결재무제표,23839029791.0,824800629.0,-4528614085.0,-11307752652.0,매출,영업이익(손실),제 12 기,제 11 기
01357446,퓨런티어,370090,2023,별도재무제표,46546986730.0,26904546553.0,7162414199.0,1632417729.0,수익 합계,영업이익(손실),제 15 기,제 14 기
01357446,퓨런티어,370090,2024,별도재무제표,25341103329.0,46546986730.0,-3750655671.0,7162414199.0,수익(매출액),영업이익(손실),제 16 기,제 15 기
01357446,퓨런티어,370090,2025,별도재무제표,12143538944.0,25341103329.0,-7162779864.0,-3750655671.0,수익(매출액),영업이익(손실),제 17 기,제 16 기
01027828,퓨릿,445180,2023,별도재무제표,120458972206.0,137372953698.0,12837905687.0,14282830314.0,수익(매출액),영업이익(손실),제 14 기,제 13 기
01027828,퓨릿,445180,2024,별도재무제표,122537087251.0,120458972206.0,13959158665.0,12837905687.0,수익(매출액),영업이익(손실),제 15 기,제 14 기
01027828,퓨릿,445180,2025,별도재무제표,142546874717.0,122537087251.0,17217719364.0,13959158665.0,수익(매출액),영업이익(손실),제 16 기,제 15 기
00653103,퓨처코어,151910,2023,연결재무제표,48310286065.0,50851627123.0,-2890987513.0,2611595785.0,매출액,영업이익(손실),제 20 기,제 19 기
00653103,퓨처코어,151910,2024,연결재무제표,60038744104.0,48310286065.0,2084335821.0,-2890987513.0,매출액,영업이익(손실),제 21 기,제 20 기
00653103,퓨처코어,151910,2025,연결재무제표,58450252150.0,60038744104.0,2103609672.0,2084335821.0,매출액,영업이익(손실),제 22 기,제 21 기
01185867,퓨쳐메디신,341170,2023,연결재무제표,305452937.0,745803108.0,-6274505954.0,-8047866827.0,기타영업외수익,영업손실,제 9 기,제 8 기
01185867,퓨쳐메디신,341170,2024,연결재무제표,240789565.0,305452937.0,-4089656734.0,-6274505954.0,기타영업외수익,영업이익(손실),제 10 기,제 9 기
01185867,퓨쳐메디신,341170,2025,별도재무제표,125465953.0,240789565.0,-1626147090.0,-4055531833.0,기타영업외수익,영업손실,제 11 기,제 10 기
01053540,퓨쳐켐,220100,2023,연결재무제표,13968016475.0,12573624103.0,-8411501068.0,-12934275144.0,매출액,영업이익(손실),제 23 기,제 22 기
01053540,퓨쳐켐,220100,2024,연결재무제표,17293266226.0,13968016475.0,-9467489583.0,-8411501068.0,매출액,영업이익(손실),제 24 기,제 23 기
01053540,퓨쳐켐,220100,2025,연결재무제표,18670511678.0,17293266226.0,-7752938320.0,-9467489583.0,매출액,영업손실,제 25 기,제 24 기
00356389,프럼파스트,035200,2023,연결재무제표,29481472717.0,30227839370.0,1442763516.0,1529339366.0,수익(매출액),영업이익(손실),제 32 기,제 31 기
00356389,프럼파스트,035200,2024,연결재무제표,29659703118.0,29481472717.0,1624232382.0,1442763516.0,수익(매출액),영업이익(손실),제 33 기,제 32 기
00356389,프럼파스트,035200,2025,연결재무제표,25230889434.0,29659703118.0,-443646135.0,1624232382.0,수익(매출액),영업이익(손실),제 34 기,제 33 기
01258428,프레스티지바이오로직스,334970,2023,별도재무제표,1730263646.0,15565702.0,-22105262990.0,-36631252881.0,매출액,영업이익(손실),제 9 기,제 8 기
01258428,프레스티지바이오로직스,334970,2024,별도재무제표,2169042470.0,1730263646.0,-33429985102.0,-22105262990.0,매출액,영업이익(손실),제 10 기,제 9 기
01258428,프레스티지바이오로직스,334970,2025,별도재무제표,12533271503.0,2169042470.0,-33681640342.0,-33429985102.0,매출액,영업이익(손실),제 11 기,제 10 기
01510489,프레스티지바이오파마,950210,2023,연결재무제표,122410.0,0.0,-52622071.0,-48720091.0,영업수익,영업손익,제 8 기,제 7 기
01510489,프레스티지바이오파마,950210,2024,연결재무제표,517114.0,122410.0,-47115233.0,-52622071.0,영업수익,영업손익,제 9 기,제 8 기
01510489,프레스티지바이오파마,950210,2025,연결재무제표,10215103.0,517114.0,-48025250.0,-47115233.0,수익(매출액),영업손익,제 10 기,제 9 기
01359736,프로이천,321260,2023,연결재무제표,33363102492.0,38191882053.0,1468893907.0,3070109980.0,수익(매출액),영업이익(손실),제 5 기,제 4 기
01359736,프로이천,321260,2024,연결재무제표,36028044979.0,33363102492.0,1177001330.0,1468893907.0,수익(매출액),영업이익(손실),제 6 기,제 5 기
01359736,프로이천,321260,2025,연결재무제표,31533846355.0,36028044979.0,2771555590.0,1177001330.0,수익(매출액),영업이익(손실),제 7 기,제 6 기
00325112,프로텍,053610,2023,연결재무제표,156071199156.0,198772415105.0,17432961864.0,60067389685.0,수익(매출액),영업이익(손실),제 27 기,제 26 기
00325112,프로텍,053610,2024,연결재무제표,170289499168.0,156071199156.0,13443340756.0,17432961864.0,수익(매출액),영업이익(손실),제 28 기,제 27 기
00325112,프로텍,053610,2025,연결재무제표,230542705719.0,170289499168.0,46306851990.0,13443340756.0,매출액,영업이익,제 29 기,제 28 기
01688568,프로티나,468530,2025,별도재무제표,2950918349.0,2300721436.0,-11367962763.0,-9121213180.0,수익(매출액),영업이익(손실),제 11 기,제 10 기
01267958,프로티아,303360,2023,별도재무제표,8227847326.0,7644000304.0,164092703.0,1057532719.0,매출액,영업이익(손실),제 24 기,제 23 기
01267958,프로티아,303360,2024,별도재무제표,10514547438.0,8227847326.0,1501866324.0,164092703.0,매출액,영업이익(손실),제 25 기,제 24 기
01267958,프로티아,303360,2025,별도재무제표,15120258908.0,10514547438.0,3721214679.0,1501866324.0,매출액,영업이익(손실),제 26 기,제 25 기
01217865,프롬바이오,377220,2023,연결재무제표,66723974526.0,99330395890.0,-15420429088.0,897017858.0,수익(매출액),영업이익(손실),제 18 기,제 17 기
01217865,프롬바이오,377220,2024,연결재무제표,67181877862.0,66723974526.0,-24269892229.0,-15420429088.0,수익(매출액),영업이익(손실),제 19 기,제 18 기
01217865,프롬바이오,377220,2025,연결재무제표,72162174415.0,67181877862.0,-18602744879.0,-24269892229.0,수익(매출액),영업이익(손실),제 20 기,제 19 기
01137295,프리시젼바이오,335810,2023,연결재무제표,20391168324.0,20458017811.0,-4810588506.0,-4500034137.0,수익(매출액),영업이익(손실),제 15 기,제 14 기
01137295,프리시젼바이오,335810,2024,연결재무제표,19134127922.0,20391168324.0,-5366154453.0,-4810588506.0,수익(매출액),영업이익(손실),제 16 기,제 15 기
01137295,프리시젼바이오,335810,2025,연결재무제표,19925825433.0,19134127922.0,-5381489055.0,-5366154453.0,수익(매출액),영업이익(손실),제 17 기,제 16 기
00352064,프리엠스,053160,2023,연결재무제표,22943695630.0,29631566510.0,-12327579.0,659127660.0,수익(매출액),영업이익(손실),제 34 기,제 33 기
00352064,프리엠스,053160,2024,연결재무제표,17695269012.0,22943695630.0,-2345870685.0,-12327579.0,수익(매출액),영업이익(손실),제 35 기,제 34 기
00352064,프리엠스,053160,2025,연결재무제표,23135895576.0,17695269012.0,388174443.0,-2345870685.0,수익(매출액),영업이익(손실),제 36 기,제 35 기
00353230,프리젠,060910,2023,별도재무제표,1299489561.0,1419323479.0,-422665203.0,-485162965.0,수익(매출액),영업이익(손실),제 24 기,제 23 기
00353230,프리젠,060910,2024,별도재무제표,1253469937.0,1299489561.0,-150171500.0,-422665203.0,수익(매출액),영업이익(손실),제 25 기,제 24 기
00353230,프리젠,060910,2025,별도재무제표,1248000000.0,1253469937.0,26182386.0,-150171500.0,수익(매출액),영업이익(손실),제 26 기,제 25 기
00122825,프리티,006490,2023,연결재무제표,99811312707.0,76678321796.0,446804037.0,-1387901650.0,매출액,영업이익(손실),제 54 기,제 53 기
00122825,프리티,006490,2024,연결재무제표,100534212723.0,99811312707.0,-3786266549.0,446804037.0,매출액,영업이익(손실),제 55 기,제 54 기
00122825,프리티,006490,2025,연결재무제표,105558023911.0,100534212723.0,4078599684.0,-3786266549.0,매출액,영업이익(손실),제 56 기,제 55 기
01575839,플라즈맵,405000,2023,연결재무제표,12917403651.0,13305795654.0,-20572115103.0,-17352691670.0,수익(매출액),영업이익(손실),제 9 기,제 8 기
01575839,플라즈맵,405000,2024,연결재무제표,10139296801.0,12917403651.0,-17658777781.0,-20572115103.0,수익(매출액),영업이익(손실),제 10 기,제 9 기
01575839,플라즈맵,405000,2025,연결재무제표,8482954613.0,10139296801.0,-7600773545.0,-17658777781.0,매출액,영업이익(손실),제 11 기,제 10 기
00297448,플래스크,041590,2023,연결재무제표,22759609054.0,37366932674.0,-22962238594.0,-13521038415.0,매출액,영업이익(손실),제 26 기,제 25 기
00297448,플래스크,041590,2024,연결재무제표,14163976744.0,22759609054.0,-11146206670.0,-22962238594.0,매출액,영업이익(손실),제 27 기,제 26 기
00297448,플래스크,041590,2025,연결재무제표,18005218335.0,14037248336.0,-1961789605.0,-7961122082.0,매출액,영업이익(손실),제 28 기,제 27 기
01454341,플래티어,367000,2023,별도재무제표,33291839469.0,49957146722.0,-4541180978.0,3184748987.0,영업수익,영업이익(손실),제 19 기,제 18 기
01454341,플래티어,367000,2024,별도재무제표,29798214574.0,33291839469.0,-6974514700.0,-4541180978.0,영업수익,영업이익(손실),제 20 기,제 19 기
01454341,플래티어,367000,2025,연결재무제표,38854699341.0,29798214574.0,-4398781277.0,-6974514700.0,영업수익,영업이익(손실),제 21 기,제 20 기
00181934,플랜텍,051310,2023,연결재무제표,679306254309.0,568844837045.0,31612543299.0,31390402018.0,수익(매출액),영업이익(손실),제 35 기,제 34 기
00181934,플랜텍,051310,2024,연결재무제표,519176179535.0,679306254309.0,29274002932.0,31612543299.0,수익(매출액),영업이익(손실),제 36 기,제 35 기
00181934,플랜텍,051310,2025,연결재무제표,342729033520.0,519176179535.0,-17055244280.0,29274002932.0,매출액,영업이익(손실),제 37 기,제 36 기
00490179,플랜티넷,075130,2023,연결재무제표,33066451624.0,31385362362.0,1271312159.0,1474583223.0,영업수익,영업이익(손실),제 24 기,제 23 기
00490179,플랜티넷,075130,2024,연결재무제표,36676622317.0,33066451624.0,2139964516.0,1271312159.0,영업수익,영업이익(손실),제 25 기,제 24 기
00490179,플랜티넷,075130,2025,연결재무제표,45612921206.0,36676622317.0,3260980299.0,2139964516.0,영업수익,영업이익(손실),제 26 기,제 25 기
00862853,플레이디,237820,2023,별도재무제표,37255650160.0,43952147282.0,2531121706.0,5596977274.0,영업수익,영업이익,제 14 기,제 13 기
00862853,플레이디,237820,2024,별도재무제표,38614111514.0,37255650160.0,4001982311.0,2531121706.0,영업수익,영업이익,제 15 기,제 14 기
00862853,플레이디,237820,2025,연결재무제표,40227143049.0,38614111514.0,6224756280.0,4001982311.0,영업수익,영업이익,제 16 기,제 15 기
00138367,플레이위드,023770,2023,별도재무제표,28552255519.0,14505487825.0,-6647064613.0,-7185076798.0,영업수익,영업이익(손실),제 40 기,제 39 기
00138367,플레이위드,023770,2024,별도재무제표,32307321526.0,28552255519.0,-8532221284.0,-6647064613.0,영업수익,영업이익(손실),제 41 기,제 40 기
00138367,플레이위드,023770,2025,별도재무제표,34657760135.0,32307321526.0,-4682241152.0,-8532221284.0,영업수익,영업이익(손실),제 42 기,제 41 기
01237434,플리토,300080,2023,연결재무제표,17761267682.0,13639437063.0,-5094024751.0,-6595175443.0,수익(매출액),영업이익(손실),제 12 기,제 11 기
01237434,플리토,300080,2024,연결재무제표,20300590454.0,17761267682.0,-396344850.0,-5094024751.0,수익(매출액),영업이익(손실),제 13 기,제 12 기
01237434,플리토,300080,2025,연결재무제표,35979641976.0,20300590454.0,6153818311.0,-396344850.0,영업수익,영업이익(손실),제 14 기,제 13 기
00276083,피노,033790,2023,별도재무제표,6967041262.0,11406060324.0,-2124130241.0,1462672613.0,수익(매출액),영업이익(손실),제 34 기,제 33 기
00276083,피노,033790,2024,별도재무제표,30676302081.0,6967041262.0,7608133.0,-2124130241.0,수익(매출액),영업이익(손실),제 35 기,제 34 기
00276083,피노,033790,2025,별도재무제표,264760884474.0,30676302081.0,8847177396.0,7608133.0,수익(매출액),영업이익(손실),제 36 기,제 35 기
00189538,피델릭스,032580,2023,별도재무제표,52783978412.0,72559081230.0,710092106.0,6281389514.0,매출액,영업이익(손실),제 34 기,제 33 기
00189538,피델릭스,032580,2024,별도재무제표,44810331384.0,52783978412.0,-4528465335.0,710092106.0,매출액,영업이익(손실),제 35 기,제 34 기
00189538,피델릭스,032580,2025,별도재무제표,53615518212.0,44810331384.0,-2066008789.0,-4528465335.0,매출액,영업이익(손실),제 36 기,제 35 기
00297934,피씨디렉트,051380,2023,별도재무제표,304742791071.0,312262587729.0,3282612470.0,805881873.0,매출액,영업이익(손실),제 26 기,제 25 기
00297934,피씨디렉트,051380,2024,별도재무제표,333767513723.0,304742791071.0,1850864640.0,3282612470.0,매출액,영업이익(손실),제 27 기,제 26 기
00297934,피씨디렉트,051380,2025,별도재무제표,373008261916.0,333767513723.0,4251372191.0,1850864640.0,매출액,영업이익(손실),제 28 기,제 27 기
01429220,피아이이,452450,2025,연결재무제표,65088392269.0,124047770514.0,-21217301485.0,9432561241.0,매출액,영업이익(손실),제 8 기,제 7 기
00525864,피앤씨테크,237750,2023,별도재무제표,20683260694.0,21997928858.0,2716180905.0,2385433867.0,매출액,영업이익,제 25 기,제 24 기
00525864,피앤씨테크,237750,2024,별도재무제표,34734455092.0,20683260694.0,1792227100.0,2716180905.0,매출액,영업이익,제 26 기,제 25 기
00525864,피앤씨테크,237750,2025,별도재무제표,27609157326.0,34734455092.0,20016706.0,1792227100.0,매출액,영업이익,제 27 기,제 26 기
01419205,피앤에스로보틱스,460940,2024,별도재무제표,7105295087.0,6009352447.0,1616767299.0,1319755337.0,수익(매출액),영업이익(손실),제 22 기,제 21 기
01419205,피앤에스로보틱스,460940,2025,연결재무제표,7639478060.0,7105295087.0,1002406502.0,1616767299.0,수익(매출액),영업이익(손실),제 23 기,제 22 기
00302120,피앤텔,054340,2023,연결재무제표,15068115809.0,11581604327.0,-1206953331.0,-3943080241.0,수익(매출액),영업이익(손실),제 27 기,제 26 기
00302120,피앤텔,054340,2024,연결재무제표,27407434701.0,15068115809.0,2099691310.0,-1206953331.0,수익(매출액),영업이익(손실),제 28 기,제 27 기
00302120,피앤텔,054340,2025,연결재무제표,30530571642.0,27407434701.0,327558626.0,2099691310.0,수익(매출액),영업이익(손실),제 29 기,제 28 기
01365825,피에스케이,319660,2023,연결재무제표,351863805650.0,460909201007.0,54118591422.0,91842998729.0,수익(매출액),영업이익(손실),제 5 기,제 4 기
01365825,피에스케이,319660,2024,연결재무제표,398050977575.0,351863805650.0,83924423263.0,54118591422.0,수익(매출액),영업이익(손실),제 6 기,제 5 기
01365825,피에스케이,319660,2025,연결재무제표,457213151918.0,398050977575.0,88494057075.0,83924423263.0,매출액,영업이익(손실),제 7 기,제 6 기
00208444,피에스케이홀딩스,031980,2023,연결재무제표,94716683944.0,72790993366.0,26970755131.0,16902902739.0,수익(매출액),영업이익(손실),제 34 기,제 33 기
00208444,피에스케이홀딩스,031980,2024,연결재무제표,215508095005.0,94716683944.0,88482980891.0,26970755131.0,수익(매출액),영업이익(손실),제 35 기,제 34 기
00208444,피에스케이홀딩스,031980,2025,연결재무제표,207764042799.0,215508095005.0,73400914769.0,88482980891.0,매출액,영업이익,제 36 기,제 35 기
00155638,피에스텍,002230,2023,연결재무제표,69629912611.0,70976492938.0,851493802.0,-1840729658.0,수익(매출액),영업이익(손실),제 67 기,제 66 기
00155638,피에스텍,002230,2024,연결재무제표,80585330844.0,69629912611.0,3429511805.0,851493802.0,수익(매출액),영업이익(손실),제 68 기,제 67 기
00155638,피에스텍,002230,2025,연결재무제표,97159784624.0,80585330844.0,5280658665.0,3429511805.0,수익(매출액),영업이익(손실),제 69 기,제 68 기
00155151,피에이치에이,043370,2023,연결재무제표,1134618152654.0,1024435467138.0,48293293917.0,22872220991.0,수익(매출액),영업이익(손실),제 39 기,제 38 기
00155151,피에이치에이,043370,2024,연결재무제표,1152879626217.0,1134618152654.0,51478190517.0,48293293917.0,수익(매출액),영업이익(손실),제 40 기,제 39 기
00155151,피에이치에이,043370,2025,연결재무제표,1200673221564.0,1152879626217.0,48439190745.0,51478190517.0,매출액,영업이익,제 41 기,제 40 기
01112889,피엔에이치테크,239890,2023,별도재무제표,40181180331.0,35043741542.0,6506488174.0,4803053619.0,매출액,영업이익(손실),제 15 기,제 14 기
01112889,피엔에이치테크,239890,2024,별도재무제표,33592601051.0,40181180331.0,2535571208.0,6506488174.0,매출액,영업이익,제 16 기,제 15 기
01112889,피엔에이치테크,239890,2025,별도재무제표,30119070313.0,33592601051.0,2194119359.0,2535571208.0,매출액,영업이익,제 17 기,제 16 기
01290381,피엔케이피부임상연구센타,347740,2023,연결재무제표,14842604136.0,17957199424.0,1378893865.0,5640160033.0,매출액,영업이익(손실),제 14 기,제 13 기
01290381,피엔케이피부임상연구센타,347740,2024,연결재무제표,17846810010.0,14842604136.0,2582128221.0,1378893865.0,매출액,영업이익(손실),제 15 기,제 14 기
01290381,피엔케이피부임상연구센타,347740,2025,연결재무제표,22783129250.0,17846810010.0,3940175380.0,2582128221.0,매출액,영업이익(손실),제 16 기,제 15 기
00612294,피엔티,137400,2023,연결재무제표,545413968484.0,417814489256.0,76924220008.0,77765165313.0,매출액,영업이익(손실),제 21 기,제 20 기
00612294,피엔티,137400,2024,연결재무제표,1035081261981.0,545413968484.0,163228782523.0,76924220008.0,매출액,영업이익,제 22 기,제 21 기
00612294,피엔티,137400,2025,연결재무제표,744889433349.0,1035042902706.0,95648148084.0,163957005644.0,매출액,영업이익,제 23 기,제 22 기
01144569,피엔티엠에스,257370,2023,별도재무제표,25029807561.0,6217222081.0,-1062362267.0,-5914319418.0,수익(매출액),영업이익(손실),제 23 기,제 22 기
01144569,피엔티엠에스,257370,2024,별도재무제표,26217506855.0,25029807561.0,1180029330.0,-1062362267.0,매출액,영업이익(손실),제 24 기,제 23 기
01144569,피엔티엠에스,257370,2025,별도재무제표,11082330000.0,26217506855.0,-2124801207.0,1180029330.0,매출액,영업이익(손실),제 25 기,제 24 기
00654175,피엠티,147760,2023,별도재무제표,33042724100.0,38244471105.0,-5266408445.0,-5229422480.0,매출액,영업이익(손실),제 20 기,제 19 기
00654175,피엠티,147760,2024,별도재무제표,24393115333.0,33042724100.0,-13100490473.0,-5266408445.0,매출액,영업이익(손실),제 21 기,제 20 기
00654175,피엠티,147760,2025,별도재무제표,25287736817.0,24393115333.0,-20395564718.0,-13100490473.0,수익(매출액),영업이익(손실),제 22 기,제 21 기
00829380,피제이메탈,128660,2023,연결재무제표,229349317992.0,269048598652.0,6013093241.0,10373344511.0,수익(매출액),영업이익(손실),제 14 기,제 13 기
00829380,피제이메탈,128660,2024,연결재무제표,254485502212.0,229349317992.0,9170810482.0,5254157097.0,수익(매출액),영업이익,제 15 기,제 14 기
00829380,피제이메탈,128660,2025,연결재무제표,348957303218.0,254485502212.0,12226661140.0,9170810482.0,수익(매출액),영업이익,제 16 기,제 15 기
00155735,피제이전자,006140,2023,별도재무제표,166844087220.0,157729343615.0,7413259937.0,6090013153.0,수익(매출액),영업이익(손실),제 55 기,제 54 기
00155735,피제이전자,006140,2024,별도재무제표,169298930720.0,166844087220.0,10781292288.0,7413259937.0,수익(매출액),영업이익(손실),제 56 기,제 55 기
00155735,피제이전자,006140,2025,별도재무제표,178552370684.0,169298930720.0,10959713371.0,10781292288.0,수익(매출액),영업이익(손실),제 57 기,제 56 기
00604028,피코그램,376180,2023,별도재무제표,27708930019.0,29215510616.0,1525783534.0,3489034140.0,수익(매출액),영업이익(손실),제 22 기,제 21 기
00604028,피코그램,376180,2024,별도재무제표,32144304576.0,27708930019.0,2836750613.0,1525783534.0,수익(매출액),영업이익(손실),제 23 기,제 22 기
00604028,피코그램,376180,2025,별도재무제표,30872569046.0,32144304576.0,-704156204.0,2836750613.0,수익(매출액),영업이익(손실),제 24 기,제 23 기
01118281,피플바이오,304840,2023,연결재무제표,4452858220.0,4444833582.0,-15247510964.0,-11696891262.0,매출액,영업이익(손실),제 23 기,제 22 기
01118281,피플바이오,304840,2024,연결재무제표,3731509686.0,4452858220.0,-11501274843.0,-15247510964.0,매출액,영업이익(손실),제 24 기,제 23 기
01118281,피플바이오,304840,2025,연결재무제표,2850535918.0,2530624671.0,-8377380014.0,-8621798464.0,매출액,영업이익(손실),제 25 기,제 24 기
00495086,픽셀플러스,087600,2023,별도재무제표,50670581353.0,62862344389.0,-6280835584.0,2905270079.0,수익(매출액),영업이익(손실),제 24 기,제 23 기
00495086,픽셀플러스,087600,2024,별도재무제표,53481912534.0,50670581353.0,846348242.0,-6280835584.0,수익(매출액),영업이익(손실),제 25 기,제 24 기
00495086,픽셀플러스,087600,2025,별도재무제표,42707711339.0,53481912534.0,-5629969304.0,846348242.0,수익(매출액),영업이익(손실),제 26 기,제 25 기
01524507,핀텔,291810,2023,별도재무제표,12753031638.0,8765256298.0,-2676771735.0,-3657563928.0,매출액,영업이익(손실),제 9 기,제 8 기
01524507,핀텔,291810,2024,별도재무제표,10643069877.0,12753031638.0,-1528381677.0,-2676771735.0,매출액,영업이익(손실),제 10 기,제 9 기
01524507,핀텔,291810,2025,별도재무제표,5771786570.0,10643069877.0,-3232574054.0,-1528381677.0,매출액,영업이익(손실),제 11 기,제 10 기
01488320,필에너지,378340,2023,연결재무제표,196715168088.0,189709754189.0,15311910704.0,16812053025.0,매출액,영업이익(손실),제 4 기,제 3 기
01488320,필에너지,378340,2024,연결재무제표,285399723340.0,196715168088.0,14201565297.0,15311910704.0,매출액,영업이익(손실),제 5 기,제 4 기
01488320,필에너지,378340,2025,연결재무제표,33194030028.0,285399723340.0,-22174111983.0,14201565297.0,수익(매출액),영업이익(손실),제 6 기,제 5 기
00938721,필옵틱스,161580,2023,연결재무제표,300001066109.0,303987727889.0,10265296884.0,18085152488.0,매출액,영업이익(손실),제 16 기,제 15 기
00938721,필옵틱스,161580,2024,연결재무제표,410893768511.0,300001066109.0,13796035047.0,10265296884.0,매출액,영업이익(손실),제 17 기,제 16 기
00938721,필옵틱스,161580,2025,연결재무제표,103440867014.0,410893768511.0,-34892060535.0,13796035047.0,매출액,영업이익(손실),제 18 기,제 17 기
01405390,핌스,347770,2023,연결재무제표,85256117009.0,83806870222.0,2597066496.0,1116180076.0,매출액,영업이익(손실),제 8 기,제 7 기
01405390,핌스,347770,2024,연결재무제표,60716608625.0,85256117009.0,-4871584740.0,2597066496.0,매출액,영업이익(손실),제 9 기,제 8 기
01405390,핌스,347770,2025,연결재무제표,63383012048.0,60716608625.0,-6113556216.0,-4871584740.0,매출액,영업이익(손실),제 10 기,제 9 기
01142075,핑거,163730,2023,연결재무제표,83127054173.0,90102336029.0,3669784550.0,5399405891.0,매출액,영업이익,제 24 기,제 23 기
01142075,핑거,163730,2024,연결재무제표,71606479579.0,83127054173.0,-470406299.0,3669784550.0,매출액,영업이익(손실),제 25 기,제 24 기
01142075,핑거,163730,2025,연결재무제표,91606730992.0,71606479579.0,1467839859.0,-470406299.0,매출액,영업이익(손실),제 26 기,제 25 기
01584934,핑거스토리,417180,2023,별도재무제표,18424903125.0,17409149957.0,1382110446.0,986841680.0,영업수익,영업이익,제 6 기,제 5 기
01584934,핑거스토리,417180,2024,별도재무제표,18350259518.0,18424903125.0,1506729855.0,1382110446.0,영업수익,영업이익,제 7 기,제 6 기
01584934,핑거스토리,417180,2025,연결재무제표,17299515760.0,18350259518.0,847055617.0,1506729855.0,영업수익,영업이익,제 8 기,제 7 기
01791321,하나30호기업인수목적,469880,2024,별도재무제표,0.0,0.0,-40745020.0,-18494320.0,영업수익,영업이익(손실),제 2 기,제 1 기
01791321,하나30호기업인수목적,469880,2025,별도재무제표,0.0,0.0,-33050020.0,-40745020.0,영업수익,영업이익(손실),제 3 기,제 2 기
01791561,하나31호스팩,469900,2024,별도재무제표,0.0,0.0,-45818100.0,-7851320.0,수익 합계,영업이익(손실),제 2 기,제 1 기
01791561,하나31호스팩,469900,2025,별도재무제표,0.0,0.0,-30545950.0,-45818100.0,수익 합계,영업이익(손실),제 3 기,제 2 기
01807738,하나32호스팩,475240,2025,별도재무제표,0.0,0.0,-34857670.0,-37569091.0,영업수익,영업이익(손실),제 2 기,제 1 기
01847550,하나34호스팩,484130,2025,별도재무제표,0.0,0.0,-39781230.0,-27431860.0,영업수익,영업이익(손실),제 2 기,제 1 기
00547583,하나금융지주,086790,2023,연결재무제표,894212000000.0,693199000000.0,4693407000000.0,4688282000000.0,기타영업수익,영업이익,제 19 기,제 18 기
00547583,하나금융지주,086790,2024,연결재무제표,933558000000.0,894212000000.0,4855182000000.0,4693407000000.0,기타영업수익,영업이익,제 20 기,제 19 기
00547583,하나금융지주,086790,2025,연결재무제표,1018948000000.0,933558000000.0,5350898000000.0,4855182000000.0,기타영업수익,영업이익,제 21 기,제 20 기
00601191,하나기술,299030,2023,연결재무제표,119948030553.0,113857990967.0,-6314995846.0,11190639902.0,매출액,영업손익,제 21 기,제 20 기
00601191,하나기술,299030,2024,연결재무제표,94219106206.0,119948030553.0,-26397485068.0,-6314995846.0,매출액,영업손익,제 22 기,제 21 기
00601191,하나기술,299030,2025,연결재무제표,93832555999.0,94219106206.0,-39810418.0,-26397485068.0,매출액,영업손익,제 23 기,제 22 기
00445054,하나마이크론,067310,2023,연결재무제표,967971484717.0,894395892458.0,57904676214.0,103548271876.0,매출,영업이익(손실),제 23 기,제 22 기
00445054,하나마이크론,067310,2024,연결재무제표,1250692575645.0,967971484717.0,106792878899.0,57904676214.0,수익(매출액),영업이익(손실),제 24 기,제 23 기
00445054,하나마이크론,067310,2025,연결재무제표,1534418874072.0,1250692575645.0,127689329155.0,106792878899.0,매출,영업이익(손실),제 25 기,제 24 기
00660750,하나머티리얼즈,166090,2023,연결재무제표,233576716299.0,307324400689.0,41282810386.0,93739279403.0,매출액,영업이익,제 17 기,제 16 기
00660750,하나머티리얼즈,166090,2024,연결재무제표,251646191336.0,233576716299.0,43411736320.0,41282810386.0,수익(매출액),영업이익(손실),제 18 기,제 17 기
00660750,하나머티리얼즈,166090,2025,연결재무제표,273481969679.0,251646191336.0,50081056398.0,43411736320.0,수익(매출액),영업이익(손실),제 19 기,제 18 기
00158909,하나은행,004940,2023,연결재무제표,222566000000.0,267293000000.0,4605518000000.0,4066602000000.0,영업외수익,영업이익,제 57 기,제 56 기
00158909,하나은행,004940,2024,연결재무제표,273028000000.0,222566000000.0,4546901000000.0,4605518000000.0,영업외수익,영업이익,제 58 기,제 57 기
00158909,하나은행,004940,2025,연결재무제표,338888000000.0,273028000000.0,5009792000000.0,4546901000000.0,영업외수익,영업이익,제 59 기,제 58 기
00248974,하나제약,293480,2023,별도재무제표,224456850812.0,210844992166.0,27031448543.0,31170755065.0,수익(매출액),영업이익(손실),제 46 기,제 45 기
00248974,하나제약,293480,2024,별도재무제표,225339838199.0,224456850812.0,25154206032.0,27031448543.0,수익(매출액),영업이익(손실),제 47 기,제 46 기
00248974,하나제약,293480,2025,별도재무제표,239503892657.0,225339838199.0,25815826289.0,25154206032.0,매출액,영업이익,제 48 기,제 47 기
00269940,하나투어,039130,2023,연결재무제표,411611609463.0,114969462998.0,34047986427.0,-101184086176.0,영업수익,영업이익(손실),제 31 기,제 30 기
00269940,하나투어,039130,2024,연결재무제표,616606993658.0,411611609463.0,50919001973.0,34047986427.0,영업수익,영업이익(손실),제 32 기,제 31 기
00269940,하나투어,039130,2025,연결재무제표,586902971424.0,616606993658.0,57626875763.0,50919001973.0,영업수익,영업이익,제 33 기,제 32 기
00857727,하림,136480,2023,연결재무제표,1410837724581.0,1342909403482.0,40446934176.0,46819347142.0,수익(매출액),영업이익(손실),제 13 기,제 12 기
00857727,하림,136480,2024,연결재무제표,1285418842000.0,1410837725000.0,28512657000.0,40446935000.0,수익(매출액),영업이익(손실),제 14 기,제 13 기
00857727,하림,136480,2025,연결재무제표,1439995096000.0,1285418842000.0,47681001000.0,28512657000.0,수익(매출액),영업이익(손실),제 15 기,제 14 기
00148364,하림지주,003380,2023,연결재무제표,12062362764029.0,13775295981364.0,567544768592.0,941306774707.0,수익(매출액),영업이익(손실),제 62 기,제 61 기
00148364,하림지주,003380,2024,연결재무제표,12272959000000.0,12062363000000.0,765480000000.0,567545000000.0,수익(매출액),영업이익(손실),제 63 기,제 62 기
00148364,하림지주,003380,2025,연결재무제표,13214884000000.0,12272959000000.0,887427000000.0,765480000000.0,수익(매출액),영업이익(손실),제 64 기,제 63 기
01663569,하스,450330,2024,연결재무제표,16164621818.0,16039074617.0,1237994803.0,1613779678.0,매출액,영업이익(손실),제 17 기,제 16 기
01663569,하스,450330,2025,연결재무제표,16590608547.0,16164621818.0,902809034.0,1237994803.0,매출액,영업이익(손실),제 18 기,제 17 기
00352000,하우리,049130,2023,별도재무제표,8322398405.0,9471736562.0,1347026411.0,2914963532.0,수익(매출액),영업이익(손실),제 26 기,제 25 기
00352000,하우리,049130,2024,별도재무제표,8165274302.0,8322398405.0,1170822617.0,1347026411.0,수익(매출액),영업이익(손실),제 27 기,제 26 기
00352000,하우리,049130,2025,별도재무제표,8251778462.0,8165274302.0,560200277.0,1170822617.0,수익(매출액),영업이익(손실),제 28 기,제 27 기
00527491,하이드로리튬,101670,2023,별도재무제표,22859151303.0,8492131009.0,-35826848486.0,-3213350403.0,수익(매출액),영업이익(손실),제 29 기,제 28 기
00527491,하이드로리튬,101670,2024,별도재무제표,8466048297.0,22859151303.0,9146041466.0,-35826848486.0,수익(매출액),영업이익(손실),제 30 기,제 29 기
00527491,하이드로리튬,101670,2025,연결재무제표,3368949713.0,2150142872.0,-15061982581.0,-6785556250.0,수익(매출액),영업이익(손실),제 31 기,제 30 기
01505186,하이딥,365590,2023,별도재무제표,10483522724.0,18145498845.0,-8614527090.0,-2271588709.0,매출,영업이익(손실),제 4 기,제 3 기
01505186,하이딥,365590,2024,별도재무제표,5889970051.0,10483522724.0,-9120516576.0,-8614527090.0,매출,영업이익(손실),제 5 기,제 4 기
01505186,하이딥,365590,2025,별도재무제표,1766991674.0,5889970051.0,-11733752112.0,-9120516576.0,매출,영업손실,제 6 기,제 5 기
00977641,하이로닉,149980,2023,연결재무제표,33731985488.0,27567596629.0,5270588753.0,3581104785.0,매출액,영업이익(손실),제 17 기,제 16 기
00977641,하이로닉,149980,2024,연결재무제표,31628770815.0,33731985488.0,-4757481207.0,5270588753.0,매출액,영업이익(손실),제 18 기,제 17 기
00977641,하이로닉,149980,2025,연결재무제표,32086031399.0,31628770815.0,4102222097.0,-6351655349.0,매출액,영업이익(손실),제 19 기,제 18 기
00165060,하이록코리아,013030,2023,연결재무제표,188839137919.0,182851091417.0,51891524969.0,40696178383.0,매출액,영업이익(손실),제 46 기,제 45 기
00165060,하이록코리아,013030,2024,연결재무제표,190512316067.0,188839137919.0,50130706673.0,51891524969.0,매출액,영업이익(손실),제 47 기,제 46 기
00165060,하이록코리아,013030,2025,연결재무제표,214565849545.0,190512316067.0,58910839555.0,50130706673.0,매출액,영업이익(손실),제 48 기,제 47 기
01204056,하이브,352820,2023,연결재무제표,2178088207000.0,1776153957000.0,295643307000.0,236907930000.0,매출액,영업이익,제 19 기,제 18 기
01204056,하이브,352820,2024,연결재무제표,2255648536000.0,2178088207000.0,184045287000.0,295643307000.0,매출액,영업이익,제 20 기,제 19 기
01204056,하이브,352820,2025,연결재무제표,2649870246000.0,2255648536000.0,49318276000.0,184045287000.0,매출액,영업이익,제 21 기,제 20 기
00825959,하이비젼시스템,126700,2023,연결재무제표,348281451045.0,197677984273.0,58796177634.0,25087168126.0,수익(매출액),영업이익(손실),제 15 기,제 14 기
00825959,하이비젼시스템,126700,2024,연결재무제표,312011802751.0,348281451045.0,30986738252.0,58796177634.0,수익(매출액),영업이익(손실),제 16 기,제 15 기
00825959,하이비젼시스템,126700,2025,연결재무제표,171096948608.0,312011802751.0,-32554245303.0,30986738252.0,수익(매출액),영업이익(손실),제 17 기,제 16 기
00435312,하이스틸,071090,2023,연결재무제표,256655946687.0,316413941902.0,3386282628.0,16870680824.0,매출,영업이익(손실),제 21 기,제 20 기
00435312,하이스틸,071090,2024,연결재무제표,246263519268.0,256655946687.0,911764312.0,3386282628.0,매출,영업이익(손실),제 22 기,제 21 기
00435312,하이스틸,071090,2025,연결재무제표,256623288696.0,246263519268.0,-3324575453.0,911764312.0,수익(매출액),영업이익(손실),제 23 기,제 22 기
01705625,하이제8호기업인수목적,450050,2024,별도재무제표,0.0,0.0,-24264270.0,-33693270.0,영업수익,영업이익(손실),제 3 기,제 2 기
00650771,하이젠알앤엠,160190,2024,연결재무제표,75886180614.0,77247394706.0,-369253550.0,4336496285.0,수익(매출액),영업이익(손실),제 18 기,제 17 기
00650771,하이젠알앤엠,160190,2025,연결재무제표,73543971242.0,75886180614.0,-8908556551.0,-369253550.0,수익(매출액),영업이익(손실),제 19 기,제 18 기
00688358,하이즈항공,221840,2023,연결재무제표,80764375263.0,58776316282.0,-4542965438.0,-8448934751.0,매출액,영업이익,제 23 기,제 22 기
00688358,하이즈항공,221840,2024,연결재무제표,86545570784.0,80764375263.0,-2233544512.0,-4542965438.0,매출액,영업이익,제 24 기,제 23 기
00688358,하이즈항공,221840,2025,연결재무제표,84621119162.0,86545570784.0,4601007049.0,-2233544512.0,매출액,영업이익,제 25 기,제 24 기
00409964,하이텍팜,106190,2023,별도재무제표,76772140714.0,102947209339.0,10088910954.0,4927317429.0,수익(매출액),영업이익(손실),제 26 기,제 25 기
00409964,하이텍팜,106190,2024,별도재무제표,77513117378.0,76772140714.0,15557754205.0,10088910954.0,수익(매출액),영업이익(손실),제 27 기,제 26 기
00409964,하이텍팜,106190,2025,별도재무제표,70183145366.0,77513117378.0,12856017087.0,15557754205.0,수익(매출액),영업이익(손실),제 28 기,제 27 기
00150244,하이트진로,000080,2023,연결재무제표,2520181551629.0,2497554821448.0,123919983380.0,190571249139.0,수익(매출액),영업이익,제 72 기,제 71 기
00150244,하이트진로,000080,2024,연결재무제표,2599183408023.0,2520181551629.0,208141871425.0,123919983380.0,수익(매출액),영업이익,제 73 기,제 72 기
00150244,하이트진로,000080,2025,연결재무제표,2498566821284.0,2599183408023.0,172338670998.0,208141871425.0,수익(매출액),영업이익,제 74 기,제 73 기
00148993,하이트진로홀딩스,000140,2023,연결재무제표,2506869281995.0,2484277054372.0,138073290650.0,202502517207.0,매출액,영업이익,제 109 기,제 108 기
00148993,하이트진로홀딩스,000140,2024,연결재무제표,2585068710459.0,2506869281995.0,221794886726.0,138073290650.0,영업수익,영업손익,제 110 기,제 109 기
00148993,하이트진로홀딩스,000140,2025,연결재무제표,2484504029642.0,2585068710459.0,183252663765.0,221794886726.0,영업수익,영업손익,제 111 기,제 110 기
00391197,하이퍼코퍼레이션,065650,2023,별도재무제표,52042005467.0,45289903870.0,-1348575862.0,-4058292294.0,매출액,영업이익(손실),제 27 기,제 26 기
00391197,하이퍼코퍼레이션,065650,2024,연결재무제표,58463471347.0,42884996261.0,-6051593319.0,-1893818832.0,매출액,영업이익(손실),제 28 기,제 27 기
00391197,하이퍼코퍼레이션,065650,2025,연결재무제표,76186605609.0,57699281503.0,-4281271081.0,-3854087462.0,매출액,영업이익(손실),제 29 기,제 28 기
00221728,하츠,066130,2023,별도재무제표,154622787162.0,143130132137.0,6282289333.0,7183438566.0,매출액,영업이익,제 36 기,제 35 기
00221728,하츠,066130,2024,별도재무제표,186549537819.0,154622787162.0,10713401256.0,6282289333.0,매출액,영업이익,제 37 기,제 36 기
00221728,하츠,066130,2025,별도재무제표,176939282893.0,186549537819.0,10354345313.0,10713401256.0,수익(매출액),영업이익(손실),제 38 기,제 37 기
00156442,한국가구,004590,2023,연결재무제표,102947090163.0,100899670225.0,12426948013.0,14679524618.0,수익(매출액),영업이익,제 58 기,제 57 기
00156442,한국가구,004590,2024,연결재무제표,128719457546.0,102947090163.0,17822858597.0,12426948013.0,수익(매출액),영업이익,제 59 기,제 58 기
00156442,한국가구,004590,2025,연결재무제표,141617438014.0,128719457546.0,17534529185.0,17822858597.0,수익(매출액),영업이익,제 60 기,제 59 기
00261285,한국가스공사,036460,2023,연결재무제표,44555995015027.0,51724286632369.0,1553418857598.0,2463421952045.0,영업수익,영업이익(손실),제 41 기,제 40 기
00261285,한국가스공사,036460,2024,연결재무제표,38388740000000.0,44555995000000.0,3003363000000.0,1553419000000.0,영업수익,영업이익(손실),제 42 기,제 41 기
00261285,한국가스공사,036460,2025,연결재무제표,35727336000000.0,38388740000000.0,2101151000000.0,3003363000000.0,수익(매출액),영업이익,제 43 기,제 42 기
00263371,한국경제TV,039340,2023,연결재무제표,82309037647.0,88585591308.0,4663688185.0,8435826362.0,영업수익,영업이익(손실),제 25 기,제 24 기
00263371,한국경제TV,039340,2024,연결재무제표,79506478767.0,80499596238.0,1130184199.0,5130562122.0,영업수익,영업이익(손실),제 26 기,제 25 기
00263371,한국경제TV,039340,2025,연결재무제표,75910005501.0,79506478767.0,-2375020915.0,1130184199.0,영업수익,영업이익(손실),제 27 기,제 26 기
00156691,한국공항,005430,2023,연결재무제표,544725137436.0,400521081627.0,33969013124.0,2592551465.0,매출액,영업이익(손실),제 57 기,제 56 기
00156691,한국공항,005430,2024,연결재무제표,626537271117.0,544725137436.0,45009646028.0,33969013124.0,매출액,영업이익(손실),제 58 기,제 57 기
00156691,한국공항,005430,2025,연결재무제표,663192785932.0,626537271117.0,47014830454.0,45009646028.0,수익(매출액),영업이익(손실),제 59 기,제 58 기
00432102,한국금융지주,071050,2023,연결재무제표,20893370651649.0,22939529241985.0,820404542965.0,545781243811.0,영업수익,영업이익,제 22 기,제 21 기
00432102,한국금융지주,071050,2024,연결재무제표,21174133586717.0,20893370651649.0,1199724124887.0,820404542965.0,영업수익,영업이익,제 23 기,제 22 기
00432102,한국금융지주,071050,2025,연결재무제표,556112000000.0,405445000000.0,2345329000000.0,1199724000000.0,영업외수익,영업이익,제 24 기,제 23 기
00156956,한국기업평가,034950,2023,연결재무제표,95594059688.0,101576018426.0,25839533932.0,29929805340.0,수익(매출액),영업이익,제 42 기,제 41 기
00156956,한국기업평가,034950,2024,연결재무제표,104057473143.0,95594059688.0,32680454148.0,25839533932.0,수익(매출액),영업이익,제 43 기,제 42 기
00156956,한국기업평가,034950,2025,연결재무제표,109781324514.0,104057473143.0,34339555609.0,32680454148.0,영업수익,영업이익,제 44 기,제 43 기
00160205,한국내화,010040,2023,연결재무제표,411810116407.0,358774066756.0,-7538507015.0,10520196988.0,수익(매출액),영업이익(손실),제 50 기,제 49 기
00160205,한국내화,010040,2024,연결재무제표,416008387892.0,411810116407.0,8586286130.0,-7538507015.0,수익(매출액),영업이익(손실),제 51 기,제 50 기
00160205,한국내화,010040,2025,연결재무제표,406341175254.0,416008387892.0,2776126317.0,8586286130.0,매출액,영업이익,제 52 기,제 51 기
00157070,한국단자공업,025540,2023,연결재무제표,1296939956432.0,1168134977282.0,111745138186.0,64257366734.0,매출액,영업이익,제 51 기,제 50 기
00157070,한국단자공업,025540,2024,연결재무제표,1509791409000.0,1296939956000.0,171313335000.0,111745138000.0,수익(매출액),영업이익,제 52 기,제 51 기
00157070,한국단자공업,025540,2025,연결재무제표,1442849979000.0,1509791409000.0,139253322000.0,171313335000.0,수익(매출액),영업이익,제 53 기,제 52 기
00579139,한국맥널티,222980,2023,연결재무제표,78399918458.0,70214592825.0,-4185981235.0,-669783264.0,매출액,영업이익(손실),제 27 기,제 26 기
00579139,한국맥널티,222980,2024,연결재무제표,88832089424.0,78399918458.0,571296895.0,-4185981235.0,매출액,영업이익(손실),제 28 기,제 27 기
00579139,한국맥널티,222980,2025,연결재무제표,96309714203.0,88832089424.0,-1104575559.0,571296895.0,매출액,영업이익(손실),제 29 기,제 28 기
00160418,한국무브넥스,010100,2023,연결재무제표,1510805866604.0,1371353848027.0,59337787778.0,37003638271.0,수익(매출액),영업이익(손실),제 50 기,제 49 기
00160418,한국무브넥스,010100,2024,연결재무제표,1567411153543.0,1510805866604.0,43673714640.0,59337787778.0,수익(매출액),영업이익(손실),제 51 기,제 50 기
00160418,한국무브넥스,010100,2025,연결재무제표,1699315845004.0,1567411153543.0,25317272325.0,43673714640.0,수익(매출액),영업이익,제 52 기,제 51 기
01179617,한국비엔씨,256840,2023,연결재무제표,80997489681.0,42303378385.0,6045988919.0,-10096839835.0,수익(매출액),영업이익(손실),제 8 기,제 7 기
01179617,한국비엔씨,256840,2024,연결재무제표,89229997633.0,80997489681.0,10705760232.0,6045988919.0,수익(매출액),영업이익(손실),제 9 기,제 8 기
01179617,한국비엔씨,256840,2025,연결재무제표,95899224534.0,89229997633.0,1630469768.0,10705760232.0,매출액,영업이익,제 10 기,제 9 기
01031229,한국비티비,219750,2023,연결재무제표,2698330828.0,5669831641.0,-7328519918.0,-7607617986.0,매출액,영업이익(손실),제 25 기,제 24 기
01031229,한국비티비,219750,2024,별도재무제표,30135373919.0,31436243620.0,987995029.0,1340382942.0,매출액,영업이익,제 26 기,제 25 기
01031229,한국비티비,219750,2025,별도재무제표,32030669908.0,30135373919.0,-2851743340.0,987995029.0,매출액,영업이익（손실）,제 27 기,제 26 기
00157991,한국석유공업,004090,2023,연결재무제표,679233435585.0,747935988449.0,15186111924.0,17997729590.0,매출액,영업이익,제 60 기,제 59 기
00157991,한국석유공업,004090,2024,연결재무제표,721176274228.0,679233435585.0,13916814381.0,15186111924.0,매출액,영업이익,제 61 기,제 60 기
00157991,한국석유공업,004090,2025,연결재무제표,696926234873.0,726195804425.0,11844186456.0,18774769252.0,매출액,영업이익,제 62 기,제 61 기
00158015,한국선재,025550,2023,연결재무제표,248447837494.0,245485561063.0,5122217251.0,11285220408.0,수익(매출액),영업이익(손실),제 34 기,제 33 기
00158015,한국선재,025550,2024,연결재무제표,223448269998.0,248447837494.0,6030464438.0,5122217251.0,수익(매출액),영업이익(손실),제 35 기,제 34 기
00158015,한국선재,025550,2025,연결재무제표,219400375461.0,223448269998.0,8174673980.0,6030464438.0,수익(매출액),영업이익(손실),제 36 기,제 35 기
00158112,한국수출포장공업,002200,2023,연결재무제표,312304377084.0,341420236472.0,22880520713.0,25702536748.0,매출액,영업이익(손실),제 67 기,제 66 기
00158112,한국수출포장공업,002200,2024,연결재무제표,301761200613.0,312304377084.0,-585859876.0,22880520713.0,매출액,영업이익(손실),제 68 기,제 67 기
00158112,한국수출포장공업,002200,2025,연결재무제표,289599658247.0,301761200613.0,-6557378537.0,-585859876.0,매출액,영업이익(손실),제 69 기,제 68 기
00158149,한국쉘석유,002960,2023,별도재무제표,320486205004.0,301642199205.0,42296587917.0,35071601445.0,매출액,영업이익,제 63 기,제 62 기
00158149,한국쉘석유,002960,2024,별도재무제표,327169149754.0,320486205004.0,45955067339.0,42296587917.0,수익(매출액),영업이익(손실),제 64 기,제 63 기
00158149,한국쉘석유,002960,2025,별도재무제표,344959163929.0,327169149754.0,52781327678.0,45955067339.0,수익(매출액),영업이익(손실),제 65 기,제 64 기
00148504,한국스탠다드차타드은행,000110,2023,연결재무제표,28292000000.0,32371000000.0,471154000000.0,489643000000.0,영업외수익,영업이익(손실),제 144 기,제 143 기
00148504,한국스탠다드차타드은행,000110,2024,연결재무제표,22266000000.0,28292000000.0,528444000000.0,471154000000.0,영업외수익,영업이익(손실),제 145 기,제 144 기
00148504,한국스탠다드차타드은행,000110,2025,연결재무제표,29926000000.0,22266000000.0,336777000000.0,528444000000.0,영업외수익,영업이익(손실),제 146 기,제 145 기
00161444,한국씨티은행,016830,2023,연결재무제표,21357000000.0,21841000000.0,363012000000.0,212185000000.0,기타영업수익,영업이익(손실),제 41 기,제 40 기
00161444,한국씨티은행,016830,2024,연결재무제표,28304000000.0,21357000000.0,1042972000000.0,988333000000.0,기타영업수익,순영업이익,제 42 기,제 41 기
00161444,한국씨티은행,016830,2025,연결재무제표,38236000000.0,28304000000.0,1021321000000.0,1042972000000.0,기타영업수익,순영업이익,제 43 기,제 42 기
00158565,한국알콜,017890,2023,연결재무제표,438274113703.0,512698074574.0,21881585998.0,25203198397.0,수익(매출액),영업이익(손실),제 40 기,제 39 기
00158565,한국알콜,017890,2024,연결재무제표,421013788394.0,438274113703.0,27434700534.0,21881585998.0,수익(매출액),영업이익(손실),제 41 기,제 40 기
00158565,한국알콜,017890,2025,연결재무제표,423883457380.0,421013788394.0,31816924771.0,27434700534.0,매출액,영업이익,제 42 기,제 41 기
00160047,한국앤컴퍼니,000240,2023,연결재무제표,1089668057103.0,1095895770449.0,256563452628.0,245248895826.0,매출액,영업이익,제 70 기,제 69 기
00160047,한국앤컴퍼니,000240,2024,연결재무제표,1390995724547.0,1089668057103.0,418268299588.0,256563452628.0,매출액,영업이익,제 71 기,제 70 기
00160047,한국앤컴퍼니,000240,2025,연결재무제표,1457551700261.0,1390995724547.0,411626236474.0,418268299588.0,매출액,영업이익,제 72 기,제 71 기
00532855,한국유니온제약,080720,2023,연결재무제표,63169009710.0,61293490389.0,-5232981270.0,1271423011.0,수익(매출액),영업이익(손실),제 39 기,제 38 기
00532855,한국유니온제약,080720,2024,연결재무제표,51279935387.0,63169009710.0,-13450213159.0,-5232981270.0,수익(매출액),영업이익(손실),제 40 기,제 39 기
00532855,한국유니온제약,080720,2025,연결재무제표,36378273562.0,51279935387.0,-17231756552.0,-13494317826.0,수익(매출액),영업이익(손실),제 41 기,제 40 기
00404701,한국자산신탁,123890,2023,연결재무제표,259071620425.0,232964573062.0,116706241689.0,146870303642.0,영업수익,영업이익,제 23 기,제 22 기
00404701,한국자산신탁,123890,2024,연결재무제표,226447627661.0,259071620425.0,51764548804.0,116706241689.0,영업수익,영업이익,제 24 기,제 23 기
00404701,한국자산신탁,123890,2025,연결재무제표,204288412188.0,226447627661.0,34227305882.0,51764548804.0,영업수익,영업이익,제 25 기,제 24 기
00159193,한국전력공사,015760,2023,연결재무제표,88219461000000.0,71257863000000.0,-4541648000000.0,-32655153000000.0,수익(매출액),영업이익(손실),제 63 기,제 62 기
00159193,한국전력공사,015760,2024,연결재무제표,93398896000000.0,88219461000000.0,8364710000000.0,-4541648000000.0,매출액,영업이익(손실),제 64 기,제 63 기
00159193,한국전력공사,015760,2025,연결재무제표,97429346000000.0,93398896000000.0,13490557000000.0,8364710000000.0,매출액,영업이익(손실),제 65 기,제 64 기
00361169,한국전자인증,041460,2023,연결재무제표,38340871020.0,38522794762.0,3140593441.0,4960327256.0,수익(매출액),영업이익(손실),제 25 기,제 24 기
00361169,한국전자인증,041460,2024,연결재무제표,37086529359.0,38340871020.0,4724845238.0,3140593441.0,수익(매출액),영업이익(손실),제 26 기,제 25 기
00361169,한국전자인증,041460,2025,연결재무제표,36746209552.0,37086529359.0,6726887202.0,4724845238.0,수익(매출액),영업이익(손실),제 27 기,제 26 기
00159254,한국전자홀딩스,006200,2023,연결재무제표,266806350932.0,323979889281.0,-24677103505.0,30029847771.0,매출액,영업이익(손실),제 56 기,제 55 기
00159254,한국전자홀딩스,006200,2024,연결재무제표,294303954603.0,266806350932.0,-4125572651.0,-24677103505.0,I. 매출액,Ⅳ. 영업이익(손실),제 57 기,제 56 기
00159254,한국전자홀딩스,006200,2025,연결재무제표,275886966324.0,294303954603.0,-14050515935.0,-4125572651.0,영업수익,Ⅳ. 영업이익(손실),제 58 기,제 57 기
00257732,한국정밀기계,101680,2023,별도재무제표,43727516189.0,42292335646.0,-7015040631.0,1517355664.0,매출액,영업이익(손실),제 26 기,제 25 기
00257732,한국정밀기계,101680,2024,별도재무제표,63700982506.0,43727516189.0,2072658584.0,-7015040631.0,매출액,영업이익(손실),제 27 기,제 26 기
00257732,한국정밀기계,101680,2025,별도재무제표,30571562943.0,63700982506.0,-7526560759.0,2072658584.0,매출액,영업이익(손실),제 28 기,제 27 기
00261957,한국정보공학,039740,2023,연결재무제표,115565226996.0,105375235088.0,60322203.0,1838007687.0,매출액,영업이익(손실),제 34 기,제 33 기
00261957,한국정보공학,039740,2024,연결재무제표,194097605759.0,115565226996.0,617465379.0,60322203.0,매출액,영업이익(손실),제 35 기,제 34 기
00261957,한국정보공학,039740,2025,연결재무제표,146286069658.0,194097605759.0,419582410.0,617465379.0,매출액,영업이익(손실),제 36 기,제 35 기
00306454,한국정보인증,053300,2023,연결재무제표,92218769214.0,87825669753.0,13967404091.0,15710866017.0,영업수익,영업이익,제 25 기,제 24 기
00306454,한국정보인증,053300,2024,연결재무제표,121892962888.0,92218769214.0,18858752108.0,13967404091.0,Ⅰ.영업수익,Ⅲ.영업이익,제 26 기,제 25 기
00306454,한국정보인증,053300,2025,연결재무제표,138465829337.0,121892962888.0,27060645605.0,18858752108.0,영업수익,영업이익(손실),제 27 기,제 26 기
00159342,한국정보통신,025770,2023,연결재무제표,725118196000.0,595450481000.0,35677366000.0,27120718000.0,매출액,영업이익(손실),제 38 기,제 37 기
00159342,한국정보통신,025770,2024,연결재무제표,790967629000.0,725118196000.0,39125171000.0,35677366000.0,매출액,영업이익,제 39 기,제 38 기
00159342,한국정보통신,025770,2025,연결재무제표,836329617000.0,790967629000.0,45228362000.0,39125171000.0,매출액,영업이익(손실),제 40 기,제 39 기
00133706,한국제지,027970,2023,연결재무제표,712027094858.0,684782846018.0,13502308684.0,21447275961.0,매출액,영업이익,제 40 기,제 39 기
00133706,한국제지,027970,2024,연결재무제표,792088806468.0,712027094858.0,19319754356.0,13502308684.0,매출액,영업이익,제 41 기,제 40 기
00133706,한국제지,027970,2025,연결재무제표,753679418454.0,792088806468.0,3122808540.0,19319754356.0,매출액,영업이익,제 42 기,제 41 기
00159500,한국종합기술,023350,2023,별도재무제표,376919437380.0,283702516162.0,3992264949.0,5425716889.0,매출액,영업이익,제 61 기,제 60 기
00159500,한국종합기술,023350,2024,별도재무제표,398913378204.0,376919437380.0,902249305.0,3992264949.0,매출액,영업이익,제 62 기,제 61 기
00159500,한국종합기술,023350,2025,연결재무제표,412908754076.0,398913378204.0,6039606720.0,902249305.0,매출액,영업이익,제 63 기,제 62 기
00159564,한국주강,025890,2023,별도재무제표,53811233052.0,54371102413.0,2418860915.0,-517656122.0,수익(매출액),영업이익(손실),제 37 기,제 36 기
00159564,한국주강,025890,2024,별도재무제표,47283741622.0,53811233052.0,1074954369.0,2418860915.0,수익(매출액),영업이익(손실),제 38 기,제 37 기
00159564,한국주강,025890,2025,별도재무제표,39872284084.0,47283741622.0,-176671310.0,1074954369.0,수익(매출액),영업이익(손실),제 39 기,제 38 기
00159573,한국주철관공업,000970,2023,연결재무제표,456325697481.0,484291225781.0,20384146359.0,13990246944.0,매출액,영업이익,제 72 기,제 71 기
00159573,한국주철관공업,000970,2024,연결재무제표,419416899335.0,456325697481.0,15445910306.0,20384146359.0,매출액,영업이익,제 73 기,제 72 기
00159573,한국주철관공업,000970,2025,연결재무제표,406620008497.0,419416899335.0,13295560073.0,15445910306.0,수익(매출액),영업이익,제 74 기,제 73 기
00687711,한국철강,104700,2023,별도재무제표,905095863024.0,1064176509409.0,86552278453.0,121498017095.0,매출액,영업이익,제 16 기,제 15 기
00687711,한국철강,104700,2024,별도재무제표,600003866825.0,905095863024.0,1813549115.0,86552278453.0,매출액,영업이익,제 17 기,제 16 기
00687711,한국철강,104700,2025,별도재무제표,486605490510.0,600003866825.0,-38699180493.0,1813549115.0,매출액,영업이익,제 18 기,제 17 기
00403766,한국첨단소재,062970,2023,별도재무제표,14413036040.0,21300638514.0,-3022997841.0,827152649.0,매출액,영업이익(손실),제 25 기,제 24 기
00403766,한국첨단소재,062970,2024,별도재무제표,6504557437.0,14413036040.0,-4796341251.0,-3022997841.0,수익(매출액),영업이익(손실),제 26 기,제 25 기
00403766,한국첨단소재,062970,2025,별도재무제표,3580740155.0,6504557437.0,-3415077910.0,-4796341251.0,수익(매출액),영업이익(손실),제 27 기,제 26 기
00159795,한국카본,017960,2023,연결재무제표,594417384371.0,369270866021.0,16465724514.0,24798059067.0,수익(매출액),영업이익(손실),제 40 기,제 39 기
00159795,한국카본,017960,2024,연결재무제표,741740847191.0,594417384371.0,45446301892.0,16465724514.0,수익(매출액),영업이익(손실),제 41 기,제 40 기
00159795,한국카본,017960,2025,연결재무제표,908810220281.0,741740847191.0,130950531954.0,45446301892.0,수익(매출액),영업이익(손실),제 42 기,제 41 기
00149594,한국캐피탈,023760,2023,연결재무제표,5136835209.0,197480003.0,82139916795.0,88878740608.0,영업외수익,영업이익,제 35 기,제 34 기
00149594,한국캐피탈,023760,2024,연결재무제표,7402324457.0,5136835209.0,96867260498.0,82139916795.0,영업외수익,영업이익,제 36 기,제 35 기
00149594,한국캐피탈,023760,2025,연결재무제표,6854113698.0,7402324457.0,127921709129.0,96867260498.0,영업외수익,영업이익,제 37 기,제 36 기
00303396,한국컴퓨터,054040,2023,연결재무제표,371742901465.0,423660370243.0,23801779319.0,18824801736.0,수익(매출액),영업이익(손실),제 30 기,제 29 기
00303396,한국컴퓨터,054040,2024,연결재무제표,421024908274.0,371742901465.0,12158093987.0,23801779319.0,수익(매출액),영업이익(손실),제 31 기,제 30 기
00303396,한국컴퓨터,054040,2025,연결재무제표,417773004030.0,421024908274.0,22860563344.0,12158093987.0,수익(매출액),영업이익(손실),제 32 기,제 31 기
00939331,한국콜마,161890,2023,연결재무제표,2155675927422.0,1865731523035.0,136143339992.0,73280441382.0,매출액,영업이익,제 12 기,제 11 기
00939331,한국콜마,161890,2024,연결재무제표,2452063980463.0,2155675927422.0,193850424348.0,136143339992.0,매출액,영업이익(손실),제 13 기,제 12 기
00939331,한국콜마,161890,2025,연결재무제표,2722419169325.0,2452063980463.0,239594740448.0,193850424348.0,매출액,영업이익(손실),제 14 기,제 13 기
00160010,한국큐빅,021650,2023,연결재무제표,252096865048.0,210049895609.0,10647846417.0,9058282896.0,수익(매출액),영업이익(손실),제 35 기,제 34 기
00160010,한국큐빅,021650,2024,연결재무제표,252147530422.0,252096865048.0,11435096474.0,10647846417.0,수익(매출액),영업이익(손실),제 36 기,제 35 기
00160010,한국큐빅,021650,2025,연결재무제표,227225841275.0,252147530422.0,7932698423.0,11435096474.0,수익(매출액),영업이익(손실),제 37 기,제 36 기
00937324,한국타이어앤테크놀로지,161390,2023,연결재무제표,8939621475507.0,8394203036511.0,1327945320791.0,705818089039.0,매출액,영업이익,제 12 기,제 11 기
00937324,한국타이어앤테크놀로지,161390,2024,연결재무제표,9411947926996.0,8939621475507.0,1762260288101.0,1327945320791.0,매출액,영업이익,제 13 기,제 12 기
00937324,한국타이어앤테크놀로지,161390,2025,연결재무제표,21202299462815.0,9411947926996.0,1841075890332.0,1762260288101.0,매출액,영업이익,제 14 기,제 13 기
00233653,한국토지신탁,034830,2023,연결재무제표,270086082704.0,212858233033.0,31235368989.0,53334542435.0,영업수익,영업이익(손실),제 28 기,제 27 기
00233653,한국토지신탁,034830,2024,연결재무제표,236337804592.0,270086082704.0,33943466106.0,31235368989.0,영업수익,영업이익(손실),제 29 기,제 28 기
00233653,한국토지신탁,034830,2025,연결재무제표,184359776341.0,236337804592.0,-20879502584.0,33943466106.0,영업수익,영업이익(손실),제 30 기,제 29 기
00124090,한국특강,007280,2023,별도재무제표,830391818276.0,795939630828.0,47315792559.0,30643132332.0,매출액,영업이익(손실),제 53 기,제 52 기
00124090,한국특강,007280,2024,별도재무제표,768777778364.0,830391818276.0,10612175190.0,47315792559.0,수익(매출액),영업이익(손실),제 54 기,제 53 기
00124090,한국특강,007280,2025,별도재무제표,767140668215.0,768777778364.0,11739651238.0,10612175190.0,수익(매출액),영업이익(손실),제 55 기,제 54 기
00187770,한국파마,032300,2023,별도재무제표,83240454815.0,81029421374.0,6269393301.0,6187122199.0,매출액,영업이익(손실),제 39 기,제 38 기
00187770,한국파마,032300,2024,별도재무제표,81277283919.0,83240454815.0,6086466794.0,6269393301.0,매출액,영업이익(손실),제 40 기,제 39 기
00187770,한국파마,032300,2025,별도재무제표,87601377061.0,81277283919.0,-887328366.0,6086466794.0,매출액,영업이익(손실),제 41 기,제 40 기
00198192,한국팩키지,037230,2023,별도재무제표,228068585477.0,217319292042.0,8550618324.0,585960544.0,매출액,영업이익(손실),제 31 기,제 30 기
00198192,한국팩키지,037230,2024,별도재무제표,225600709096.0,228068585477.0,6793927118.0,8550618324.0,매출액,영업이익(손실),제 32 기,제 31 기
00198192,한국팩키지,037230,2025,별도재무제표,224078895876.0,225600709096.0,9944566716.0,6793927118.0,매출액,영업이익,제 33 기,제 32 기
00765897,한국피아이엠,448900,2025,연결재무제표,36931110519.0,37447247186.0,1455551263.0,3606809251.0,수익(매출액),영업이익(손실),제 25 기,제 24 기
00309503,한국항공우주,047810,2023,연결재무제표,3819344382446.0,2786888282702.0,247510483155.0,141617667318.0,수익(매출액),영업이익(손실),제 25 기,제 24 기
00309503,한국항공우주,047810,2024,연결재무제표,3633742105840.0,3819344382446.0,240718310400.0,247510483155.0,수익(매출액),영업이익(손실),제 26 기,제 25 기
00309503,한국항공우주,047810,2025,연결재무제표,3696379351601.0,3633742105840.0,269190196660.0,240718310400.0,수익(매출액),영업이익(손실),제 27 기,제 26 기
00823429,한국화장품,123690,2023,연결재무제표,78712916916.0,66046677154.0,3054862344.0,-23014169.0,매출액,영업이익(손실),제 14 기,제 13 기
00823429,한국화장품,123690,2024,연결재무제표,92787843982.0,78712916916.0,3713273746.0,3054862344.0,매출액,영업이익,제 15 기,제 14 기
00823429,한국화장품,123690,2025,연결재무제표,85031829899.0,92787843982.0,527535271.0,3713273746.0,매출액,영업이익,제 16 기,제 15 기
00160621,한국화장품제조,003350,2023,별도재무제표,109337763369.0,103876968519.0,9024560440.0,4318000672.0,매출액,영업손익,제 62 기,제 61 기
00160621,한국화장품제조,003350,2024,별도재무제표,167469221700.0,109337763369.0,26545200453.0,9024560440.0,매출액,영업손익,제 63 기,제 62 기
00160621,한국화장품제조,003350,2025,별도재무제표,184628302893.0,167469221700.0,32883912931.0,26545200453.0,매출액,영업손익,제 64 기,제 63 기
00244783,한네트,052600,2023,별도재무제표,24893455015.0,21962274512.0,3332116674.0,2490505606.0,Ⅰ. 매출액,Ⅳ. 영업이익,제 27 기,제 26 기
00244783,한네트,052600,2024,별도재무제표,25897668830.0,24893455015.0,4204357759.0,3332116674.0,Ⅰ. 매출액,Ⅳ. 영업이익,제 28 기,제 27 기
00244783,한네트,052600,2025,별도재무제표,26825732603.0,25897668830.0,4372759936.0,4204357759.0,Ⅰ. 매출액,Ⅳ. 영업이익,제 29 기,제 28 기
00160861,한농화성,011500,2023,별도재무제표,212395970159.0,239432889248.0,-2427541808.0,4544911205.0,수익(매출액),영업이익(손실),제 48 기,제 47 기
00160861,한농화성,011500,2024,별도재무제표,247473264569.0,212395970159.0,6085620165.0,-2427541808.0,수익(매출액),영업이익(손실),제 49 기,제 48 기
00160861,한농화성,011500,2025,별도재무제표,214492954042.0,247473264569.0,3577198138.0,6085620165.0,매출액,영업이익,제 50 기,제 49 기
00161046,한독,002390,2023,연결재무제표,522741079531.0,543759151916.0,12578832018.0,28496185960.0,수익(매출액),영업이익,제 66 기,제 65 기
00161046,한독,002390,2024,연결재무제표,507358329302.0,522741079531.0,538506984.0,12578832018.0,매출액,영업이익,제 67 기,제 66 기
00161046,한독,002390,2025,연결재무제표,535137855367.0,507358329302.0,3291476727.0,538506984.0,매출액,영업이익,제 68 기,제 67 기
01069736,한독크린텍,256150,2023,별도재무제표,65070075098.0,59149129432.0,5207688406.0,5073185064.0,매출액,영업이익(손실),제 21 기,제 20 기
01069736,한독크린텍,256150,2024,별도재무제표,68243493085.0,65070075098.0,3495586060.0,5207688406.0,매출액,영업이익,제 22 기,제 21 기
01069736,한독크린텍,256150,2025,별도재무제표,69443700454.0,68243493085.0,2816572692.0,3495586060.0,매출액,영업이익,제 23 기,제 22 기
00528515,한라IMS,092460,2023,연결재무제표,78944495370.0,98637116561.0,5365190297.0,8815403057.0,수익(매출액),영업이익(손실),제 29 기,제 28 기
00528515,한라IMS,092460,2024,연결재무제표,104235725498.0,78944495370.0,15962864658.0,5365190297.0,수익(매출액),영업이익(손실),제 30 기,제 29 기
00528515,한라IMS,092460,2025,연결재무제표,133476935159.0,104235725498.0,22271950993.0,15962864658.0,매출액,영업이익(손실),제 31 기,제 30 기
00683061,한라캐스트,125490,2025,연결재무제표,155882334021.0,144441528834.0,10292961804.0,12275101471.0,매출액,영업이익(손실),제 21 기,제 20 기
00413523,한미글로벌,053690,2023,연결재무제표,412914975164.0,374414323849.0,29630959031.0,30651133401.0,수익(매출액),영업이익(손실),제 28 기,제 27 기
00413523,한미글로벌,053690,2024,연결재무제표,424771849486.0,412914975164.0,33916675016.0,29630959031.0,수익(매출액),영업이익(손실),제 29 기,제 28 기
00413523,한미글로벌,053690,2025,연결재무제표,448833661148.0,424771849486.0,30613575138.0,33916675016.0,매출액,영업이익(손실),제 30 기,제 29 기
00161383,한미반도체,042700,2023,연결재무제표,159008528366.0,327592058714.0,34571410992.0,111859422080.0,매출액,영업이익,제 44 기,제 43 기
00161383,한미반도체,042700,2024,연결재무제표,558917191547.0,159008528366.0,255391604854.0,34571410992.0,수익(매출액),영업이익(손실),제 45 기,제 44 기
00161383,한미반도체,042700,2025,연결재무제표,576684619527.0,558917191547.0,251390142142.0,255391604854.0,수익(매출액),영업이익(손실),제 46 기,제 45 기
00161426,한미사이언스,008930,2023,연결재무제표,1247906379068.0,1046054210838.0,124468680998.0,67626014492.0,영업수익,영업이익(손실),제 51 기,제 50 기
00161426,한미사이언스,008930,2024,연결재무제표,1283432295647.0,1247906379068.0,98867912225.0,124468680998.0,영업수익,영업이익,제 52 기,제 51 기
00161426,한미사이언스,008930,2025,연결재무제표,1356957532846.0,1283432295647.0,138727168534.0,98867912225.0,영업수익,영업이익,제 53 기,제 52 기
00828497,한미약품,128940,2023,연결재무제표,1490887463726.0,1331546600126.0,220691065020.0,158090311455.0,매출액,영업이익,제 14 기,제 13 기
00828497,한미약품,128940,2024,연결재무제표,1495501575568.0,1490887463726.0,216186188006.0,220691065020.0,매출액,영업이익,제 15 기,제 14 기
00828497,한미약품,128940,2025,연결재무제표,1547531098763.0,1495501575568.0,257799090185.0,216186188006.0,매출액,영업이익,제 16 기,제 15 기
00607496,한빛레이저,452190,2023,연결재무제표,22675958450.0,20585914682.0,645281713.0,2383537217.0,매출액,영업이익(손실),제 27 기,제 26 기
00607496,한빛레이저,452190,2024,연결재무제표,18542373276.0,22675958450.0,-2563822865.0,645281713.0,매출액,영업이익(손실),제 28 기,제 27 기
00607496,한빛레이저,452190,2025,연결재무제표,24246148416.0,18542373276.0,1962354931.0,-2563822865.0,매출액,영업이익(손실),제 29 기,제 28 기
00348292,한빛소프트,047080,2023,연결재무제표,25928442550.0,56313132384.0,-6524096635.0,3536564112.0,영업수익,영업이익(손실),제 25 기,제 24 기
00348292,한빛소프트,047080,2024,연결재무제표,33298497710.0,25928442550.0,-1407390281.0,-6524096635.0,영업수익,영업이익(손실),제 26 기,제 25 기
00348292,한빛소프트,047080,2025,연결재무제표,37885851163.0,33298497710.0,284302527.0,-1407390281.0,영업수익,영업이익(손실),제 27 기,제 26 기
00161693,한샘,009240,2023,연결재무제표,1966947033819.0,2000906065724.0,1946608852.0,-21690245389.0,매출액,영업이익(손실),제 51 기,제 50 기
00161693,한샘,009240,2024,연결재무제표,1908390760197.0,1966947033819.0,31229315756.0,1946608852.0,수익(매출액),영업이익(손실),제 52 기,제 51 기
00161693,한샘,009240,2025,연결재무제표,1744538347428.0,1908390760197.0,18491334862.0,31229315756.0,영업수익,영업이익(손실),제 53 기,제 52 기
00958451,한선엔지니어링,452280,2023,별도재무제표,47752548300.0,40971122327.0,6192440505.0,7167697077.0,수익(매출액),영업이익(손실),제 12 기,제 11 기
00958451,한선엔지니어링,452280,2024,별도재무제표,48541119085.0,47752548300.0,4922940420.0,6192440505.0,수익(매출액),영업이익(손실),제 13 기,제 12 기
00958451,한선엔지니어링,452280,2025,별도재무제표,63216280322.0,48541119085.0,9749943247.0,4922940420.0,수익(매출액),영업이익(손실),제 14 기,제 13 기
00188089,한섬,020000,2023,연결재무제표,1528640729242.0,1542221683428.0,100482854275.0,168315660882.0,수익(매출액),영업이익(손실),제 37 기,제 36 기
00188089,한섬,020000,2024,연결재무제표,1485263894672.0,1528640729242.0,63471661044.0,100482854275.0,수익(매출액),영업이익(손실),제 38 기,제 37 기
00188089,한섬,020000,2025,연결재무제표,1491764026000.0,1485263895000.0,52178677000.0,63471661000.0,수익(매출액),영업이익(손실),제 39 기,제 38 기
00161860,한성기업,003680,2023,별도재무제표,320600471187.0,292150981319.0,8069234468.0,7064285768.0,매출액,영업이익,제 55 기,제 54 기
00161860,한성기업,003680,2024,별도재무제표,332486628912.0,320600471187.0,11004187308.0,8212086865.0,매출액,영업이익,제 56 기,제 55 기
00161860,한성기업,003680,2025,별도재무제표,318445028569.0,332486628912.0,5831182465.0,11004187308.0,매출액,영업이익,제 57 기,제 56 기
00389998,한성크린텍,066980,2023,연결재무제표,368427650987.0,322542207888.0,1361500813.0,5594051824.0,매출액,영업이익(손실),제 26 기,제 25 기
00389998,한성크린텍,066980,2024,연결재무제표,155217241244.0,368427650987.0,-50733737756.0,1361500813.0,매출액,영업이익(손실),제 27 기,제 26 기
00389998,한성크린텍,066980,2025,연결재무제표,199851392139.0,155217241244.0,2839554722.0,-50733737756.0,매출액,영업이익(손실),제 28 기,제 27 기
00728638,한세실업,105630,2023,연결재무제표,1708756427696.0,2204761177310.0,168225105469.0,179585878967.0,매출액,영업이익,제 15 기,제 14 기
00728638,한세실업,105630,2024,연결재무제표,1797795746533.0,1708756427696.0,142197707885.0,168225105469.0,매출액,영업이익,제 16 기,제 15 기
00728638,한세실업,105630,2025,연결재무제표,1941776924955.0,1797795746533.0,83416342796.0,142197707885.0,매출액,영업이익,제 17 기,제 16 기
00357360,한세엠케이,069640,2023,연결재무제표,316765794730.0,271479748299.0,-4219075103.0,-21130809388.0,수익(매출액),영업이익(손실),제 29 기,제 28 기
00357360,한세엠케이,069640,2024,연결재무제표,256274313437.0,316765794730.0,-21615548841.0,-4219075103.0,수익(매출액),영업이익(손실),제 30 기,제 29 기
00357360,한세엠케이,069640,2025,연결재무제표,248888878166.0,245074230804.0,-12139453187.0,-17629165465.0,매출액,영업이익(손실),제 31 기,제 30 기
00161976,한세예스24홀딩스,016450,2023,연결재무제표,2780751628151.0,3322113533739.0,189745000099.0,192868855902.0,수익(매출액),영업이익(손실),제 42 기,제 41 기
00161976,한세예스24홀딩스,016450,2024,연결재무제표,2830854661888.0,2780751628151.0,152254632037.0,189745000099.0,수익(매출액),영업이익(손실),제 43 기,제 42 기
00161976,한세예스24홀딩스,016450,2025,연결재무제표,3409830339365.0,2830854661888.0,65466584992.0,152254632037.0,수익(매출액),영업이익(손실),제 44 기,제 43 기
00140946,한솔로지스틱스,009180,2023,연결재무제표,726536824302.0,1015371889567.0,26257482894.0,36349586827.0,매출액,영업이익(손실),제 51 기,제 50 기
00140946,한솔로지스틱스,009180,2024,연결재무제표,687030962683.0,726536824302.0,16777813390.0,26257482894.0,매출액,영업이익,제 52 기,제 51 기
00140946,한솔로지스틱스,009180,2025,연결재무제표,674562421919.0,687030962683.0,20692745041.0,16777813390.0,매출액,영업이익,제 53 기,제 52 기
00625942,한솔아이원스,114810,2023,연결재무제표,123932727886.0,163912364523.0,8216796871.0,36072901461.0,매출액,영업이익,제 19 기,제 18 기
00625942,한솔아이원스,114810,2024,연결재무제표,157137657251.0,123932727886.0,23065681206.0,8216796871.0,매출액,영업이익,제 20 기,제 19 기
00625942,한솔아이원스,114810,2025,연결재무제표,198830230410.0,157137657251.0,33316939791.0,23065681206.0,수익(매출액),영업이익(손실),제 21 기,제 20 기
01060744,한솔제지,213500,2023,연결재무제표,2194102551558.0,2457952593665.0,47243516765.0,130225532966.0,매출액,영업이익,제 9 기,제 8 기
01060744,한솔제지,213500,2024,연결재무제표,2215792424792.0,2194102551558.0,21991294920.0,47243516765.0,매출액,영업이익,제 10 기,제 9 기
01060744,한솔제지,213500,2025,연결재무제표,2290040442405.0,2215792424792.0,49932105257.0,21991294920.0,매출액,영업이익,제 11 기,제 10 기
00140955,한솔케미칼,014680,2023,연결재무제표,771654641559.0,885470791861.0,124144351473.0,185990108464.0,수익(매출액),영업이익,제 44 기,제 43 기
00140955,한솔케미칼,014680,2024,연결재무제표,776356975793.0,771654641559.0,128825376120.0,124144351473.0,수익(매출액),영업이익(손실),제 45 기,제 44 기
00140955,한솔케미칼,014680,2025,연결재무제표,883968714104.0,776356975793.0,156233146521.0,128825376120.0,수익(매출액),영업이익(손실),제 46 기,제 45 기
00157399,한솔테크닉스,004710,2023,연결재무제표,1302679102712.0,1360770096667.0,48937418076.0,55882865715.0,매출액,영업이익,제 58 기,제 57 기
00157399,한솔테크닉스,004710,2024,연결재무제표,1199483140800.0,1302679102712.0,33354584118.0,48937418076.0,수익(매출액),영업이익(손실),제 59 기,제 58 기
00157399,한솔테크닉스,004710,2025,연결재무제표,1252424760923.0,1199483140800.0,20415690200.0,33354584118.0,수익(매출액),영업이익(손실),제 60 기,제 59 기
00103626,한솔피엔에스,010420,2023,연결재무제표,311689112834.0,314246057568.0,-1816644406.0,2686828469.0,수익(매출액),영업이익(손실),제 49 기,제 48 기
00103626,한솔피엔에스,010420,2024,연결재무제표,313649667468.0,311689112834.0,3322525681.0,-1816644406.0,수익(매출액),영업이익(손실),제 50 기,제 49 기
00103626,한솔피엔에스,010420,2025,연결재무제표,306236522591.0,313649667468.0,1217886577.0,3322525681.0,수익(매출액),영업이익(손실),제 51 기,제 50 기
00171636,한솔홀딩스,004150,2023,연결재무제표,443135225000.0,467211080000.0,3998570000.0,19097970000.0,매출액,영업이익,제 59 기,제 58 기
00171636,한솔홀딩스,004150,2024,연결재무제표,791639938000.0,443135225000.0,7479492000.0,3998570000.0,매출액,영업이익,제 60 기,제 59 기
00171636,한솔홀딩스,004150,2025,연결재무제표,1098306886000.0,791639938000.0,22608692000.0,7479492000.0,수익(매출액),영업이익(손실),제 61 기,제 60 기
00203582,한솔홈데코,025750,2023,연결재무제표,300003321949.0,283414199451.0,-2112327227.0,2714713037.0,수익(매출액),영업이익(손실),제 32 기,제 31 기
00203582,한솔홈데코,025750,2024,연결재무제표,327259060393.0,296554843656.0,11420299469.0,3629791218.0,수익(매출액),영업이익(손실),제 33 기,제 32 기
00203582,한솔홈데코,025750,2025,연결재무제표,279816559220.0,327259060393.0,2332615578.0,11420299469.0,매출액,영업이익,제 34 기,제 33 기
00349060,한스바이오메드,042520,2023,연결재무제표,78032037342.0,74458999045.0,-4154876285.0,1292765426.0,수익(매출액),영업이익(손실),제 25 기,제 24 기
00349060,한스바이오메드,042520,2024,연결재무제표,81137434056.0,78032037342.0,625600334.0,-4154876285.0,수익(매출액),영업이익(손실),제 26 기,제 25 기
00349060,한스바이오메드,042520,2025,연결재무제표,89779853611.0,81137434056.0,-25890557566.0,625600334.0,수익(매출액),영업이익(손실),제 27 기,제 26 기
00162063,한신공영,004960,2023,연결재무제표,1309008523014.0,1221553531537.0,14755273986.0,39442102751.0,매출액,영업이익,제 57 기,제 56 기
00162063,한신공영,004960,2024,연결재무제표,1490447569221.0,1309008523014.0,37254849485.0,14755273986.0,매출액,영업이익,제 58 기,제 57 기
00162063,한신공영,004960,2025,연결재무제표,1149191208443.0,1490447569221.0,64521039255.0,37254849485.0,영업수익,영업이익,제 59 기,제 58 기
00162072,한신기계공업,011700,2023,연결재무제표,61254832221.0,56039955371.0,-56581282.0,-9083502590.0,수익(매출액),영업이익(손실),제 48 기,제 47 기
00162072,한신기계공업,011700,2024,연결재무제표,63085257262.0,61254832221.0,-567399357.0,-56581282.0,수익(매출액),영업이익(손실),제 49 기,제 48 기
00162072,한신기계공업,011700,2025,연결재무제표,52718857507.0,63085257262.0,-1477530957.0,-567399357.0,수익(매출액),영업이익(손실),제 50 기,제 49 기
01602638,한싹,430690,2023,연결재무제표,24095098864.0,21902816604.0,2628340155.0,1851925471.0,수익(매출액),영업이익(손실),제 24 기,제 23 기
01602638,한싹,430690,2024,연결재무제표,20518417370.0,24095098864.0,-2712875086.0,2628340155.0,수익(매출액),영업이익(손실),제 25 기,제 24 기
01602638,한싹,430690,2025,연결재무제표,26257901602.0,20518417370.0,-1947522602.0,-2712875086.0,매출액,영업이익(손실),제 26 기,제 25 기
00488989,한양디지텍,078350,2023,연결재무제표,478837673371.0,484769790412.0,19096846275.0,52822812634.0,매출액,영업이익,제 20 기,제 19 기
00488989,한양디지텍,078350,2024,연결재무제표,595167452558.0,478837673371.0,35043091147.0,19096846275.0,매출액,영업이익,제 21 기,제 20 기
00488989,한양디지텍,078350,2025,연결재무제표,651051158827.0,595167452558.0,23871001484.0,35043091147.0,매출액,영업이익,제 22 기,제 21 기
00216762,한양이엔지,045100,2023,연결재무제표,1026166723740.0,1162892663583.0,85109617536.0,75253663052.0,수익(매출액),영업이익(손실),제 36 기,제 35 기
00216762,한양이엔지,045100,2024,연결재무제표,1186292543978.0,1026166723740.0,86192413135.0,85109617536.0,수익(매출액),영업이익(손실),제 37 기,제 36 기
00216762,한양이엔지,045100,2025,연결재무제표,1118180793899.0,1186292543978.0,53710576617.0,86192413135.0,수익(매출액),영업이익(손실),제 38 기,제 37 기
00162416,한양증권,001750,2023,별도재무제표,999032003491.0,1117144964059.0,46294753862.0,37196834948.0,영업수익,영업이익(손실),제 69 기,제 68 기
00162416,한양증권,001750,2024,연결재무제표,833308862395.0,999032003491.0,54449191375.0,46294753862.0,영업수익,영업이익(손실),제 70 기,제 69 기
00162416,한양증권,001750,2025,별도재무제표,909022352850.0,833308862395.0,75310521675.0,54449191375.0,영업수익,영업이익(손실),제 71 기,제 70 기
00161125,한온시스템,018880,2023,연결재무제표,9559328248400.0,8627727574148.0,277278601609.0,256590023453.0,수익(매출액),영업이익(손실),제 38 기,제 37 기
00161125,한온시스템,018880,2024,연결재무제표,9998723268169.0,9521628335626.0,95537353794.0,283584782861.0,수익(매출액),영업이익(손실),제 39 기,제 38 기
00161125,한온시스템,018880,2025,연결재무제표,10883728406019.0,9998723268169.0,270371633168.0,95537353794.0,수익(매출액),영업이익(손실),제 40 기,제 39 기
00162586,한올바이오파마,009420,2023,연결재무제표,134909837622.0,109995418981.0,2211359603.0,1505787596.0,수익(매출액),영업이익(손실),제 51 기,제 50 기
00162586,한올바이오파마,009420,2024,연결재무제표,138943698757.0,134909837622.0,230474890.0,2211359603.0,수익(매출액),영업이익(손실),제 52 기,제 51 기
00162586,한올바이오파마,009420,2025,연결재무제표,155184524107.0,138943698757.0,-915814382.0,230474890.0,수익(매출액),영업이익(손실),제 53 기,제 52 기
01359815,한울반도체,320000,2023,별도재무제표,15967468488.0,20269062117.0,392035396.0,1801558756.0,수익(매출액),영업이익(손실),제 5 기,제 4 기
01359815,한울반도체,320000,2024,별도재무제표,9453392037.0,15967468488.0,-4397605316.0,392035396.0,수익(매출액),영업이익(손실),제 6 기,제 5 기
01359815,한울반도체,320000,2025,연결재무제표,11462850473.0,9453392037.0,-5048215532.0,-4397605316.0,매출액,영업이익(손실),제 7 기,제 6 기
00560122,한울소재과학,091440,2023,연결재무제표,37597363642.0,23045775227.0,-4053331724.0,-9357511297.0,수익(매출액),영업이익(손실),제 24 기,제 23 기
00560122,한울소재과학,091440,2024,연결재무제표,17338602355.0,37597363642.0,-12946778962.0,-4053331724.0,수익(매출액),영업이익(손실),제 25 기,제 24 기
00560122,한울소재과학,091440,2025,연결재무제표,13435067440.0,17338602355.0,-24598727272.0,-12946778962.0,수익(매출액),영업이익(손실),제 26 기,제 25 기
01230255,한울앤제주,276730,2023,연결재무제표,22449535028.0,23969942752.0,-11007839914.0,-11612579554.0,수익(매출액),영업이익(손실),제 9 기,제 8 기
01230255,한울앤제주,276730,2024,연결재무제표,18276403018.0,21729483030.0,-4827147631.0,-10431691308.0,수익(매출액),영업이익(손실),제 10 기,제 9 기
01230255,한울앤제주,276730,2025,연결재무제표,13893332928.0,18276403018.0,-4900577215.0,-4827147631.0,수익(매출액),영업이익(손실),제 11 기,제 10 기
00129509,한익스프레스,014130,2023,연결재무제표,668410640663.0,858131760908.0,8724985201.0,19863296336.0,매출액,영업이익(손실),제 45 기,제 44 기
00129509,한익스프레스,014130,2024,연결재무제표,712300386074.0,668410640663.0,3370635475.0,8724985201.0,매출액,영업이익,제 46 기,제 45 기
00129509,한익스프레스,014130,2025,연결재무제표,629822023537.0,712300386074.0,-3620172011.0,3370635475.0,수익(매출액),영업이익(손실),제 47 기,제 46 기
00162832,한일단조,024740,2023,연결재무제표,178166776876.0,177364538405.0,15168146222.0,14579806106.0,수익(매출액),영업이익(손실),제 55 기,제 54 기
00162832,한일단조,024740,2024,연결재무제표,139379274208.0,178166776876.0,8288832921.0,15168146222.0,수익(매출액),영업이익(손실),제 56 기,제 55 기
00162832,한일단조,024740,2025,연결재무제표,126595207214.0,139379274208.0,3519821207.0,8288832921.0,수익(매출액),영업이익(손실),제 57 기,제 56 기
00162911,한일사료,005860,2023,연결재무제표,396938179132.0,408316564865.0,1767518597.0,-8242501275.0,수익(매출액),영업이익(손실),제 56 기,제 55 기
00162911,한일사료,005860,2024,연결재무제표,430978104202.0,396938179132.0,3696238401.0,1767518597.0,수익(매출액),영업이익(손실),제 57 기,제 56 기
00162911,한일사료,005860,2025,연결재무제표,454852166662.0,430978104202.0,5861470994.0,3696238401.0,수익(매출액),영업이익(손실),제 58 기,제 57 기
01319808,한일시멘트,300720,2023,연결재무제표,1799500983414.0,1487574712514.0,246515704341.0,117984446512.0,매출,영업이익,제 6 기,제 5 기
01319808,한일시멘트,300720,2024,연결재무제표,1741671258107.0,1799500983414.0,271389512685.0,246515704341.0,매출,영업이익,제 7 기,제 6 기
01319808,한일시멘트,300720,2025,연결재무제표,1423859619115.0,1741671258107.0,132739217663.0,271389512685.0,매출,영업이익,제 8 기,제 7 기
00163196,한일철강,002220,2023,연결재무제표,216255460140.0,255229322550.0,4859777657.0,4031740572.0,매출액,영업이익(손실),제 67 기,제 66 기
00163196,한일철강,002220,2024,연결재무제표,205842246124.0,216255460140.0,666960944.0,4859777657.0,매출액,영업이익(손실),제 68 기,제 67 기
00163196,한일철강,002220,2025,연결재무제표,196404368831.0,205842246124.0,3179080617.0,666960944.0,수익(매출액),영업이익(손실),제 69 기,제 68 기
00162993,한일홀딩스,003300,2023,연결재무제표,2363057189359.0,1965611730065.0,262027026206.0,132506014100.0,매출,영업이익,제 62 기,제 61 기
00162993,한일홀딩스,003300,2024,연결재무제표,2248742514757.0,2363057189359.0,279313951093.0,262027026206.0,매출,영업이익,제 63 기,제 62 기
00162993,한일홀딩스,003300,2025,연결재무제표,1930489160379.0,2248742514757.0,123224218366.0,279313951093.0,매출,영업이익,제 64 기,제 63 기
00267979,한일화학,007770,2023,연결재무제표,121935915669.0,155560991387.0,-9406372599.0,5389631360.0,매출액,영업이익(손실),제 52 기,제 51 기
00267979,한일화학,007770,2024,연결재무제표,125281652588.0,121935915669.0,-6571296974.0,-9406372599.0,매출액,영업이익(손실),제 53 기,제 52 기
00267979,한일화학,007770,2025,연결재무제표,124410156822.0,125281652588.0,-11994576228.0,-6571296974.0,매출액,영업이익(손실),제 54 기,제 53 기
00159218,한전KPS,051600,2023,연결재무제표,1533850791494.0,1429074836456.0,199376381248.0,130553250828.0,매출액,영업이익,제 40 기,제 39 기
00159218,한전KPS,051600,2024,연결재무제표,1557085808533.0,1533850791494.0,209498645768.0,199376381248.0,수익(매출액),영업이익(손실),제 41 기,제 40 기
00159218,한전KPS,051600,2025,연결재무제표,1576516811328.0,1557085808533.0,140101841084.0,209498645768.0,수익(매출액),영업이익(손실),제 42 기,제 41 기
00159209,한전기술,052690,2023,연결재무제표,545091772616.0,505290773062.0,28562398334.0,13940025562.0,수익(매출액),영업이익(손실),제 49 기,제 48 기
00159209,한전기술,052690,2024,연결재무제표,553362978026.0,545091772616.0,54806059056.0,28562398334.0,매출,영업이익,제 50 기,제 49 기
00159209,한전기술,052690,2025,연결재무제표,518767621092.0,569493930324.0,35452646024.0,70937011354.0,매출,영업이익,제 51 기,제 50 기
00194947,한전산업,130660,2023,연결재무제표,363261295971.0,346042225300.0,26038104194.0,18651295433.0,매출액,영업이익,제 34 기,제 33 기
00194947,한전산업,130660,2024,연결재무제표,367526889292.0,363261295971.0,16143683837.0,26038104194.0,매출액,영업이익,제 35 기,제 34 기
00194947,한전산업,130660,2025,연결재무제표,394548141840.0,367526889292.0,6574990617.0,16143683837.0,수익(매출액),영업이익,제 36 기,제 35 기
00156600,한주라이트메탈,198940,2023,연결재무제표,220981852363.0,232496846795.0,-13575024313.0,5254936214.0,수익(매출액),영업이익(손실),제 36 기,제 35 기
00156600,한주라이트메탈,198940,2024,연결재무제표,250764376647.0,220981852363.0,-8658539877.0,-13575024313.0,수익(매출액),영업이익(손실),제 37 기,제 36 기
00156600,한주라이트메탈,198940,2025,연결재무제표,259464652455.0,250764376647.0,1333662111.0,-8658539877.0,수익(매출액),영업이익(손실),제 38 기,제 37 기
00146427,한주에이알티,058450,2023,연결재무제표,10500794559.0,5581476636.0,-2928750062.0,-5607422546.0,수익(매출액),영업이익(손실),제 46 기,제 45 기
00146427,한주에이알티,058450,2024,연결재무제표,14264269214.0,10500794559.0,-6507549393.0,-2928750062.0,수익(매출액),영업이익(손실),제 47 기,제 46 기
00146427,한주에이알티,058450,2025,연결재무제표,6286258658.0,14264269214.0,-5991886693.0,-6507549393.0,수익(매출액),영업이익(손실),제 48 기,제 47 기
00474588,한중엔시에스,107640,2023,연결재무제표,121551317604.0,88517278283.0,-12672781604.0,-13924873767.0,수익(매출액),영업이익(손실),제 29 기,제 28 기
00474588,한중엔시에스,107640,2024,연결재무제표,177258091164.0,121551317604.0,9574485247.0,-12672781604.0,수익(매출액),영업이익(손실),제 30 기,제 29 기
00474588,한중엔시에스,107640,2025,연결재무제표,175264976657.0,177258091164.0,4026137190.0,9574485247.0,수익(매출액),영업이익(손실),제 31 기,제 30 기
00163512,한진,002320,2023,연결재무제표,2807528782563.0,2849420869433.0,122526979246.0,114501782947.0,매출액,영업이익,제 68 기,제 67 기
00163512,한진,002320,2024,연결재무제표,3015479161930.0,2807528782563.0,100088306580.0,122526979246.0,매출액,영업이익,제 69 기,제 68 기
00163512,한진,002320,2025,연결재무제표,3064925190779.0,3015479161930.0,112195809190.0,100088306580.0,수익(매출액),영업이익(손실),제 70 기,제 69 기
00163673,한진중공업홀딩스,003480,2023,연결재무제표,1242608000000.0,1440144000000.0,39375000000.0,37130000000.0,영업수익,영업이익(손실),제 62 기,제 61 기
00163673,한진중공업홀딩스,003480,2024,연결재무제표,1164853000000.0,1242608000000.0,45875000000.0,39375000000.0,영업수익,영업이익(손실),제 63 기,제 62 기
00163673,한진중공업홀딩스,003480,2025,연결재무제표,1201730000000.0,1164853000000.0,73254000000.0,45875000000.0,매출액,영업이익,제 64 기,제 63 기
00983040,한진칼,180640,2023,연결재무제표,275726817725.0,200336082220.0,42843084229.0,14487192387.0,영업수익,영업이익(손실),제 11 기,제 10 기
00983040,한진칼,180640,2024,연결재무제표,292157342000.0,275726818000.0,49192742000.0,42843084000.0,영업수익,영업이익(손실),제 12 기,제 11 기
00983040,한진칼,180640,2025,연결재무제표,298362106000.0,292157342000.0,-7523512000.0,49192742000.0,매출액,영업이익(손실),제 13 기,제 12 기
00163716,한창,005110,2023,연결재무제표,66291757351.0,89339914192.0,238216782.0,9846444821.0,매출액,영업이익(손실),제 58 기,제 57 기
00163716,한창,005110,2024,연결재무제표,3089124038.0,22518606206.0,-9443656317.0,-8401928412.0,매출액,영업이익(손실),제 59 기,제 58 기
00163716,한창,005110,2025,연결재무제표,8044626288.0,3089124038.0,-7776013960.0,-9443656317.0,매출액,영업이익(손실),제 60 기,제 59 기
00202839,한창산업,079170,2023,별도재무제표,66951087089.0,99300011205.0,1568850912.0,7107463717.0,수익(매출액),영업이익(손실),제 38 기,제 37 기
00202839,한창산업,079170,2024,별도재무제표,94639979407.0,66951087089.0,8769285738.0,1568850912.0,수익(매출액),영업이익(손실),제 39 기,제 38 기
00202839,한창산업,079170,2025,별도재무제표,98562693505.0,94639979407.0,7885301834.0,8769285738.0,수익(매출액),영업이익(손실),제 40 기,제 39 기
00163761,한창제지,009460,2023,별도재무제표,276033575626.0,214923504794.0,-11474501616.0,1285737605.0,매출액,영업이익(손실),제 52 기,제 51 기
00163761,한창제지,009460,2024,별도재무제표,294257732833.0,276033575626.0,1142467067.0,-11474501616.0,매출액,영업이익(손실),제 53 기,제 52 기
00163761,한창제지,009460,2025,별도재무제표,266951905121.0,294257732833.0,-5193445386.0,1142467067.0,매출액,영업이익(손실),제 54 기,제 53 기
00204262,한컴,030520,2023,연결재무제표,271099772341.0,242008402693.0,34150052679.0,25023371169.0,수익(매출액),영업이익(손실),제 34 기,제 33 기
00204262,한컴,030520,2024,연결재무제표,304773304445.0,271099772341.0,40422695177.0,34150052679.0,수익(매출액),영업이익(손실),제 35 기,제 34 기
00204262,한컴,030520,2025,연결재무제표,326744735334.0,304773304445.0,36397225985.0,40422695177.0,수익(매출액),영업이익(손실),제 36 기,제 35 기
00534598,한컴라이프케어,372910,2023,연결재무제표,112779715327.0,100120112846.0,1832106411.0,-1332071025.0,수익(매출액),영업이익(손실),제 28 기,제 27 기
00534598,한컴라이프케어,372910,2024,연결재무제표,104776425927.0,112779715327.0,7488962506.0,1832106411.0,수익(매출액),영업이익(손실),제 29 기,제 28 기
00534598,한컴라이프케어,372910,2025,연결재무제표,92088469654.0,104776425927.0,-727292956.0,7488962506.0,수익(매출액),영업이익(손실),제 30 기,제 29 기
00363592,한컴위드,054920,2023,연결재무제표,410144584863.0,28706102052.0,-2462794238.0,-689473310.0,수익(매출액),영업이익(손실),제 25 기,제 24 기
00363592,한컴위드,054920,2024,연결재무제표,448181149581.0,404980335214.0,1278567903.0,720202656.0,매출액,영업이익(손실),제 26 기,제 25 기
00363592,한컴위드,054920,2025,연결재무제표,771217330234.0,448181149581.0,6086860721.0,1278567903.0,매출액,영업이익(손실),제 27 기,제 26 기
01016309,한켐,457370,2024,별도재무제표,36697456129.0,26940818816.0,6537056387.0,5021083704.0,수익(매출액),영업이익(손실),제 26 기,제 25 기
01016309,한켐,457370,2025,별도재무제표,33895952208.0,36697456129.0,4851744563.0,6537056387.0,I.매출액,IV.영업이익,제 27 기,제 26 기
00140566,한탑,002680,2023,연결재무제표,94845849580.0,99124024129.0,911746243.0,332633055.0,수익(매출액),영업이익(손실),제 65 기,제 64 기
00140566,한탑,002680,2024,연결재무제표,84890417598.0,94845849580.0,3748270730.0,911746243.0,수익(매출액),영업이익(손실),제 66 기,제 65 기
00140566,한탑,002680,2025,연결재무제표,82399706144.0,84890417598.0,2923724841.0,3748270730.0,수익(매출액),영업이익(손실),제 67 기,제 66 기
00404941,한텍,098070,2025,연결재무제표,171902906776.0,155880764900.0,38181992502.0,16767247733.0,매출액,영업이익(손실),제 28 기,제 27 기
01445024,한패스,408470,2025,연결재무제표,66448336065.0,55296543626.0,8228502898.0,5177607612.0,영업수익,영업이익,제 9 기,제 8 기
00160588,한화,000880,2023,연결재무제표,53134813000000.0,50886731000000.0,2411920000000.0,2369638000000.0,매출액,영업이익,제 72 기,제 71 기
00160588,한화,000880,2024,연결재무제표,55646829000000.0,53134813000000.0,2416109000000.0,2411920000000.0,매출액,영업이익,제 73 기,제 72 기
00160588,한화,000880,2025,연결재무제표,74785440000000.0,55646829000000.0,4146883000000.0,2416109000000.0,매출액,영업이익,제 74 기,제 73 기
01722437,한화갤러리아,452260,2024,연결재무제표,538313690512.0,434495384619.0,3129155480.0,9820592817.0,수익(매출액),영업이익,제 2 기,제 1 기
01722437,한화갤러리아,452260,2025,연결재무제표,575165691122.0,538313690512.0,9413650685.0,3389598288.0,영업수익,영업이익(손실),제 3 기,제 2 기
01669226,한화리츠,451800,2023,별도재무제표,23274063518.0,19278597517.0,12384035227.0,11804226422.0,영업수익,영업이익(손실),제 4 기,제 3 기
01669226,한화리츠,451800,2024,별도재무제표,33511903356.0,22808550198.0,19077960887.0,12995941226.0,영업수익,영업이익,제 6 기,제 5 기
01669226,한화리츠,451800,2025,별도재무제표,52416442074.0,50449874190.0,30013936514.0,30925408783.0,영업수익,영업이익,제 8 기,제 7 기
01867758,한화비전,489790,2025,연결재무제표,1790921869125.0,493322362934.0,162267204336.0,5466174056.0,매출,영업이익(손실),제 2 기,제 1 기
00113058,한화생명,088350,2023,연결재무제표,0.0,0.0,1057044424910.0,1256974885222.0,영업수익,영업이익,제 75 기,제 74 기
00113058,한화생명,088350,2024,연결재무제표,13709789404291.0,12373293197679.0,1096965243506.0,1057044424910.0,투자영업수익,영업이익,제 76 기,제 75 기
00113058,한화생명,088350,2025,연결재무제표,15291185000000.0,13709789000000.0,1147250000000.0,1096965000000.0,투자영업수익,영업이익,제 77 기,제 76 기
00135917,한화손해보험,000370,2023,연결재무제표,0.0,0.0,306524364199.0,204847950189.0,영업수익,영업이익(손실),제 79 기,제 78 기
00135917,한화손해보험,000370,2024,연결재무제표,1024853201797.0,829672064864.0,435735704686.0,306524364199.0,투자영업수익,영업이익(손실),제 80 기,제 79 기
00135917,한화손해보험,000370,2025,연결재무제표,1027422289000.0,1024853201000.0,429592532000.0,435735703000.0,투자영업수익,영업이익(손실),제 81 기,제 80 기
00162461,한화솔루션,009830,2023,연결재무제표,13288744762930.0,13130752887526.0,604528962904.0,923726654257.0,매출액,영업이익(손실),제 50 기,제 49 기
00162461,한화솔루션,009830,2024,연결재무제표,12394023649010.0,13078536180473.0,-300237959946.0,579237027532.0,매출액,영업이익(손실),제 51 기,제 50 기
00162461,한화솔루션,009830,2025,연결재무제표,13333055000000.0,12394024000000.0,-364759000000.0,-300238000000.0,수익(매출액),영업이익(손실),제 52 기,제 51 기
00339391,한화시스템,272210,2023,연결재무제표,2453079541922.0,2187980199396.0,92870721114.0,39087866052.0,매출액,영업이익(손실),제 24 기,제 23 기
00339391,한화시스템,272210,2024,연결재무제표,2803686058274.0,2452494865652.0,219345297682.0,122575141004.0,매출액,영업이익(손실),제 25 기,제 24 기
00339391,한화시스템,272210,2025,연결재무제표,3664150568020.0,2803686058274.0,119898725355.0,219345297682.0,매출액,영업이익(손실),제 26 기,제 25 기
00126566,한화에어로스페이스,012450,2023,연결재무제표,9359005981309.0,7060393209984.0,691114682400.0,400345423224.0,영업수익,영업이익(손실),제 47 기,제 46 기
00126566,한화에어로스페이스,012450,2024,연결재무제표,11240121484118.0,7889686804711.0,1731878825342.0,594306103916.0,매출,영업이익(손실),제 48 기,제 47 기
00126566,한화에어로스페이스,012450,2025,연결재무제표,26702901249000.0,11240121484000.0,3089320181000.0,1731878825000.0,매출,영업이익,제 49 기,제 48 기
00361008,한화엔진,082740,2023,별도재무제표,854384414147.0,764242847008.0,8728565174.0,-29534217363.0,매출액,영업이익(손실),제 25 기,제 24 기
00361008,한화엔진,082740,2024,별도재무제표,1202204707511.0,854384414147.0,71531721192.0,8728565174.0,영업수익,영업이익,제 26 기,제 25 기
00361008,한화엔진,082740,2025,연결재무제표,1371057336146.0,1202204707511.0,130066296100.0,71531721192.0,매출액,영업이익,제 27 기,제 26 기
00111704,한화오션,042660,2023,연결재무제표,7408312265643.0,4860150249534.0,-196498300366.0,-1613564533698.0,매출액,영업손실,제 24 기,제 23 기
00111704,한화오션,042660,2024,연결재무제표,10776004933627.0,7408312265643.0,237876379317.0,-196498300366.0,매출액,영업이익(손실),제 25 기,제 24 기
00111704,한화오션,042660,2025,연결재무제표,12783512278323.0,10776004933627.0,1167590137928.0,237876379317.0,매출액,영업이익(손실),제 26 기,제 25 기
00148610,한화투자증권,003530,2023,연결재무제표,1969010048712.0,2114260269949.0,31451827275.0,34407447578.0,영업수익,영업이익,제 63 기,제 62 기
00148610,한화투자증권,003530,2024,연결재무제표,2495792979346.0,1969010048712.0,3966004857.0,31451827275.0,영업수익,영업이익,제 64 기,제 63 기
00148610,한화투자증권,003530,2025,연결재무제표,3094578000000.0,2495793000000.0,147701000000.0,3966000000.0,영업수익,영업이익,제 65 기,제 64 기
01725160,한화플러스제4호기업인수목적,455310,2024,별도재무제표,0.0,0.0,-64213879.0,-24236220.0,수익(매출액),영업이익(손실),제 2 기,제 1 기
01725160,한화플러스제4호기업인수목적,455310,2025,별도재무제표,0.0,0.0,-60455970.0,-64213879.0,수익(매출액),영업이익(손실),제 3 기,제 2 기
01032413,해성디에스,195870,2023,연결재무제표,672245278175.0,839357973218.0,102511938741.0,204416060360.0,매출액,영업이익,제 10 기,제 9 기
01032413,해성디에스,195870,2024,연결재무제표,602993604010.0,672245278175.0,56869813937.0,102511938741.0,매출액,영업이익(손실),제 11 기,제 10 기
01032413,해성디에스,195870,2025,연결재무제표,653396882375.0,602993604010.0,46491092436.0,56869813937.0,매출액,영업이익(손실),제 12 기,제 11 기
00219361,해성산업,034810,2023,연결재무제표,2308405711864.0,2531646680380.0,106286094900.0,210386941652.0,매출액,영업이익(손실),제 70 기,제 69 기
00219361,해성산업,034810,2024,연결재무제표,2220427942778.0,2308405711864.0,71417635539.0,106286094900.0,매출액,영업이익(손실),제 71 기,제 70 기
00219361,해성산업,034810,2025,연결재무제표,2260078632205.0,2220427942778.0,41841478585.0,71417635539.0,매출액,영업이익(손실),제 72 기,제 71 기
00453442,해성에어로보틱스,059270,2023,별도재무제표,13683022145.0,13913931783.0,-1495253980.0,-1269958376.0,수익(매출액),영업이익(손실),제 27 기,제 26 기
00453442,해성에어로보틱스,059270,2024,별도재무제표,14938117848.0,13683022145.0,-715715116.0,-1495253980.0,수익(매출액),영업이익(손실),제 28 기,제 27 기
00453442,해성에어로보틱스,059270,2025,별도재무제표,15077935821.0,14938117848.0,-621169905.0,-715715116.0,수익(매출액),영업이익(손실),제 29 기,제 28 기
00483735,해성옵틱스,076610,2023,연결재무제표,121168837228.0,163806220242.0,3992341370.0,-5119277444.0,I. 매출액,영업이익(손실),제 22 기,제 21 기
00483735,해성옵틱스,076610,2024,연결재무제표,108529760932.0,121168837228.0,-13393025046.0,3992341370.0,I. 매출액,V. 영업이익(손실),제 23 기,제 22 기
00483735,해성옵틱스,076610,2025,연결재무제표,160334996562.0,108529760932.0,-6736974833.0,-13393025046.0,I. 매출액,V. 영업이익(손실),제 24 기,제 23 기
00428321,해태제과식품,101530,2023,연결재무제표,624865973087.0,590266473598.0,45723953375.0,23170927168.0,매출액,영업이익(손실),제 23 기,제 22 기
00428321,해태제과식품,101530,2024,연결재무제표,629196328510.0,624865973087.0,49071903987.0,45723953375.0,매출액,영업이익,제 24 기,제 23 기
00428321,해태제과식품,101530,2025,연결재무제표,641386567732.0,629196328510.0,42328087980.0,49071903987.0,매출액,영업이익,제 25 기,제 24 기
00119140,핸즈코퍼레이션,143210,2023,연결재무제표,749497563641.0,778254509174.0,-21498744514.0,-66724812599.0,매출액,영업손실,제 52 기,제 51 기
00119140,핸즈코퍼레이션,143210,2024,연결재무제표,764435874065.0,736993503021.0,-46478985686.0,-17340319257.0,매출액,영업손실,제 53 기,제 52 기
00119140,핸즈코퍼레이션,143210,2025,연결재무제표,784750861389.0,764435874065.0,-38736724081.0,-46478985686.0,매출액,영업손실,제 54 기,제 53 기
00164362,행남사,008800,2023,별도재무제표,7412612187.0,10793362681.0,-1104358486.0,-896795629.0,수익(매출액),영업이익(손실),제 51 기,제 50 기
00164362,행남사,008800,2024,별도재무제표,7300425499.0,7412612187.0,-1694164184.0,-1104358486.0,수익(매출액),영업이익(손실),제 52 기,제 51 기
00164362,행남사,008800,2025,별도재무제표,367236264.0,154827978.0,-357741129.0,-640120573.0,수익(매출액),영업이익(손실),제 53 기,제 52 기
01160512,헝셩그룹,900270,2023,연결재무제표,597014088.0,686965938.0,-757051.0,22607300.0,매출액,영업이익,제 12 기,제 11 기
01160512,헝셩그룹,900270,2024,연결재무제표,619098618.0,478881807.0,38873402.0,3497689.0,매출액,영업이익,제 13 기,제 12 기
01160512,헝셩그룹,900270,2025,연결재무제표,550151496.0,619098618.0,-1079266.0,38873402.0,매출액,영업이익,제 14 기,제 13 기
01013311,헥토이노베이션,214180,2023,연결재무제표,288489349653.0,262967082265.0,37263667814.0,35644081440.0,영업수익,영업이익,제 15 기,제 14 기
01013311,헥토이노베이션,214180,2024,연결재무제표,319471899585.0,288489349653.0,48856036252.0,38027667814.0,영업수익,영업이익,제 16 기,제 15 기
01013311,헥토이노베이션,214180,2025,연결재무제표,375822702346.0,319471899585.0,50180560938.0,48856036252.0,영업수익,영업이익,제 17 기,제 16 기
00763701,헥토파이낸셜,234340,2023,연결재무제표,153076082801.0,129250551413.0,12571136493.0,12845655211.0,영업수익,영업이익(손실),제 24 기,제 23 기
00763701,헥토파이낸셜,234340,2024,연결재무제표,159308044324.0,153076082801.0,13293369221.0,12571136493.0,영업수익,영업이익(손실),제 25 기,제 24 기
00763701,헥토파이낸셜,234340,2025,연결재무제표,187435598839.0,159308044324.0,15577801607.0,13293369221.0,영업수익,영업이익(손실),제 26 기,제 25 기
00359395,헬릭스미스,084990,2023,연결재무제표,4201622674.0,2799607474.0,-35245452809.0,-52579212448.0,매출,영업이익(손실),제 28 기,제 27 기
00359395,헬릭스미스,084990,2024,연결재무제표,4973971890.0,4201622674.0,-17954754544.0,-35245452809.0,매출,영업이익(손실),제 29 기,제 28 기
00359395,헬릭스미스,084990,2025,연결재무제표,2598149668.0,4973971890.0,-9898072049.0,-17954754544.0,매출,영업이익(손실),제 30 기,제 29 기
00353018,헬스커넥트,058530,2023,연결재무제표,21959942303.0,14330407042.0,-2080993632.0,-177904059.0,수익(매출액),영업이익(손실),제 30 기,제 29 기
00353018,헬스커넥트,058530,2024,연결재무제표,17953311739.0,21959942303.0,-5458285774.0,-2080993632.0,수익(매출액),영업이익(손실),제 31 기,제 30 기
00353018,헬스커넥트,058530,2025,연결재무제표,20195736637.0,17953311739.0,-9167563420.0,-5458285774.0,수익(매출액),영업이익(손실),제 32 기,제 31 기
00164478,현대건설,000720,2023,연결재무제표,29651357000000.0,21239082000000.0,785430000000.0,574902000000.0,수익(매출액),영업이익(손실),제 74 기,제 73 기
00164478,현대건설,000720,2024,연결재무제표,32670268000000.0,29651357000000.0,-1263420000000.0,785430000000.0,수익(매출액),영업이익(손실),제 75 기,제 74 기
00164478,현대건설,000720,2025,연결재무제표,31062912000000.0,32670268000000.0,653006000000.0,-1263420000000.0,수익(매출액),영업이익(손실),제 76 기,제 75 기
00164502,현대공업,170030,2023,연결재무제표,307539845202.0,278495503526.0,15398581275.0,15055330506.0,수익(매출액),영업이익(손실),제 46 기,제 45 기
00164502,현대공업,170030,2024,연결재무제표,326887589851.0,307539845202.0,10879629207.0,15398581275.0,수익(매출액),영업이익(손실),제 47 기,제 46 기
00164502,현대공업,170030,2025,연결재무제표,367911083613.0,326887589851.0,12311914178.0,10879629207.0,수익(매출액),영업이익(손실),제 48 기,제 47 기
01721809,현대그린푸드,453340,2024,연결재무제표,2270420052000.0,1826998311000.0,96676372000.0,64841641000.0,수익(매출액),영업이익(손실),제 2 기,제 1 기
01721809,현대그린푸드,453340,2025,연결재무제표,2329622621000.0,2270420052000.0,106794924000.0,96676372000.0,수익(매출액),영업이익(손실),제 3 기,제 2 기
00360595,현대글로비스,086280,2023,연결재무제표,25683197164064.0,26981880971123.0,1554032510087.0,1798516596130.0,매출액,영업이익,제 23 기,제 22 기
00360595,현대글로비스,086280,2024,연결재무제표,28407374301315.0,25683197164064.0,1752867442226.0,1554032510087.0,매출액,영업이익,제 24 기,제 23 기
00360595,현대글로비스,086280,2025,연결재무제표,29566409336616.0,28407374301315.0,2073007545910.0,1752867442226.0,매출액,영업이익,제 25 기,제 24 기
00302926,현대로템,064350,2023,연결재무제표,3587382453000.0,3163343615000.0,210046594000.0,147486669000.0,매출액,영업손익,제 25 기,제 24 기
00302926,현대로템,064350,2024,연결재무제표,4376597857000.0,3587382453000.0,456565534000.0,210046594000.0,매출액,영업손익,제 26 기,제 25 기
00302926,현대로템,064350,2025,연결재무제표,5839031553000.0,4376597857000.0,1005640509000.0,456565534000.0,매출액,영업손익,제 27 기,제 26 기
00300548,현대리바트,079430,2023,연결재무제표,1585704938901.0,1495701107465.0,-19852125058.0,-27895323942.0,매출액,영업이익(손실),제 25 기,제 24 기
00300548,현대리바트,079430,2024,연결재무제표,1870657004478.0,1585704938901.0,24036538571.0,-19852125058.0,수익(매출액),영업이익(손실),제 26 기,제 25 기
00300548,현대리바트,079430,2025,연결재무제표,1546206037790.0,1870657004478.0,15717351133.0,24036538571.0,수익(매출액),영업이익(손실),제 27 기,제 26 기
00164788,현대모비스,012330,2023,연결재무제표,59254361000000.0,51906293000000.0,2295284000000.0,2026531000000.0,매출액,영업이익,제 47 기,제 46 기
00164788,현대모비스,012330,2024,연결재무제표,57236995000000.0,59254361000000.0,3073456000000.0,2295284000000.0,매출액,영업이익,제 48 기,제 47 기
00164788,현대모비스,012330,2025,연결재무제표,61118127000000.0,57236995000000.0,3357456000000.0,3073456000000.0,매출액,영업이익(손실),제 49 기,제 48 기
01358463,현대무벡스,319400,2023,연결재무제표,267838061818.0,210456108794.0,4143334694.0,12155021726.0,매출액,영업이익,제 5 기,제 4 기
01358463,현대무벡스,319400,2024,연결재무제표,341383043004.0,267838061818.0,24571079650.0,4143334694.0,매출액,영업이익,제 6 기,제 5 기
01358463,현대무벡스,319400,2025,연결재무제표,393940640251.0,341383043004.0,18212543309.0,24571079650.0,영업수익,영업이익(손실),제 7 기,제 6 기
00313649,현대바이오,048410,2023,연결재무제표,9481384632.0,7851578107.0,-9785148630.0,-26354165991.0,매출액,영업이익(손실),제 24 기,제 23 기
00313649,현대바이오,048410,2024,연결재무제표,15050025356.0,9481384632.0,790972784.0,-9785148630.0,매출액,영업이익(손실),제 25 기,제 24 기
00313649,현대바이오,048410,2025,연결재무제표,3517369223.0,15050025356.0,-18160910580.0,833791636.0,매출액,영업이익(손실),제 26 기,제 25 기
00347062,현대바이오랜드,052260,2023,연결재무제표,101690823732.0,99153525127.0,7084856487.0,9054708903.0,수익(매출액),영업이익(손실),제 29 기,제 28 기
00347062,현대바이오랜드,052260,2024,연결재무제표,119519059197.0,96719665540.0,16364543186.0,13464330710.0,수익(매출액),영업이익(손실),제 30 기,제 29 기
00347062,현대바이오랜드,052260,2025,연결재무제표,130505120709.0,119519059197.0,12717191685.0,16364543186.0,수익(매출액),영업이익(손실),제 31 기,제 30 기
00428251,현대백화점,069960,2023,연결재무제표,4207452895000.0,5014123629000.0,303469763000.0,320928734000.0,매출액,영업이익(손실),제 22 기,제 21 기
00428251,현대백화점,069960,2024,연결재무제표,4187614464000.0,4207452895000.0,284042489000.0,303469763000.0,매출액,영업이익(손실),제 23 기,제 22 기
00428251,현대백화점,069960,2025,연결재무제표,4230320613000.0,4187614464000.0,377947571000.0,284042489000.0,매출액,영업이익(손실),제 24 기,제 23 기
00125743,현대비앤지스틸,004560,2023,연결재무제표,1045305563220.0,1281157155278.0,-35227804661.0,33466461486.0,매출액,영업이익(손실),제 58 기,제 57 기
00125743,현대비앤지스틸,004560,2024,연결재무제표,795376120096.0,1045305563220.0,30627008612.0,-35227804661.0,매출,영업이익(손실),제 59 기,제 58 기
00125743,현대비앤지스틸,004560,2025,연결재무제표,741250134001.0,795376120096.0,25893420276.0,30627008612.0,매출,영업이익(손실),제 60 기,제 59 기
00164618,현대사료,016790,2023,연결재무제표,160600796744.0,158095623136.0,-9612022305.0,-2154877028.0,매출액,영업이익(손실),제 41 기,제 40 기
00164618,현대사료,016790,2024,별도재무제표,128461963646.0,160600796744.0,2656039214.0,6099139967.0,매출액,영업이익(손실),제 42 기,제 41 기
00164618,현대사료,016790,2025,연결재무제표,113027093258.0,128461963646.0,4991149450.0,2656039214.0,매출액,영업이익(손실),제 43 기,제 42 기
00164706,현대약품,004310,2023,별도재무제표,180762658997.0,162690046047.0,6926929270.0,7970050715.0,매출액,영업이익(손실),제 60 기,제 59 기
00164706,현대약품,004310,2024,별도재무제표,175735499255.0,180762658997.0,180885917.0,6926929270.0,매출액,영업이익(손실),제 61 기,제 60 기
00164706,현대약품,004310,2025,별도재무제표,191790079025.0,175735499255.0,4160910933.0,180885917.0,매출액,영업이익(손실),제 62 기,제 61 기
00228536,현대에버다임,041440,2023,연결재무제표,358052339749.0,374439995976.0,11983008868.0,15696393563.0,수익(매출액),영업이익(손실),제 30 기,제 29 기
00228536,현대에버다임,041440,2024,연결재무제표,355118376929.0,358052339749.0,9949577923.0,11983008868.0,수익(매출액),영업이익(손실),제 31 기,제 30 기
00228536,현대에버다임,041440,2025,연결재무제표,289586707208.0,355118376929.0,5407238429.0,9949577923.0,수익(매출액),영업이익(손실),제 32 기,제 31 기
00255044,현대에이치티,039010,2023,별도재무제표,131416440859.0,104942242488.0,-819792305.0,1279709107.0,수익(매출액),영업이익(손실),제 26 기,제 25 기
00255044,현대에이치티,039010,2024,별도재무제표,168906637340.0,131416440859.0,11055985739.0,-844612836.0,수익(매출액),영업이익(손실),제 27 기,제 26 기
00255044,현대에이치티,039010,2025,연결재무제표,153333115485.0,168906637340.0,7014916588.0,11055985739.0,수익(매출액),영업이익(손실),제 28 기,제 27 기
00164724,현대엘리베이터,017800,2023,연결재무제표,2602099212000.0,2129301101000.0,82620343000.0,43016097000.0,매출액,영업손익,제 40 기,제 39 기
00164724,현대엘리베이터,017800,2024,연결재무제표,2885296849309.0,2602099211882.0,225738463277.0,82620342529.0,매출액,영업이익,제 41 기,제 40 기
00164724,현대엘리베이터,017800,2025,연결재무제표,2467378018763.0,2885296849309.0,209221822358.0,225738463277.0,매출액,영업이익(손실),제 42 기,제 41 기
00362441,현대오토에버,307950,2023,연결재무제표,3065015134000.0,2754508003000.0,181413573000.0,142362194000.0,매출액,영업이익,제 24 기,제 23 기
00362441,현대오토에버,307950,2024,연결재무제표,3713617277000.0,3065015134000.0,224434118000.0,181413573000.0,매출액,영업이익,제 25 기,제 24 기
00362441,현대오토에버,307950,2025,연결재무제표,4252067261000.0,3713617277000.0,255302187000.0,224434118000.0,매출액,영업이익,제 26 기,제 25 기
00106623,현대위아,011210,2023,연결재무제표,8590316000000.0,8207614000000.0,229216000000.0,212115000000.0,매출액,영업이익(손실),제 48 기,제 47 기
00106623,현대위아,011210,2024,연결재무제표,8180886000000.0,8165581000000.0,218810000000.0,232802000000.0,매출액,영업이익,제 49 기,제 48 기
00106623,현대위아,011210,2025,연결재무제표,8481561000000.0,8180886000000.0,204413000000.0,218810000000.0,매출액,영업이익,제 50 기,제 49 기
00656951,현대이지웰,090850,2023,연결재무제표,117951671998.0,112460358280.0,18340862426.0,18514406014.0,영업수익,영업이익,제 21 기,제 20 기
00656951,현대이지웰,090850,2024,연결재무제표,131056281150.0,117951671998.0,20243595525.0,18340862426.0,영업수익,영업이익,제 22 기,제 21 기
00656951,현대이지웰,090850,2025,연결재무제표,142648866656.0,131056281150.0,24197478889.0,20243595525.0,영업수익,영업이익,제 23 기,제 22 기
00164742,현대자동차,005380,2023,연결재무제표,162663579000000.0,142151469000000.0,15126901000000.0,9824928000000.0,매출액,영업이익,제 56 기,제 55 기
00164742,현대자동차,005380,2024,연결재무제표,175231153000000.0,162663579000000.0,14239592000000.0,15126901000000.0,매출액,영업이익,제 57 기,제 56 기
00164742,현대자동차,005380,2025,연결재무제표,186254472000000.0,175231153000000.0,11467851000000.0,14239592000000.0,매출액,영업이익,제 58 기,제 57 기
00145880,현대제철,004020,2023,연결재무제표,25914760456167.0,27340601237802.0,798325068073.0,1616457125289.0,수익(매출액),영업이익(손실),제 59 기,제 58 기
00145880,현대제철,004020,2024,연결재무제표,23226141091217.0,25914760456167.0,159492008580.0,798325068073.0,매출액,영업이익,제 60 기,제 59 기
00145880,현대제철,004020,2025,연결재무제표,22733237259727.0,23226141091217.0,219235156230.0,159492008580.0,매출액,영업이익,제 61 기,제 60 기
00105280,현대지에프홀딩스,005440,2023,연결재무제표,2629493454000.0,1956998071000.0,-11033826000.0,-30815370000.0,매출액,영업이익(손실),제 56 기,제 55 기
00105280,현대지에프홀딩스,005440,2024,연결재무제표,7409277127000.0,2629493454000.0,198099994000.0,-11033826000.0,수익(매출액),영업이익(손실),제 57 기,제 56 기
00105280,현대지에프홀딩스,005440,2025,연결재무제표,8091605017000.0,7409277127000.0,274073694000.0,198099994000.0,수익(매출액),영업이익(손실),제 58 기,제 57 기
00137997,현대차증권,001500,2023,연결재무제표,1582196918963.0,1186028329210.0,65170508123.0,114573306425.0,영업수익,영업이익(손실),제 70 기,제 69 기
00137997,현대차증권,001500,2024,연결재무제표,1795633000000.0,1582198000000.0,54691000000.0,65170000000.0,영업수익,영업이익(손실),제 71 기,제 70 기
00137997,현대차증권,001500,2025,연결재무제표,2023000000.0,206000000.0,72252000000.0,54691000000.0,영업외수익,영업이익,제 72 기,제 71 기
00164812,현대코퍼레이션,011760,2023,연결재무제표,6580447881815.0,6126968751169.0,99330569136.0,66827508014.0,매출액,영업이익(손실),제 48 기,제 47 기
00164812,현대코퍼레이션,011760,2024,연결재무제표,6995662947758.0,6580447881815.0,133529291485.0,99330569136.0,매출액,영업이익,제 49 기,제 48 기
00164812,현대코퍼레이션,011760,2025,연결재무제표,7554286077242.0,6995662947758.0,140131311551.0,133529291485.0,매출액,영업이익,제 50 기,제 49 기
01108099,현대코퍼레이션홀딩스,227840,2023,연결재무제표,188346226841.0,164345780796.0,18730704078.0,14277070571.0,매출액,영업이익,제 9 기,제 8 기
01108099,현대코퍼레이션홀딩스,227840,2024,연결재무제표,215603853858.0,188346226841.0,19505312560.0,18730704078.0,매출액,영업이익,제 10 기,제 9 기
01108099,현대코퍼레이션홀딩스,227840,2025,연결재무제표,250225826000.0,215603854000.0,21370156000.0,19505313000.0,매출액,영업이익,제 11 기,제 10 기
00403632,현대퓨처넷,126560,2023,연결재무제표,168614989877.0,154213235046.0,2453177248.0,9517380912.0,수익(매출액),영업이익,제 32 기,제 31 기
00403632,현대퓨처넷,126560,2024,연결재무제표,215815951313.0,163643831685.0,6944571843.0,8832651471.0,수익(매출액),영업이익(손실),제 33 기,제 32 기
00403632,현대퓨처넷,126560,2025,연결재무제표,264515033000.0,215815951000.0,6309224000.0,6944572000.0,수익(매출액),영업이익(손실),제 34 기,제 33 기
00164973,현대해상,001450,2023,연결재무제표,2340650560058.0,2422308686897.0,788215580227.0,1791975242674.0,투자영업수익,영업이익(손실),제 70 기,제 69 기
00164973,현대해상,001450,2024,연결재무제표,3094623140135.0,2340650560134.0,1244069529604.0,743483371764.0,투자영업수익,영업이익(손실),제 71 기,제 70 기
00164973,현대해상,001450,2025,연결재무제표,3163940132746.0,3094623140135.0,1260994493599.0,1244069529604.0,투자영업수익,영업이익(손실),제 72 기,제 71 기
00412597,현대홈쇼핑,057050,2023,연결재무제표,2064457266714.0,2101667569062.0,59952400171.0,110640961829.0,매출액,영업이익,제 23 기,제 22 기
00412597,현대홈쇼핑,057050,2024,연결재무제표,3853462322479.0,2064457266714.0,130128245059.0,59952400171.0,수익(매출액),영업이익(손실),제 24 기,제 23 기
00412597,현대홈쇼핑,057050,2025,연결재무제표,3789834264000.0,3853462322000.0,130771283000.0,130128245000.0,매출액,영업이익,제 25 기,제 24 기
00667373,현대힘스,460930,2023,연결재무제표,189188021565.0,144752544468.0,14463678384.0,3756954475.0,수익(매출액),영업이익(손실),제 16 기,제 15 기
00667373,현대힘스,460930,2024,연결재무제표,223163801400.0,189188021565.0,21548671011.0,14463678384.0,수익(매출액),영업이익(손실),제 17 기,제 16 기
00667373,현대힘스,460930,2025,연결재무제표,248203831277.0,223163801400.0,28763604615.0,21548671011.0,수익(매출액),영업이익(손실),제 18 기,제 17 기
00367455,현우산업,092300,2023,연결재무제표,237301218620.0,209867814847.0,13909700885.0,8325096083.0,수익(매출액),영업이익(손실),제 28 기,제 27 기
00367455,현우산업,092300,2024,연결재무제표,206191625380.0,237301218620.0,7747628957.0,13909700885.0,수익(매출액),영업이익(손실),제 29 기,제 28 기
00367455,현우산업,092300,2025,연결재무제표,237355479103.0,206191625380.0,11038824119.0,7747628957.0,수익(매출액),영업이익(손실),제 30 기,제 29 기
00142713,형지I&C,011080,2023,별도재무제표,65325502023.0,70495736693.0,653434674.0,541488420.0,매출액,영업손익,제 48 기,제 47 기
00142713,형지I&C,011080,2024,연결재무제표,56747470247.0,65325502023.0,-5018507855.0,653434674.0,매출액,영업이익(손실),제 49 기,제 48 기
00142713,형지I&C,011080,2025,연결재무제표,50808588981.0,56747470247.0,-7044927707.0,-5018507855.0,매출액,영업이익(손실),제 50 기,제 49 기
01181807,형지글로벌,308100,2023,연결재무제표,48415136529.0,61760652447.0,-1009756608.0,-9376249915.0,매출액,영업이익(손실),제 8 기,제 7 기
01181807,형지글로벌,308100,2024,연결재무제표,39800326696.0,48415136529.0,-9386447776.0,-1009756608.0,매출액,영업이익(손실),제 9 기,제 8 기
01181807,형지글로벌,308100,2025,연결재무제표,37683290800.0,39800326696.0,-8084930328.0,-9386447776.0,매출액,영업이익(손실),제 10 기,제 9 기
00441243,형지엘리트,093240,2023,연결재무제표,94485977330.0,137271368719.0,2485737507.0,3940036180.0,수익(매출액),영업이익(손실),제 22 기,제 21 기
00441243,형지엘리트,093240,2024,연결재무제표,132748313784.0,94485977330.0,7008537271.0,2485737507.0,수익(매출액),영업이익(손실),제 23 기,제 22 기
00441243,형지엘리트,093240,2025,연결재무제표,166650465839.0,132748313784.0,6641339216.0,7008537271.0,수익(매출액),영업이익(손실),제 24 기,제 23 기
00165343,혜인,003010,2023,별도재무제표,276080698891.0,178029520688.0,9142102686.0,2682218552.0,수익(매출액),영업이익(손실),제 64 기,제 63 기
00165343,혜인,003010,2024,별도재무제표,248825923748.0,276080698891.0,14157545456.0,9142102686.0,수익(매출액),영업이익(손실),제 65 기,제 64 기
00165343,혜인,003010,2025,별도재무제표,241713123892.0,248825923748.0,17552440394.0,14157545456.0,매출,영업이익,제 66 기,제 65 기
00226316,호전실업,111110,2023,연결재무제표,441548776508.0,479999576039.0,35118432806.0,40584324713.0,매출액,영업이익,제 39 기,제 38 기
00226316,호전실업,111110,2024,연결재무제표,463972606649.0,441548776508.0,29520188293.0,35118432806.0,매출액,영업이익,제 40 기,제 39 기
00226316,호전실업,111110,2025,연결재무제표,520877825230.0,463972606649.0,25021864468.0,29520188293.0,수익(매출액),영업이익(손실),제 41 기,제 40 기
00165680,호텔신라,008770,2023,연결재무제표,3568466181329.0,4922008727369.0,91230447816.0,78346330937.0,매출액,영업손익,제 51 기,제 50 기
00165680,호텔신라,008770,2024,연결재무제표,3947552203343.0,3568466181329.0,-5184329302.0,91230447816.0,매출액,영업손익,제 52 기,제 51 기
00165680,호텔신라,008770,2025,연결재무제표,4068306491409.0,3947552203343.0,13512516028.0,-5184329302.0,매출액,영업손익,제 53 기,제 52 기
00385336,홈캐스트,064240,2023,연결재무제표,63698211791.0,73304174993.0,-10191709757.0,380169404.0,수익(매출액),영업이익(손실),제 24 기,제 23 기
00385336,홈캐스트,064240,2024,연결재무제표,97870083490.0,63698211791.0,-2437573232.0,-10191709757.0,수익(매출액),영업이익(손실),제 25 기,제 24 기
00385336,홈캐스트,064240,2025,연결재무제표,97996130553.0,61489142717.0,-2875702947.0,1380415490.0,수익(매출액),영업이익(손실),제 26 기,제 25 기
00217743,화성밸브,039610,2023,연결재무제표,91550544835.0,85525543688.0,10029597192.0,3702458229.0,수익(매출액),영업이익(손실),제 37 기,제 36 기
00217743,화성밸브,039610,2024,연결재무제표,91263944666.0,91550544835.0,7963490108.0,10029597192.0,수익(매출액),영업이익(손실),제 38 기,제 37 기
00217743,화성밸브,039610,2025,연결재무제표,81448684458.0,91263944666.0,-1648107800.0,7963490108.0,수익(매출액),영업이익(손실),제 39 기,제 38 기
01532603,화승알앤에이,378850,2023,연결재무제표,680651664943.0,657927523502.0,31781405221.0,15504096093.0,매출,영업이익,제 3 기,제 2 기
01532603,화승알앤에이,378850,2024,연결재무제표,707130551871.0,680651664943.0,31346348764.0,31781405221.0,매출,영업이익,제 4 기,제 3 기
01532603,화승알앤에이,378850,2025,연결재무제표,714559988805.0,707130551871.0,27082334913.0,31346348764.0,매출,영업이익,제 5 기,제 4 기
01128613,화승엔터프라이즈,241590,2023,연결재무제표,1213831937248.0,1654029582447.0,12961781973.0,52800968970.0,매출액,영업이익(손실),제 9 기,제 8 기
01128613,화승엔터프라이즈,241590,2024,연결재무제표,1609616611391.0,1213831937248.0,82566443170.0,12961781973.0,매출액,영업이익(손실),제 10 기,제 9 기
01128613,화승엔터프라이즈,241590,2025,연결재무제표,1564379181881.0,1609616611391.0,35691758682.0,82566443170.0,매출액,영업이익(손실),제 11 기,제 10 기
00166227,화승인더스트리,006060,2023,연결재무제표,1466551191174.0,1912955609700.0,24745436322.0,73297899437.0,매출액,영업이익,제 55 기,제 54 기
00166227,화승인더스트리,006060,2024,연결재무제표,1867733844525.0,1466551191174.0,118225154489.0,24745436322.0,매출액,영업이익,제 56 기,제 55 기
00166227,화승인더스트리,006060,2025,연결재무제표,1781041307923.0,1867733844525.0,76579804544.0,118225154489.0,영업수익,영업이익(손실),제 57 기,제 56 기
00166272,화승코퍼레이션,013520,2023,연결재무제표,1634051514116.0,1585375917789.0,78207488155.0,43168338185.0,매출액,영업이익,제 46 기,제 45 기
00166272,화승코퍼레이션,013520,2024,연결재무제표,1698396367637.0,1634051514116.0,88714989487.0,78207488155.0,매출액,영업이익,제 47 기,제 46 기
00166272,화승코퍼레이션,013520,2025,연결재무제표,1639776710595.0,1564334416443.0,83064262116.0,85786260610.0,매출,영업이익,제 48 기,제 47 기
00166315,화신,010690,2023,연결재무제표,1802759833241.0,1690271415164.0,83728814908.0,87362958755.0,매출액,영업이익,제 49 기,제 48 기
00166315,화신,010690,2024,연결재무제표,1712315816922.0,1802759833241.0,65310768287.0,83728814908.0,영업수익,영업이익,제 50 기,제 49 기
00166315,화신,010690,2025,연결재무제표,1962483716837.0,1712315816922.0,102447956813.0,65310768287.0,매출액,영업이익,제 51 기,제 50 기
00825223,화신정공,126640,2023,별도재무제표,359878250345.0,317941978708.0,8707274170.0,9295111992.0,매출액,영업이익(손실),제 14 기,제 13 기
00825223,화신정공,126640,2024,별도재무제표,321956980467.0,359878250345.0,1340851683.0,8707274170.0,매출액,영업이익,제 15 기,제 14 기
00825223,화신정공,126640,2025,별도재무제표,378937475942.0,321956980467.0,11781968219.0,1340851683.0,수익(매출액),영업이익(손실),제 16 기,제 15 기
00661847,화인베스틸,133820,2023,연결재무제표,132197701719.0,139604226438.0,-19776770069.0,719072177.0,수익(매출액),영업이익(손실),제 17 기,제 16 기
00661847,화인베스틸,133820,2024,연결재무제표,119171936760.0,132197701719.0,-19138025747.0,-19776770069.0,수익(매출액),영업이익(손실),제 18 기,제 17 기
00661847,화인베스틸,133820,2025,연결재무제표,186171163411.0,119171936760.0,-1670508010.0,-19138025747.0,수익(매출액),영업이익(손실),제 19 기,제 18 기
00527002,화인써키트,127980,2023,연결재무제표,69222343617.0,64370929731.0,4317041782.0,4116471652.0,매출액,영업이익,제 33 기,제 32 기
00527002,화인써키트,127980,2024,연결재무제표,85921268349.0,69222343617.0,4514922845.0,4317041782.0,매출액,영업이익,제 34 기,제 33 기
00527002,화인써키트,127980,2025,연결재무제표,81789735978.0,85921268349.0,-1485021320.0,4514922845.0,매출액,영업이익(손실),제 35 기,제 34 기
00188973,화일약품,061250,2023,별도재무제표,122541219912.0,132052748929.0,2047403532.0,4772215632.0,매출액,영업이익,제 43 기,제 42 기
00188973,화일약품,061250,2024,별도재무제표,119764041995.0,122541219912.0,755138695.0,2047403532.0,매출액,영업이익,제 44 기,제 43 기
00188973,화일약품,061250,2025,별도재무제표,100817433496.0,119764041995.0,-2279702034.0,755138695.0,매출액,영업이익(손실),제 45 기,제 44 기
00166500,화천기계,010660,2023,별도재무제표,161884346555.0,189747949366.0,-3037689781.0,1282311469.0,매출액,영업이익(손실),제 49 기,제 48 기
00166500,화천기계,010660,2024,별도재무제표,232386971461.0,161884346555.0,2033399231.0,-3037689781.0,매출액,영업이익(손실),제 50 기,제 49 기
00166500,화천기계,010660,2025,별도재무제표,214513614009.0,232386971461.0,227700030.0,2033399231.0,매출액,영업이익(손실),제 51 기,제 50 기
00166519,화천기공,000850,2023,연결재무제표,225720429438.0,244093710786.0,4560057509.0,8182884639.0,수익(매출액),영업이익(손실),제 47 기,제 46 기
00166519,화천기공,000850,2024,연결재무제표,222200718833.0,225720429438.0,-741138094.0,4560057509.0,수익(매출액),영업이익(손실),제 48 기,제 47 기
00166519,화천기공,000850,2025,연결재무제표,221755533963.0,222200718833.0,4216907667.0,-741138094.0,매출액,영업이익(손실),제 49 기,제 48 기
00166573,환인제약,016580,2023,연결재무제표,230393578986.0,198934734394.0,30170287865.0,29810419721.0,매출액,영업이익(손실),제 42 기,제 41 기
00166573,환인제약,016580,2024,연결재무제표,259596031749.0,230393578986.0,21495286106.0,30170287865.0,매출액,영업이익(손실),제 43 기,제 42 기
00166573,환인제약,016580,2025,연결재무제표,255214382356.0,259596031749.0,13018531799.0,21495286106.0,수익(매출액),영업이익(손실),제 44 기,제 43 기
00218575,황금에스티,032560,2023,연결재무제표,355142901174.0,333445663904.0,29280143234.0,46505927767.0,매출액,영업이익,제 38 기,제 37 기
00218575,황금에스티,032560,2024,연결재무제표,321091393225.0,355142901174.0,19372382177.0,29280143234.0,매출액,영업이익,제 39 기,제 38 기
00218575,황금에스티,032560,2025,연결재무제표,316529005034.0,321091393225.0,17988514289.0,19372382177.0,수익(매출액),영업이익,제 40 기,제 39 기
00117188,효성,004800,2023,연결재무제표,3436688023238.0,3719325523137.0,94366525424.0,64887143335.0,수익(매출액),영업이익(손실),제 69 기,제 68 기
00117188,효성,004800,2024,연결재무제표,2272756398560.0,1847206700030.0,221133379310.0,57657827604.0,매출액 및 지분법손익,영업이익(손실),제 70 기,제 69 기
00117188,효성,004800,2025,연결재무제표,2431708714737.0,2272756398560.0,393021437826.0,221133379310.0,매출액 및 지분법손익,영업이익(손실),제 71 기,제 70 기
00414850,효성 ITX,094280,2023,연결재무제표,503774955158.0,511266620347.0,19190293316.0,22323153949.0,매출액,영업이익(손실),제 27 기,제 26 기
00414850,효성 ITX,094280,2024,연결재무제표,506354423294.0,503774955158.0,18749635222.0,19190293316.0,매출액,영업이익,제 28 기,제 27 기
00414850,효성 ITX,094280,2025,연결재무제표,519013909878.0,506354423294.0,18958791370.0,18749635222.0,매출액,영업이익,제 29 기,제 28 기
00367385,효성오앤비,097870,2023,연결재무제표,29660837674.0,34026098710.0,719539173.0,4251941940.0,매출액,영업이익(손실),제 40 기,제 39 기
00367385,효성오앤비,097870,2024,연결재무제표,28058111140.0,29660837674.0,4257502727.0,719539173.0,매출액,영업이익(손실),제 41 기,제 40 기
00367385,효성오앤비,097870,2025,연결재무제표,24387108990.0,28058111140.0,3468755895.0,4257502727.0,매출액,영업이익(손실),제 42 기,제 41 기
01316245,효성중공업,298040,2023,연결재무제표,4300571503251.0,3510143917637.0,257836947601.0,143248629974.0,수익(매출액),영업이익,제 6 기,제 5 기
01316245,효성중공업,298040,2024,연결재무제표,4894979612220.0,4300571503251.0,362479487133.0,257836947601.0,매출액,영업이익,제 7 기,제 6 기
01316245,효성중공업,298040,2025,연결재무제표,5968511616609.0,4894979612220.0,746968417289.0,362479487133.0,영업수익,영업이익,제 8 기,제 7 기
01316227,효성티앤씨,298020,2023,연결재무제표,7526918824216.0,8882729665188.0,213392972311.0,123593507716.0,매출액,영업이익,제 6 기,제 5 기
01316227,효성티앤씨,298020,2024,연결재무제표,7776065076844.0,7526918824216.0,270728036762.0,213392972311.0,매출액,영업이익,제 7 기,제 6 기
01316227,효성티앤씨,298020,2025,연결재무제표,7694843720869.0,7776065076844.0,251502878527.0,270728036762.0,매출액,영업이익,제 8 기,제 7 기
01316236,효성화학,298000,2023,연결재무제표,2791629366532.0,2878558180595.0,-188836196768.0,-336727239866.0,매출액,영업이익(손실),제 6 기,제 5 기
01316236,효성화학,298000,2024,연결재무제표,2838188216213.0,2623269440969.0,-170490593038.0,-213706982838.0,매출액,영업손실,제 7 기,제 6 기
01316236,효성화학,298000,2025,연결재무제표,2340718244068.0,2452219662527.0,-160500285509.0,-174809792890.0,매출액,영업손실,제 8 기,제 7 기
00595191,후성,093370,2023,연결재무제표,523191899192.0,610564329261.0,-46105756733.0,105370138192.0,수익(매출액),영업이익(손실),제 18 기,제 17 기
00595191,후성,093370,2024,연결재무제표,437795018982.0,523191899192.0,-9575604806.0,-46105756733.0,수익(매출액),영업이익(손실),제 19 기,제 18 기
00595191,후성,093370,2025,연결재무제표,471564293544.0,437795018982.0,25349847519.0,-9575604806.0,매출액,영업이익(손실),제 20 기,제 19 기
01251577,휴네시온,290270,2023,연결재무제표,36140422011.0,30423152330.0,4662572734.0,3418605715.0,매출액,영업이익(손실),제 21 기,제 20 기
01251577,휴네시온,290270,2024,연결재무제표,36892798614.0,36140422011.0,3153709902.0,4662572734.0,매출액,영업이익(손실),제 22 기,제 21 기
01251577,휴네시온,290270,2025,연결재무제표,37730120046.0,36892798614.0,4802475204.0,3153709902.0,매출액,영업이익(손실),제 23 기,제 22 기
00111421,휴니드테크놀러지스,005870,2023,별도재무제표,228843875014.0,222470897615.0,17360970116.0,12661325441.0,매출액,영업이익(손실),제 55 기,제 54 기
00111421,휴니드테크놀러지스,005870,2024,별도재무제표,230800588043.0,228843875014.0,9134041295.0,17360970116.0,매출액,영업이익(손실),제 56 기,제 55 기
00111421,휴니드테크놀러지스,005870,2025,별도재무제표,137185901827.0,230800588043.0,-12032815348.0,9134041295.0,매출액,영업이익,제 57 기,제 56 기
01453670,휴럼,353190,2023,연결재무제표,88406989389.0,66911197596.0,3755250074.0,-1697369589.0,수익(매출액),영업이익(손실),제 4 기,제 3 기
01453670,휴럼,353190,2024,연결재무제표,98165792130.0,88406989389.0,1049712404.0,3755250074.0,수익(매출액),영업이익(손실),제 5 기,제 4 기
01453670,휴럼,353190,2025,연결재무제표,99011416963.0,98165792130.0,1874979920.0,1049712404.0,수익(매출액),영업이익,제 6 기,제 5 기
00540429,휴림로봇,090710,2023,연결재무제표,82665225759.0,55474362631.0,-1862126821.0,-7468016309.0,영업수익,영업이익(손실),제 25 기,제 24 기
00540429,휴림로봇,090710,2024,연결재무제표,133097920524.0,82665225759.0,-4938399556.0,-1862126821.0,수익(매출액),영업이익(손실),제 26 기,제 25 기
00540429,휴림로봇,090710,2025,연결재무제표,168304789069.0,133097920524.0,-17322068508.0,-4938399556.0,수익(매출액),영업이익(손실),제 27 기,제 26 기
00230814,휴림에이텍,078590,2023,별도재무제표,63663274097.0,43538763389.0,4814018015.0,2588627982.0,매출액,영업이익(손실),제 31 기,제 30 기
00230814,휴림에이텍,078590,2024,별도재무제표,70316959871.0,63663274097.0,3982320002.0,4814018015.0,매출액,영업이익(손실),제 32 기,제 31 기
00230814,휴림에이텍,078590,2025,별도재무제표,64375014019.0,70316959871.0,247792790.0,3982320002.0,매출액,영업이익(손실),제 33 기,제 32 기
01042979,휴마시스,205470,2023,연결재무제표,13827303630.0,471272761022.0,-52354977793.0,214721743052.0,수익(매출액),영업이익(손실),제 10 기,제 9 기
01042979,휴마시스,205470,2024,연결재무제표,25413315020.0,13827303630.0,-10558581287.0,-52354977793.0,수익(매출액),영업이익(손실),제 11 기,제 10 기
01042979,휴마시스,205470,2025,연결재무제표,30113048982.0,25413315020.0,-10553041476.0,-10558581287.0,수익(매출액),영업이익(손실),제 12 기,제 11 기
00787057,휴맥스,115160,2023,연결재무제표,652633704041.0,689475252984.0,11209323507.0,-5263657510.0,매출액,영업이익(손실),제 15 기,제 14 기
00787057,휴맥스,115160,2024,연결재무제표,535558902576.0,646403814476.0,6200491083.0,17485088107.0,수익(매출액),영업이익(손실),제 16 기,제 15 기
00787057,휴맥스,115160,2025,연결재무제표,394166017109.0,535558902576.0,-29217102354.0,6200491083.0,수익(매출액),영업이익(손실),제 17 기,제 16 기
00219440,휴맥스홀딩스,028080,2023,연결재무제표,659801361563.0,697380534227.0,11771026795.0,-4099794705.0,영업수익,영업이익(손실),제 35 기,제 34 기
00219440,휴맥스홀딩스,028080,2024,연결재무제표,542662558111.0,653571471998.0,5985566488.0,17943324525.0,영업수익,영업이익(손실),제 36 기,제 35 기
00219440,휴맥스홀딩스,028080,2025,연결재무제표,400728418302.0,542662558111.0,-28659370717.0,5985566488.0,영업수익,영업이익(손실),제 37 기,제 36 기
00614478,휴메딕스,200670,2023,별도재무제표,152273808567.0,123172789865.0,37310070521.0,26043261960.0,수익(매출액),영업이익(손실),제 21 기,제 20 기
00614478,휴메딕스,200670,2024,별도재무제표,161872958430.0,152273808567.0,43141324184.0,37310070521.0,수익(매출액),영업이익(손실),제 22 기,제 21 기
00614478,휴메딕스,200670,2025,별도재무제표,170052787103.0,161872958430.0,42329364682.0,43141324184.0,매출액,영업이익,제 23 기,제 22 기
00362238,휴비스,079980,2023,연결재무제표,927679169915.0,1021725981973.0,-71628570854.0,-83009289041.0,수익(매출액),영업이익(손실),제 24 기,제 23 기
00362238,휴비스,079980,2024,연결재무제표,939427591658.0,927679169915.0,-38254879526.0,-71628570854.0,수익(매출액),영업이익(손실),제 25 기,제 24 기
00362238,휴비스,079980,2025,연결재무제표,889528441553.0,939427591658.0,19761816163.0,-38254879526.0,수익(매출액),영업이익(손실),제 26 기,제 25 기
00398668,휴비츠,065510,2023,연결재무제표,117736981654.0,108781729913.0,16380287595.0,20094166561.0,매출액,영업이익,제 25 기,제 24 기
00398668,휴비츠,065510,2024,연결재무제표,117875139902.0,117736981654.0,13333966220.0,16380287595.0,매출액,영업이익,제 26 기,제 25 기
00398668,휴비츠,065510,2025,연결재무제표,118043310694.0,117875139902.0,5553331465.0,13333966220.0,수익(매출액),영업이익(손실),제 27 기,제 26 기
00263140,휴스토리,046400,2023,연결재무제표,2832983379.0,2174350664.0,-1325499036.0,-1168885189.0,수익(매출액),영업이익(손실),제 26 기,제 25 기
00263140,휴스토리,046400,2024,연결재무제표,921174748.0,2832983379.0,-999617762.0,-1325499036.0,수익(매출액),영업이익(손실),제 27 기,제 26 기
00263140,휴스토리,046400,2025,연결재무제표,1559208657.0,921174748.0,-586657623.0,-999617762.0,수익(매출액),영업이익(손실),제 28 기,제 27 기
00156488,휴스틸,005010,2023,연결재무제표,764841700033.0,1030923466708.0,123214733009.0,289220357862.0,수익(매출액),영업이익(손실),제 57 기,제 56 기
00156488,휴스틸,005010,2024,연결재무제표,723068271123.0,764841700033.0,17080221750.0,123214733009.0,수익(매출액),영업이익(손실),제 58 기,제 57 기
00156488,휴스틸,005010,2025,연결재무제표,612490282785.0,723068271123.0,3489813746.0,17080221750.0,수익(매출액),영업이익(손실),제 59 기,제 58 기
01185566,휴엠앤씨,263920,2023,연결재무제표,48425321550.0,35630099179.0,4841527449.0,1766381436.0,매출액,영업이익(손실),제 22 기,제 21 기
01185566,휴엠앤씨,263920,2024,연결재무제표,47228709530.0,48425321550.0,4946737259.0,4841527449.0,매출액,영업이익,제 23 기,제 22 기
01185566,휴엠앤씨,263920,2025,연결재무제표,52307212214.0,47228709530.0,2482783901.0,4946737259.0,매출액,영업이익,제 24 기,제 23 기
01159853,휴온스,243070,2023,연결재무제표,552006502264.0,492386810765.0,56002319215.0,40866895874.0,매출액,영업이익,제 8 기,제 7 기
01159853,휴온스,243070,2024,연결재무제표,590231059719.0,552006502264.0,39695088137.0,56002319215.0,매출액,영업이익,제 9 기,제 8 기
01159853,휴온스,243070,2025,연결재무제표,620768254716.0,590231059719.0,45599954135.0,39695088137.0,매출액,영업이익,제 10 기,제 9 기
00228059,휴온스글로벌,084110,2023,연결재무제표,758379660587.0,664364718200.0,113949992836.0,86475529116.0,영업수익,영업이익,제 37 기,제 36 기
00228059,휴온스글로벌,084110,2024,연결재무제표,813460515145.0,758379660587.0,96990827338.0,113949992836.0,영업수익,영업이익,제 38 기,제 37 기
00228059,휴온스글로벌,084110,2025,연결재무제표,847453173652.0,813460515145.0,90552351280.0,96990827338.0,영업수익,영업이익(손실),제 39 기,제 38 기
00888347,휴젤,145020,2023,연결재무제표,319699941151.0,281675135067.0,117781785955.0,101378493271.0,매출액,영업이익,제 23 기,제 22 기
00888347,휴젤,145020,2024,연결재무제표,373046885998.0,319699941151.0,166229170618.0,117781785955.0,수익(매출액),영업이익,제 24 기,제 23 기
00888347,휴젤,145020,2025,연결재무제표,425109983561.0,373046885998.0,200851332915.0,166229170618.0,수익(매출액),영업이익,제 25 기,제 24 기
00167004,흥구석유,024060,2023,별도재무제표,126695388352.0,146717690495.0,86981150.0,1360244467.0,수익(매출액),영업이익(손실),제 57 기,제 56 기
00167004,흥구석유,024060,2024,별도재무제표,116852401318.0,126695388352.0,-282773388.0,86981150.0,수익(매출액),영업이익(손실),제 58 기,제 57 기
00167004,흥구석유,024060,2025,별도재무제표,107851699478.0,116852401318.0,-994855488.0,-282773388.0,수익(매출액),영업이익(손실),제 59 기,제 58 기
00167031,흥국,010240,2023,연결재무제표,149383250987.0,134555280289.0,15801950015.0,11212790775.0,매출액,영업이익(손실),제 50 기,제 49 기
00167031,흥국,010240,2024,연결재무제표,128710756347.0,149383250987.0,8787500672.0,15801950015.0,매출액,영업이익(손실),제 51 기,제 50 기
00167031,흥국,010240,2025,연결재무제표,137023822812.0,128710756347.0,14897684207.0,8787500672.0,매출액,영업이익(손실),제 52 기,제 51 기
00916516,흥국에프엔비,189980,2023,연결재무제표,101121012105.0,97251566947.0,10258667370.0,10482425626.0,수익(매출액),영업이익(손실),제 16 기,제 15 기
00916516,흥국에프엔비,189980,2024,연결재무제표,102624064718.0,101121012105.0,10742388621.0,10258667370.0,수익(매출액),영업이익,제 17 기,제 16 기
00916516,흥국에프엔비,189980,2025,연결재무제표,99378439543.0,102624064718.0,8532024436.0,10742388621.0,수익(매출액),영업이익,제 18 기,제 17 기
00103176,흥국화재,000540,2023,별도재무제표,717315000000.0,563644000000.0,407770000000.0,263274000000.0,투자영업수익,영업이익,제 78 기,제 77 기
00103176,흥국화재,000540,2024,별도재무제표,88179000000.0,99212000000.0,148779000000.0,381025000000.0,배당수익(매출액),영업이익,제 79 기,제 78 기
00103176,흥국화재,000540,2025,별도재무제표,716360000000.0,754363000000.0,187504000000.0,148779000000.0,투자영업수익,영업이익,제 80 기,제 79 기
00167208,흥아해운,003280,2023,연결재무제표,164811542047.0,177860078064.0,24563227868.0,29679321670.0,매출액,영업이익(손실),제 63 기,제 62 기
00167208,흥아해운,003280,2024,연결재무제표,188000981753.0,164811542047.0,27541001667.0,24563227868.0,매출액,영업이익(손실),제 64 기,제 63 기
00167208,흥아해운,003280,2025,연결재무제표,180812754057.0,188000981753.0,11275759234.0,27541001667.0,매출액,영업이익,제 65 기,제 64 기
00236863,희림,037440,2023,연결재무제표,228652275391.0,221067225133.0,7376354550.0,10127169151.0,매출액,영업이익(손실),제 34 기,제 33 기
00236863,희림,037440,2024,연결재무제표,240961112012.0,228652275391.0,15279029083.0,7376354550.0,매출액,영업이익(손실),제 35 기,제 34 기
00236863,희림,037440,2025,연결재무제표,231872921949.0,240961112012.0,9141380776.0,15279029083.0,매출액,영업이익,제 36 기,제 35 기
00556712,힘스,238490,2023,연결재무제표,50101822416.0,31540183653.0,5685407130.0,-13275484597.0,매출액,영업이익(손실),제 25 기,제 24 기
00556712,힘스,238490,2024,연결재무제표,61263780643.0,50101822416.0,168690245.0,5685407130.0,매출액,영업이익(손실),제 26 기,제 25 기
00556712,힘스,238490,2025,별도재무제표,59259188126.0,61263780643.0,-7530927546.0,168690245.0,매출액,영업이익(손실),제 27 기,제 26 기
